WT_cPRC,WT_cPRC,WT_cPRC,WT_cPRC,WT_cPRC,WT_cPRC,WT_cPRC,WT_cPRC,NOS23_cPRC,NOS23_cPRC,NOS23_cPRC,NOS23_cPRC,NOS23_cPRC,NOS23_cPRC,NOS23_cPRC,NOS23_cPRC,NOS23_cPRC,NOS23_cPRC,NOS23_cPRC,NOS23_cPRC,NOS23_cPRC,NOS23_cPRC,NOS23_cPRC
1.704011747,2.094220878,1.702428927,1.499917709,1.900649087,2.054941104,1.796318969,2.270476151,1.307684711,1.656047454,1.312148947,1.741700701,2.041069206,1.81304592,2.417443378,2.01272347,1.634919112,1.646987431,1.723260249,1.383006014,1.90594268,1.581684915,1.40233407
1.581614689,1.89562695,1.556463486,1.404067408,1.794219715,1.947287842,1.728864567,2.14046786,1.28240187,1.590364583,1.268719441,1.68687259,1.913699554,1.673160828,2.148059242,1.92564558,1.542137759,1.588964543,1.63939272,1.319171678,1.792788655,1.509101927,1.354017327
1.480421288,1.739117422,1.478606403,1.329131256,1.707512463,1.852353108,1.64361722,2.061593753,1.261738854,1.537808642,1.229502566,1.635308253,1.803225101,1.564292194,1.950006021,1.841612923,1.458665659,1.522212851,1.573014374,1.267698971,1.690395418,1.463687754,1.31318157
1.409224779,1.615675224,1.420392448,1.360097952,1.625200162,1.772154677,1.600620322,1.944317029,1.24638699,1.48197338,1.213359195,1.579321056,1.724288986,1.481368526,1.838891563,1.769813698,1.441380066,1.446526649,1.516902037,1.227407497,1.610962478,1.412695382,1.284225715
1.341911629,1.489527332,1.383019558,1.277377173,1.54391764,1.686587081,1.546656935,1.852670717,1.228741674,1.432532793,1.185426516,1.540634412,1.652660186,1.402851095,1.731244066,1.703194869,1.417710888,1.384561057,1.478070259,1.207266407,1.530416981,1.371132823,1.246135893
1.28248103,1.405944933,1.344544418,1.19835786,1.478206158,1.612575678,1.507992703,1.775516126,1.214783439,1.40861304,1.161635754,1.49597337,1.576365727,1.347375697,1.661953003,1.620999851,1.370078841,1.318323631,1.438230173,1.18408603,1.444091095,1.336692427,1.215970628
1.225740597,1.35567118,1.307215372,1.14039184,1.42885726,1.542305287,1.452816685,1.706459294,1.204945736,1.379533179,1.136521599,1.46317637,1.534716877,1.293127133,1.61889364,1.554319767,1.337509064,1.255199227,1.413659301,1.159372066,1.384993745,1.312960181,1.193437423
1.190245911,1.315347276,1.269751609,1.092128729,1.37349258,1.486430434,1.413147244,1.628791261,1.188710509,1.347453704,1.121034873,1.438908112,1.500508376,1.251648019,1.580577756,1.5101639,1.341111383,1.206529118,1.370424992,1.142418976,1.349894214,1.284961276,1.171671506
1.145011171,1.280758929,1.237963808,1.037625854,1.342427442,1.434496009,1.373535972,1.554286261,1.176272098,1.314708719,1.116337334,1.404448555,1.472219847,1.241003931,1.5689255,1.463811616,1.356255098,1.155006548,1.345055986,1.132213661,1.290162945,1.26505574,1.148891256
1.107699748,1.248987545,1.216436346,0.994692068,1.309257284,1.384727565,1.335260839,1.490050774,1.166094218,1.294955633,1.120489352,1.370421195,1.429649268,1.229703227,1.529102209,1.429614008,1.344406405,1.10536962,1.323992254,1.117983846,1.265679308,1.243979779,1.12929184
1.080874065,1.201514659,1.203464633,0.951742345,1.269063186,1.344322553,1.292771294,1.428889002,1.15512625,1.263001543,1.115458439,1.346436658,1.397046666,1.228554149,1.536872164,1.405978456,1.342760363,1.074609672,1.288587221,1.113318028,1.239497881,1.225169961,1.105456024
1.052441123,1.175633617,1.190672593,0.921100522,1.229299202,1.314641326,1.266610168,1.370593087,1.145732972,1.237683256,1.111407443,1.328689805,1.371352281,1.216052529,1.526547139,1.388118344,1.370493564,1.07105781,1.249701911,1.099924715,1.227354838,1.20904133,1.093259314
1.024567498,1.15824171,1.183978959,0.893004537,1.211907104,1.283978689,1.242611379,1.319364673,1.136844473,1.219338349,1.091920233,1.315672194,1.325037772,1.192854983,1.525835056,1.358917367,1.377851044,1.071188091,1.228321716,1.095742209,1.215718385,1.187002465,1.084826193
1.002540082,1.146278325,1.168359047,0.863423884,1.19458453,1.256157269,1.210763322,1.260886623,1.119358272,1.194261188,1.089273447,1.288825206,1.309121317,1.177364033,1.50661217,1.341529792,1.400671719,1.064536921,1.202122634,1.098335363,1.181522151,1.192273531,1.070579781
0.982515469,1.140819253,1.14142676,0.849719521,1.170118368,1.242143185,1.185746376,1.213281399,1.114420217,1.156520062,1.088000566,1.259309376,1.339794939,1.171514968,1.505261025,1.315059023,1.40501758,1.062589568,1.177295034,1.105910346,1.168385137,1.162132997,1.053241624
0.966180007,1.142962785,1.125037058,0.828402285,1.163951593,1.218407689,1.166024636,1.179850708,1.115188359,1.137143133,1.078171091,1.246860338,1.31384399,1.177286276,1.523012667,1.294153679,1.410330367,1.057371485,1.161214273,1.098837263,1.148670233,1.13551204,1.038292309
0.945195292,1.145502567,1.103702821,0.81262603,1.144258242,1.190057047,1.140411995,1.145965506,1.106146232,1.118923611,1.059330424,1.233765215,1.304151582,1.183990669,1.484694376,1.289900855,1.40273637,1.051529426,1.136213013,1.092424088,1.130118296,1.111505865,1.03346846
0.945425737,1.15775858,1.097864591,0.833740068,1.152606089,1.171752206,1.126777431,1.127560971,1.095831184,1.099903549,1.059562775,1.227634727,1.257057879,1.191127047,1.460427365,1.297951469,1.385124043,1.046784468,1.117619776,1.089877406,1.119857281,1.094323021,1.027321698
0.927934031,1.169235507,1.094983174,0.79476636,1.171010917,1.164778599,1.100433015,1.104441414,1.0834641,1.099787809,1.050107084,1.221245905,1.227876127,1.192371161,1.424645634,1.30675464,1.362722167,1.044425702,1.101490872,1.095426197,1.110547886,1.088122256,1.024179174
0.923826996,1.184416425,1.086116515,0.782080627,1.168521823,1.143476524,1.076350199,1.072229011,1.089548881,1.090277778,1.043318382,1.202574699,1.200129232,1.193511599,1.419557053,1.301889269,1.324086674,1.040537853,1.082797626,1.096894722,1.106938471,1.067137604,1.042268851
0.922660217,1.189859899,1.076125759,0.772124132,1.170071885,1.125637501,1.059542348,1.038792672,1.077434187,1.087586806,1.045247909,1.20974269,1.181314557,1.18396475,1.42450922,1.298712777,1.297937743,1.036300304,1.062801394,1.093966967,1.079371822,1.043554773,1.031315879
0.909925299,1.179096142,1.073793726,0.763515982,1.171950261,1.111843714,1.037564074,1.01628625,1.079519143,1.089091435,1.042500101,1.193810849,1.185258037,1.188180915,1.419655058,1.2931211,1.263803749,1.033214709,1.059067412,1.097089905,1.08840025,1.026388531,1.02179753
0.89775891,1.188490735,1.065855644,0.752148927,1.170008842,1.093569837,1.017758532,1.018382927,1.078098081,1.098013117,1.035549764,1.179854655,1.156541901,1.174685732,1.392940342,1.284186669,1.228212539,1.022723688,1.054176038,1.094329451,1.075806401,1.013804381,1.015801552
0.892776054,1.195494867,1.049335077,0.74017019,1.164160124,1.076140084,0.999104337,1.013656118,1.076111885,1.090731096,1.012708611,1.167842954,1.156589412,1.160352499,1.37897899,1.280038853,1.210191795,1.02342309,1.039058387,1.09384614,1.061588072,1.011729159,1.016848946
0.881121803,1.196834525,1.044426905,0.716038329,1.164889871,1.053155699,0.983402573,0.993765401,1.07204622,1.094762731,0.994352851,1.153782073,1.132890523,1.14375567,1.35682774,1.274280914,1.190548239,1.025891565,1.048607238,1.099181158,1.042387738,1.012368327,1.015976645
0.883153055,1.199303769,1.046531571,0.705161463,1.166402507,1.03334712,0.969973405,0.97737731,1.062274358,1.094212963,0.970844951,1.144020495,1.112023338,1.133500367,1.334975692,1.274018394,1.194199103,1.031123362,1.04198342,1.113661923,1.040815993,1.011214503,1.027370421
0.876674903,1.194276712,1.048897228,0.684744063,1.17857512,1.007232957,0.961726293,0.972797953,1.059898605,1.078626543,0.97707803,1.11750506,1.09440596,1.143496479,1.314800045,1.269870578,1.195829595,1.031322211,1.033271312,1.104692772,1.03530442,1.009927865,1.013471295
0.881971263,1.186860435,1.056972544,0.674136781,1.184897416,0.988434243,0.938015463,0.964227881,1.058016658,1.070553627,0.96469269,1.107274582,1.088058383,1.133655881,1.304118631,1.262660028,1.183230913,1.035114064,1.028100611,1.105361973,1.025280297,1.014941603,1.015967786
0.877559683,1.190318291,1.071948051,0.695548782,1.181171477,0.978791535,0.920456885,0.960791368,1.053276125,1.074768519,0.965662505,1.099005271,1.065005654,1.131133094,1.304969643,1.246943829,1.162471902,1.031973615,1.034416067,1.105027372,1.022367604,1.013721372,1.016179105
0.875136349,1.183973234,1.060183534,0.639714725,1.189280958,0.970718001,0.912197764,0.963085528,1.050609575,1.061255787,0.95280236,1.084899318,1.063048167,1.117802065,1.269092423,1.233415298,1.13732991,1.01885641,1.02830842,1.097136378,1.025293932,1.008151475,1.003508239
0.87755897,1.167394242,1.063251881,0.694798081,1.187989017,0.964533125,0.898879269,0.922489241,1.058164799,1.050318287,0.953630743,1.079394228,1.042912664,1.13234265,1.251760777,1.240310824,1.162016694,1.023690508,1.019150923,1.089979645,1.024087813,1.005171455,1.003137989
0.872781671,1.166493404,1.057059788,0.704005468,1.189397588,0.954676537,0.889949846,0.917655434,1.065566395,1.052758488,0.952681133,1.072013069,1.043967426,1.128912696,1.23012956,1.23881446,1.151019443,1.018026728,1.020303004,1.08415202,1.016049144,0.988827001,0.991962335
0.86584548,1.15551734,1.050965159,0.70118692,1.176541312,0.949889595,0.877694842,0.931718488,1.050269398,1.048823302,0.962338869,1.065711664,1.048233986,1.124713811,1.204992224,1.242393483,1.137897522,1.016415362,1.01054929,1.07207852,0.985287793,0.993890544,1.002348265
0.866590965,1.141977949,1.043552245,0.699282307,1.172238572,0.948141212,0.867585663,0.928326358,1.047575415,1.04527392,0.973239181,1.047795242,1.045421287,1.112626895,1.198912311,1.252859281,1.158021413,1.017238187,1.006330807,1.062440167,0.976888793,0.981987067,1.003103714
0.869666342,1.134632706,1.042389487,0.677189237,1.168206962,0.945213518,0.849803375,0.929487802,1.055234887,1.037037037,0.979775326,1.049646361,1.043976928,1.109870837,1.1843196,1.267507897,1.148426717,1.007028298,1.002135775,1.061408482,0.96472249,0.98192066,1.000720937
0.874834298,1.115016993,1.03368991,0.680157165,1.161756271,0.942687482,0.840341268,0.94278984,1.04228621,1.04066358,0.992918334,1.036938394,1.042190484,1.126986047,1.180130231,1.267481645,1.181570317,1.006520889,1.002664428,1.04918627,0.954850039,0.975429364,1.000597757
0.885183492,1.092707163,1.031150802,0.704776152,1.154068468,0.942079595,0.831443481,0.947202408,1.038988686,1.05382909,0.990332161,1.031845284,1.060140445,1.132195775,1.180244766,1.270150599,1.161595429,1.019507813,1.006609359,1.033023208,0.965289436,0.968182686,1.011039794
0.895700431,1.081403747,1.024017097,0.706775897,1.152246476,0.940395332,0.820126999,0.932841504,1.038538775,1.054185957,0.991736372,1.024932397,1.070326976,1.132359929,1.164033216,1.263648853,1.124222971,1.014776569,1.009115207,1.042782389,0.962741286,0.973735982,1.004268724
0.888733093,1.077192982,1.017670957,0.710919988,1.139432599,0.940581038,0.821001871,0.930722604,1.035350986,1.047974537,0.994928678,1.027150738,1.062934139,1.135392458,1.170528043,1.262660028,1.131094427,1.013144632,1.009293944,1.042884628,0.96457563,0.988802098,1.007546794
0.910391685,1.084743031,1.009336872,0.721973756,1.147344649,0.946809033,0.835045649,0.944421018,1.031768153,1.035532407,1.000161636,1.028223785,1.045791879,1.134891356,1.170277897,1.252089222,1.11666524,1.012074959,1.016917348,1.029705087,0.978900876,0.99365812,1.006033153
0.919232505,1.096074712,0.999326193,0.729385393,1.146223635,0.952341149,0.841921494,0.931187489,1.02674231,1.032706404,1.016557563,1.020654659,1.021304294,1.127789537,1.161689188,1.251975463,1.128297375,1.0139606,1.017792699,1.02708405,0.980747852,0.999941894,1.011430846
0.921185992,1.110708371,0.997332322,0.791286972,1.154536097,0.965838724,0.83892219,0.925230053,1.024267796,1.026803627,1.026589082,1.017655894,1.025770404,1.128852218,1.142167046,1.251695442,1.129811149,1.015667963,1.010681783,1.02322685,0.993260772,1.001012709,1.001806534
0.914625546,1.124804359,0.975467956,0.748669661,1.179938095,0.977312624,0.834815147,0.936549961,1.027439125,1.01478588,1.046167212,1.022460299,1.016952213,1.138191715,1.147824235,1.237668122,1.119955996,1.025096168,1.008075771,1.019007166,1.000521108,0.990611693,1.010801793
0.922461835,1.117385747,0.978930975,0.828806659,1.181809767,0.98204266,0.844389541,0.9490962,1.019538237,1.015721451,1.049733301,1.025008061,1.016990222,1.137647415,1.140206957,1.229363739,1.104092301,1.017066765,1.013905564,1.020364157,0.995823239,0.98462675,1.007749386
0.930160407,1.109378896,0.972403164,0.836087244,1.180679385,0.982607827,0.840778178,0.969672305,1.017875759,1.009982639,1.051683032,1.021018181,0.999249313,1.134960473,1.133841858,1.201764135,1.105295176,1.016922771,1.006822867,1.015252205,0.992485166,0.985896787,1.016313938
0.927954439,1.096126025,0.967553723,0.850234475,1.176133663,0.981571302,0.827279169,0.996320517,1.009524959,1.008796296,1.036782236,1.010886812,1.005625398,1.134312497,1.128671375,1.191517103,1.088037979,1.01962438,1.015517105,1.009313047,0.996096986,0.973993309,1.024235517
0.919125426,1.077681178,0.970172002,0.857279006,1.166459645,0.979997267,0.83089207,1.015891899,1.00873487,1.017775849,1.018507294,1.014970095,1.010310062,1.114026524,1.118608427,1.185321631,1.091398187,1.014913706,1.010868699,1.006784954,1.003519782,0.959350538,1.020177294
0.918760216,1.072618207,0.960186059,0.874187167,1.163343804,0.969575911,0.831177927,1.054369164,1.008471507,1.029996142,1.024285772,1.016299063,1.022397066,1.108315694,1.120407012,1.182705181,1.102520547,1.011965249,1.013016025,1.000074356,1.012285973,0.967726137,1.029780171
0.932495746,1.088132785,0.959952619,0.833969931,1.181572955,0.966721423,0.841373686,1.057308441,0.970827069,1.027710262,1.010546733,1.019247709,1.016572118,1.112998402,1.114635181,1.176509709,1.087934346,1.008310534,1.018167074,1.001514997,1.0232784,0.959566361,1.030786092
0.930070275,1.102739173,0.957186884,0.842937402,1.195483206,0.966942477,0.841071391,0.983908348,0.953549364,1.032609954,1.017547582,1.027587104,1.04418598,1.115244719,1.096183813,1.163287451,1.099389508,1.007227148,1.028411026,1.00077144,1.025626031,0.949381169,1.033131878
0.940628742,1.106610764,0.958303428,0.878578099,1.205257737,0.966183594,0.843395402,1.058797447,0.946811663,1.012297454,1.002626581,1.022973738,1.044917662,1.104393278,1.118965726,1.168485347,1.123182515,1.004168981,1.033745425,0.99914491,1.025729819,0.942939677,1.036058259
0.957996168,1.124461459,0.952535334,0.905265729,1.214131328,0.971247342,0.841310337,1.057301873,0.948956973,1.02976466,0.987402513,1.022140595,1.087944354,1.10327012,1.135638998,1.15252413,1.15177787,1.003387297,1.036899006,1.00908998,1.037447001,0.930056695,1.041368919
0.956086754,1.106124306,0.94689307,0.938031117,1.224485634,0.965637835,0.836405281,1.065742357,0.964034501,1.0359375,1.005172344,1.01375431,1.096601005,1.092055812,1.141530445,1.152462875,1.186969908,1.004168981,1.041312197,1.005846214,1.038027141,0.922320265,1.034312681
0.952995295,1.107680791,0.941280134,0.963133491,1.220395421,0.960850733,0.842434664,1.08469956,0.961066181,1.022202932,0.982947428,1.024265344,1.085169665,1.096686682,1.133290209,1.148708839,1.197894104,0.997819513,1.046072202,1.001477819,1.035515566,0.917289925,1.02316885
0.944292141,1.083287286,0.938030337,0.971091282,1.221680081,0.969625366,0.845473786,1.093160118,0.984313446,1.038898534,0.97495656,1.039175541,1.087830326,1.085282302,1.143654392,1.16551012,1.237370373,1.002338195,1.052674971,0.997183779,1.016756935,0.917995501,1.024449525
0.925244831,1.07641315,0.939066154,1.027234765,1.229919022,0.968760081,0.84270322,1.084852353,0.987232385,1.055758102,0.977047723,1.038252849,1.078289955,1.087468141,1.12043499,1.16799531,1.260553622,1.000349701,1.073493914,0.997536969,1.003501936,0.919323643,1.033944488
0.918173773,1.044038575,0.948618396,0.879089375,1.230052656,0.970552579,0.850176975,1.08629495,0.977915921,1.055381944,0.977512426,1.039356613,1.088723548,1.086353622,1.13065313,1.166411439,1.279781033,1.007816839,1.08008707,0.996765529,0.996585931,0.91528111,1.030576091
0.907641872,1.05171564,0.954657256,0.834449578,1.227507533,0.966457211,0.864457935,1.092567671,0.973411318,1.04763696,0.961369055,1.040487552,1.097997852,1.094509482,1.123973367,1.165422613,1.298434575,1.000898251,1.070832858,0.995752433,0.976974655,0.920859308,1.03412699
0.907133092,1.049685315,0.953435176,1.001155934,1.235989057,0.966512604,0.866116897,1.098002334,0.989295394,1.027054398,0.940124055,1.033325923,1.100126381,1.091062249,1.132772154,1.141944573,1.324046187,1.005012377,1.077702978,0.991811583,0.98305153,0.929118694,1.020626429
0.908989932,1.019514278,0.950180713,1.019216106,1.233793912,0.961837364,0.878835306,1.114104729,0.989108846,1.024546682,0.946104578,1.030288167,1.087488241,1.074309905,1.146709916,1.140771984,1.34213956,1.009400778,1.063721787,0.991858055,0.980548577,0.928952677,1.02118514
0.897641449,1.016983636,0.963738247,1.022180786,1.238775965,0.963438338,0.879968039,1.123865282,0.993767077,1.018875386,0.964116863,1.020380653,1.093142146,1.077636183,1.160889264,1.128486047,1.331913916,1.010497878,1.061870534,1.001923953,0.986660744,0.933974715,1.02157867
0.89560521,1.006289174,0.967282956,1.020378477,1.241375696,0.968704011,0.887255313,1.119388687,0.999489734,1.014949846,0.967551622,1.025664426,1.103347682,1.083666681,1.168500015,1.117223938,1.304349156,1.023457374,1.075762375,1.00154288,1.001189316,0.926321294,1.020245765
0.892465198,0.991200998,0.965984444,1.018754235,1.241912406,0.977513035,0.886879724,1.123611323,1.00900372,1.012905093,0.970127692,1.02152297,1.105400192,1.074551816,1.154422843,1.11751271,1.282118943,1.022003716,1.063001799,1.002992815,0.993718676,0.929093792,1.023254432
0.88842697,1.001035107,0.97084492,0.988708952,1.236005928,0.987068668,0.896034771,1.104042152,1.006090268,0.994444444,0.99037257,1.02085601,1.117240134,1.05979524,1.16496811,1.118107756,1.248123095,1.023621939,1.066702329,1.010010131,1.005212761,0.928753455,1.018073727
0.875338447,1.029259321,0.970295832,0.941963489,1.219835891,0.992571813,0.895100603,1.089091502,1.000164602,0.970563272,1.0072332,1.019936264,1.124689985,1.047613288,1.1592402,1.121555519,1.211553533,1.017354754,1.059138426,1.010298259,1.015396978,0.920269945,1.027800205
0.857532576,1.051070971,0.967245629,0.955190779,1.201214096,0.994161828,0.898235349,1.128650347,1.010205313,0.96568287,1.013213723,1.01375246,1.121706244,1.034601927,1.144191865,1.129299859,1.19404152,1.010278458,1.064297266,1.004870296,1.032613942,0.90829176,1.030284304
0.84445189,1.064551548,0.956264306,0.958423999,1.189650604,0.99859593,0.894945196,1.121010044,1.023115583,0.953356481,1.024487817,1.014316707,1.133109078,1.02609184,1.137009509,1.135915364,1.156571402,1.018067869,1.050315571,1.014796777,1.041826447,0.888834472,1.046346532
0.854463356,1.063151934,0.955315066,0.948850548,1.189458012,1.002232174,0.890276384,1.135217726,1.012180535,0.936516204,1.018689134,1.0151601,1.137917272,1.015266318,1.123547594,1.132625113,1.152974061,1.017581031,1.057888002,1.015084905,1.041322102,0.885812948,1.047990259
0.850514752,1.071187,0.956142106,0.947333269,1.178207827,1.015414249,0.886669375,1.144012107,1.014545315,0.923254244,1.002283105,1.021491751,1.150764465,1.013287831,1.110809799,1.131846303,1.141399763,1.012582368,1.065147692,1.014527237,1.0479103,0.906291245,1.056676225
0.843371528,1.090058546,0.966469247,0.943661225,1.173872056,1.01765515,0.881879945,1.123162952,1.015801776,0.926475694,1.014153231,1.034836024,1.153786216,1.005935462,1.106003248,1.124521995,1.129196082,1.006925445,1.062440353,1.007974645,1.044312796,0.913546224,1.054621803
0.843339516,1.115552082,0.965949783,0.95080193,1.177054714,1.021661013,0.880571953,1.107617338,1.016904608,0.914274691,1.023982705,1.032645673,1.184687895,1.011231587,1.090094592,1.123760687,1.146558855,1.003243303,1.0755679,1.009238691,1.026747531,0.914749853,1.046091024
0.846975686,1.112004266,0.959809533,0.959047877,1.184884497,1.015631636,0.885001294,1.095506947,1.004910621,0.925559414,1.023447287,1.030638557,1.171394091,1.017599032,1.069465888,1.111107222,1.131668202,1.006637456,1.078920452,1.009759181,1.01467082,0.919033112,1.041809723
0.8432389,1.133107664,0.959081365,0.989767915,1.185503785,1.015514075,0.892313111,1.081765133,1.012229916,0.913416281,1.012041864,1.030316313,1.161758697,1.015456391,1.064650511,1.099600095,1.126974464,1.004580393,1.085323669,1.011422889,1.003970348,0.924104956,1.046518645
0.838446893,1.154744164,0.953808591,0.914954541,1.192472229,1.014883075,0.885225829,1.057263874,0.996148317,0.931317515,1.009324363,1.02942951,1.161397607,1.011801806,1.043842596,1.087165396,1.125829,1.008831657,1.078918941,1.013068008,0.995003158,0.926080568,1.047054602
0.851714357,1.173314586,0.950901548,1.057671244,1.182027221,1.020116508,0.899633373,1.040526122,0.99490283,0.927498071,0.986654948,1.02281492,1.172239802,1.014238196,1.025418082,1.074993218,1.106251009,1.001823929,1.068146646,1.015698339,0.987006638,0.91397787,1.035619828
0.855813809,1.181895967,0.950330464,1.067679718,1.173569759,1.019206988,0.920356683,1.034620005,0.993514688,0.937586806,0.980765345,1.025098048,1.167127531,1.022877878,1.019940907,1.070617885,1.094101135,1.003414724,1.065879967,1.014703832,0.986187921,0.933053317,1.035475846
0.860586375,1.198901062,0.951713998,1.06929213,1.17065539,1.018131091,0.93315653,1.020212386,0.986749553,0.948987269,0.987543945,1.020358869,1.14012182,1.016337639,1.018206357,1.061350928,1.105816755,1.00491638,1.045624913,1.020847469,0.994962412,0.944151607,1.037340991
0.849459124,1.202893311,0.950532725,1.067614621,1.155859249,1.019182878,0.934431197,1.013489882,0.992230794,0.950636574,0.976391078,1.019594745,1.132054315,1.015084885,1.024185377,1.050718867,1.099174514,0.998162357,1.043424791,1.018635388,0.982914455,0.928355012,1.038782548
0.845812317,1.205654092,0.953995966,1.055798934,1.155058823,1.017261542,0.942954408,0.992166021,0.996631149,0.959384645,1.001323393,1.027982941,1.127892281,1.000406065,1.041451384,1.050692615,1.077367746,0.99629043,1.045525059,1.019276705,0.97577423,0.93541077,1.047682838
0.852440757,1.191091467,0.955325509,1.009014179,1.14513472,1.026378535,0.95381454,0.993062764,0.983600171,0.955738812,0.969572069,1.01326886,1.117591722,1.011231587,1.05779143,1.048881227,1.071001466,0.995796735,1.04226643,1.001979719,0.987957898,0.933476662,1.048621395
0.853447374,1.168443505,0.953364744,1.021079589,1.137726882,1.033376849,0.966384485,0.995654283,0.972451141,0.958015046,0.977118439,1.015976694,1.104430951,1.018644434,1.061385925,1.065402487,1.079448279,0.996194434,1.040778815,0.999070554,0.994900252,0.946326441,1.043132214
0.870815919,1.164367705,0.940602772,1.034619922,1.122077173,1.038446694,0.978982464,0.98773872,0.972396273,0.94771412,0.958328282,1.007294714,1.100858063,1.024692211,1.067320811,1.043735835,1.074428992,0.99314998,1.029134193,0.994098019,1.003916047,0.956154695,1.045901615
0.888016923,1.157729273,0.944302194,1.038300609,1.113600576,1.044442636,0.978795833,0.969578444,0.970283883,0.946865355,0.950913242,1.018663872,1.092552999,1.033712039,1.048952682,1.04236198,1.085270746,0.992615144,1.037665432,0.990073519,1.010281429,0.952568711,1.028533797
0.90428709,1.166306282,0.961454058,1.042156788,1.0978369,1.046699,0.973959905,0.978239983,0.963782111,0.961525849,0.933012082,1.007641468,1.099185648,1.061765087,1.057503355,1.043105787,1.058081217,0.995837876,1.022025602,0.980760473,1.019537445,0.952535507,1.023014454
0.925193938,1.145458506,0.987843774,1.035019086,1.09260565,1.05550109,0.967171727,0.97517032,0.958333791,0.982436343,0.909888067,1.006872014,1.089816319,1.045850793,1.043580359,1.041460661,1.040201132,0.983817772,1.011489298,0.986290675,1.023237494,0.947380654,1.010775216
0.933724818,1.141657402,0.996304578,1.030469947,1.077749175,1.060339321,0.976000611,0.976841585,0.967107068,0.998186728,0.920586334,1.010465116,1.071220198,1.037824528,1.036497452,1.036971569,1.03932556,0.987938754,1.001723063,0.985565707,1.03467034,0.948742,1.009389501
0.91587981,1.133412017,0.983544606,1.016420054,1.063666887,1.057701065,0.966735304,0.962085286,0.964967244,0.982581019,0.934022306,0.9970291,1.080180925,1.01087736,1.018449175,1.023959327,1.040025866,0.979251092,1.011122249,0.992508667,1.046458666,0.95181333,1.010693853
0.918590945,1.108662895,0.982545375,1.021229582,1.054107058,1.055319091,0.98212389,0.967354634,0.958767242,0.968933256,0.935830606,0.995135666,1.086024877,0.982798393,0.997691867,1.016074976,1.03506399,0.983296649,1.027854232,0.992703851,1.048045409,0.962654293,1.004885729
0.917345485,1.088748891,0.99114408,1.033191768,1.04034851,1.053013192,0.98177855,0.979689272,0.967129015,0.97113233,0.935072938,0.984082545,1.089977859,0.97989546,0.999801156,1.016153732,1.015187283,0.98311837,1.023666604,0.999442333,1.04456156,0.96477102,1.003571596
0.921079371,1.087211878,1.001827752,1.087109505,1.036737824,1.048212541,0.985892161,0.984809265,0.964138748,0.974826389,0.935557845,0.982370215,1.095764798,0.970771956,0.997671592,1.014281089,1.012363587,0.978064852,1.005411111,1.000381073,1.045055156,0.985116503,0.996351681
0.915288838,1.097754984,0.991715387,1.10335848,1.028699377,1.055678905,0.990916896,0.987662845,0.982387604,0.977015818,0.959328403,0.973741989,1.078822087,0.976569182,0.973336587,1.014639866,1.003036224,0.985648558,0.999908713,0.998661598,1.045693246,0.988561373,1.004591279
0.922208438,1.098065099,0.983690728,1.099527004,1.020126307,1.052465998,1.006416905,0.991497699,0.985191322,0.983179012,0.965127086,0.961940634,1.073301215,0.98207266,0.974469416,1.018542664,0.984523625,0.989076996,0.996955654,0.98696917,1.0379959,0.986353336,1.005025703
0.931024523,1.089700744,0.977448126,1.04979651,1.009100413,1.047007965,1.011306425,1.002264571,0.985004773,0.994212963,0.966268639,0.970864618,1.045687353,0.984120264,0.960340461,1.017387576,0.987689746,0.987883899,1.002073754,0.997369668,1.025307527,0.984784467,1.003565294
0.951627538,1.070603132,0.976852231,1.048276166,1.013358623,1.047056145,1.018348523,0.990659151,1.00808195,0.998533951,0.972734069,0.955922732,1.04181039,1.002868374,0.97096565,1.012417197,0.997346735,0.990702076,1.004639413,0.989627385,1.013044574,0.987648275,0.999961058
0.952088275,1.051348997,0.983613335,1.044849923,1.007987835,1.036327139,1.01236744,0.992876945,0.998304601,1.00074267,0.967329373,0.962343744,1.029960945,1.014108601,0.969559618,1.017256316,1.001815856,0.991243769,1.024123118,0.989776097,1.006638568,1.004606994,0.999269387
0.954649122,1.032083834,0.991195183,1.059238847,1.002363319,1.025209107,1.015530032,0.994759565,0.997750442,1.006201775,0.965066473,0.962656396,1.031557342,1.012199231,0.978944667,1.006309231,0.987753178,0.98955012,1.022236823,0.99013858,1.01679359,0.996015572,0.999158468
0.956724905,1.014197919,0.997464966,1.036109494,0.99283368,1.012807037,1.017278125,1.007041717,0.99850761,1.018094136,0.953378187,0.977580636,1.026388057,1.013555661,0.986861146,0.998066103,0.98695232,0.986896509,1.022810247,0.996691173,1.003751622,0.995915962,1.002865371
0.970714596,0.999090221,0.995184775,1.019918261,0.990238832,1.012221028,1.006373147,1.001076546,0.9934269,1.01097608,0.977562937,0.973460869,1.025466328,1.011447579,0.989303768,1.001347603,0.980237451,0.992114592,1.02439698,0.997639208,1.005195917,0.98480937,0.994488276
0.981214434,1.005956309,0.991141192,1.004962709,0.999348436,1.001428021,0.999731294,0.99674108,1.004252214,1.008815586,0.982826201,0.975795526,1.017275293,1.000855329,1.000389236,1.003894047,0.992036413,0.990455228,1.017282343,1.000390367,0.998130084,0.986179017,1.002070294
1,1,1,1,1,1,1,1,1,1,1,1,1,1,1,1,1,1,1,1,1,1,1
1.019353738,0.992187573,1.00181405,0.990562628,1.004366804,1.000052444,0.997467892,0.992180631,0.999994513,1.003375772,1.005778478,1.000763247,0.975940021,0.992647631,0.995590549,1.007044287,1.003722118,1.001556511,0.98464729,1.003541188,0.991866446,0.996613237,0.988700137
1.024627552,1.088221949,1.001241781,0.974913686,1.024750123,0.997875184,0.992358754,1.068235595,0.949461752,1.104976852,1.032973694,1.093012632,1.248192176,1.218514839,1.28845611,1.217462832,0.973769007,1.11256934,1.240685124,1.012798468,1.274038526,1.199412297,1.112141326
1.15639187,1.222654121,1.020729233,1.057835581,1.29069316,1.130556231,0.98106295,1.122629375,0.929671126,1.106317515,0.995049905,1.05360029,1.328306584,1.268858266,1.365676064,1.211039842,0.942055601,1.114139565,1.278859168,0.968519672,1.265215468,1.236259951,1.051457632
1.232873694,1.271029931,1.030617785,1.117200454,1.458115679,1.225140715,0.984741527,1.15927847,0.893541024,1.079388503,0.954499535,0.999607704,1.341419843,1.278621107,1.347165369,1.155700622,0.899689741,1.074424537,1.283276817,0.926536606,1.188549925,1.229967876,0.963984058
1.276592426,1.271715432,1.047178124,1.16612986,1.54618604,1.275132802,0.977261242,1.135250077,0.861756411,1.062760417,0.888461228,0.938300313,1.360148997,1.25979524,1.303525255,1.099425081,0.865744904,1.02985484,1.263245697,0.894275543,1.111852139,1.210336269,0.882536043
1.278488658,1.249349519,1.052973546,1.311928994,1.589203895,1.298686539,0.968816691,1.165207362,0.813253739,1.056471836,0.847769427,0.897617742,1.355388314,1.233236857,1.258311293,1.048557453,0.839963951,0.988734152,1.242569481,0.869254863,1.032593008,1.18294333,0.79384246
1.266877667,1.218764052,1.050410665,1.210016075,1.594102082,1.372233518,0.9378354,1.130399082,0.750288053,1.065470679,0.814230008,0.870817894,1.376825641,1.221547367,1.268374294,0.997068526,0.790280148,0.966483588,1.220022242,0.832290805,0.974786436,1.169180453,0.721111627
1.24192506,1.189094324,1.031389279,1.317265919,1.592480763,1.360161613,0.944142421,1.131625842,0.706931932,1.065943287,0.775467733,0.854578949,1.386736604,1.217495356,1.271786421,0.956395425,0.756489576,0.948614568,1.223480347,0.797743306,0.923545563,1.155309665,0.666500529
1.236658015,1.16527495,1.015325075,1.282169538,1.580774269,1.323432816,0.934409843,1.109658214,0.66840413,1.06958912,0.755667354,0.829815556,1.411110161,1.211629012,1.256991282,0.924998031,0.747118124,0.930354706,1.209495202,0.771096095,0.864148116,1.159036765,0.611220988
1.228883968,1.138478168,1.013289508,1.281396892,1.578880622,1.294229842,0.927273585,1.114604727,0.642100758,1.046431327,0.724148382,0.794522511,1.430475973,1.204777744,1.209355775,0.877263141,0.730462578,0.917079793,1.205522361,0.75259083,0.807022505,1.147523429,0.577012292
1.211149755,1.101819658,0.996693102,1.247819444,1.568515616,1.262852477,0.920382053,1.083639097,0.601625169,1.020920139,0.696417748,0.761176685,1.453424176,1.192854983,1.184550435,0.853470077,0.719628125,0.896406311,1.190671596,0.722058536,0.762202035,1.129958745,0.550395078
1.194114002,1.078482172,0.992779051,1.205425622,1.548281515,1.245233033,0.91717664,1.060090628,0.57888817,1.022858796,0.666888916,0.747086905,1.483119055,1.184370815,1.159479594,0.850923633,0.702887909,0.888932316,1.176976749,0.706350903,0.716959835,1.124256033,0.538966368
1.165997666,1.040132808,0.982996925,1.152958228,1.533549305,1.221441027,0.908479107,1.032791222,0.554828869,1.016531636,0.658655595,0.739203403,1.460275378,1.183601883,1.124807957,0.835487456,0.687469514,0.866578899,1.165817132,0.686470058,0.682243857,1.124264334,0.513041722
1.142251993,1.007499481,0.977256456,1.11870437,1.51515522,1.201470932,0.902919135,1.019232709,0.546017184,1.02257909,0.627540712,0.721992775,1.437032603,1.175230032,1.098837315,0.818861188,0.668623592,0.858138084,1.160787296,0.667620898,0.648798886,1.102773328,0.479802062
1.119401837,0.980973123,0.963808457,1.077414625,1.486401502,1.182047952,0.897382094,0.989190219,0.533622667,1.019193673,0.61161959,0.714562688,1.454954056,1.150140395,1.077910907,0.804160067,0.652545092,0.834289868,1.149208068,0.648000297,0.624505942,1.100814317,0.457142593
1.114914681,0.963497764,0.956419686,1.041193754,1.465649559,1.158874354,0.90828422,0.996245441,0.511653809,1.001957948,0.588849153,0.695349771,1.433630757,1.132774634,1.057104436,0.775247863,0.631655995,0.812786703,1.142859624,0.63785075,0.604078756,1.10727241,0.436940173
1.095560332,0.948685279,0.949739013,1.007901827,1.438360661,1.138513042,0.925590267,0.967802883,0.495599644,0.974864969,0.572160262,0.689229125,1.423776809,1.118570997,1.020373689,0.744454265,0.621394985,0.795822791,1.129586404,0.622468422,0.593693699,1.082095809,0.421264542
1.084421071,0.922590439,0.936644952,0.97743047,1.408420266,1.111027366,0.937000008,0.969300483,0.481998047,0.950588349,0.552208348,0.673645385,1.419158661,1.095494406,1.011296616,0.71764222,0.59759335,0.781135362,1.112666614,0.612495469,0.572463035,1.071221642,0.409812893
1.08264001,0.892263524,0.936381517,0.949935317,1.374817197,1.098350802,0.943589396,0.961043547,0.464692908,0.920871914,0.539762395,0.659751189,1.428936591,1.067501836,0.981291424,0.703991179,0.572777618,0.764418297,1.097417091,0.609493359,0.559769449,1.077903859,0.399832991
1.069185106,0.879838917,0.93378279,0.923985945,1.351197767,1.068324864,0.953556304,0.966583428,0.448194318,0.908497299,0.51437548,0.645761959,1.38804793,1.05081861,0.982799312,0.68866001,0.560663394,0.748757191,1.095729535,0.604121163,0.537805247,1.061659016,0.392115692
1.061843754,0.88116864,0.937132125,0.917638726,1.316582278,1.057308533,0.950480178,0.982072811,0.451464408,0.889949846,0.498484665,0.638292411,1.379657345,1.028830619,0.980632515,0.661559194,0.540744637,0.719601753,1.088179781,0.593060758,0.521576639,1.029999419,0.371729979
1.065926411,0.86566812,0.930961658,0.911088431,1.292105549,1.034920677,0.953130201,0.974630605,0.439953253,0.864940201,0.492524346,0.624129413,1.38237502,1.019931747,0.97274824,0.644504143,0.528570206,0.694875856,1.078216668,0.580485357,0.510819179,0.991790419,0.363746995
1.060511267,0.856678966,0.927267569,0.921018078,1.264985314,1.017562536,0.950978373,0.965284292,0.432804047,0.860011574,0.477956924,0.60197813,1.342351074,0.98587412,0.961242027,0.634440876,0.530816571,0.670465376,1.084372652,0.570893476,0.498881467,0.965758826,0.347214514
1.055793309,0.855874098,0.920358195,0.952126921,1.246558465,1.006847518,0.9495325,0.952985198,0.420991122,0.846826775,0.461651917,0.586102488,1.328648669,0.96468098,0.945172401,0.61127786,0.515811334,0.651231838,1.077494936,0.555873633,0.486872571,0.956511634,0.327590051
1.043809627,0.846257264,0.917613716,0.929889497,1.230663509,0.988581133,0.947549626,0.942076153,0.405101559,0.822019676,0.457560512,0.566822276,1.314879748,0.942606592,0.941049154,0.592612687,0.510503334,0.624325455,1.05774264,0.553271184,0.466580134,0.925964356,0.320015574
1.042500449,0.840256,0.900910439,0.900757291,1.209357585,0.977021234,0.941412498,0.935839037,0.401902797,0.803231096,0.43842688,0.551911608,1.322073035,0.932454966,0.93058734,0.570429745,0.502350069,0.601128642,1.041365961,0.547369204,0.456788853,0.916642456,0.297083644
1.033591839,0.830689386,0.899799598,0.875986472,1.178982858,0.959557687,0.931091994,0.923939573,0.395966158,0.77505787,0.435527539,0.536402686,1.300265116,0.905239967,0.926502663,0.552937161,0.501289038,0.580887143,1.031500338,0.541671701,0.450294498,0.890444845,0.292177746
1.032550817,0.830768069,0.901710965,0.847273229,1.157968797,0.953671176,0.933295124,0.919903124,0.391126864,0.745437886,0.421101548,0.516677113,1.282362667,0.880997019,0.924817543,0.530430445,0.516421091,0.569936711,1.011146631,0.535174875,0.435496629,0.866330757,0.287756787
1.02543935,0.827607264,0.896573353,0.823443989,1.138439758,0.946859763,0.932689821,0.914707747,0.383714295,0.722868441,0.418565887,0.500394663,1.268945333,0.851941769,0.917843126,0.51528304,0.504387034,0.552149974,1.003112337,0.538660297,0.425429836,0.868073944,0.274270754
1.01481121,0.815974559,0.890521975,0.80833495,1.116662609,0.92993811,0.919656845,0.92155677,0.381086153,0.708989198,0.407089748,0.488486238,1.243488507,0.841116247,0.926832518,0.495760302,0.50447161,0.539903592,1.000431628,0.526289374,0.415791109,0.847628851,0.268300904
1.002828036,0.814529344,0.885008577,0.784286207,1.085161052,0.924524909,0.928322403,0.917693801,0.374880664,0.700009645,0.398725098,0.471425652,1.257152902,0.819931747,0.938465784,0.482634301,0.512058116,0.521252888,0.983747479,0.525415695,0.398578115,0.832745354,0.259648713
0.995310237,0.809637847,0.882750383,0.76683416,1.087664265,0.91713474,0.927687941,0.89259236,0.367972874,0.687712191,0.391512102,0.455653883,1.239982136,0.799585295,0.936479001,0.469788321,0.509393094,0.507100296,0.970219276,0.527423297,0.391511279,0.804281599,0.25475779
1.000174055,0.804040482,0.884985693,0.750343614,1.071850777,0.909809448,0.937340094,0.88422419,0.356615347,0.670891204,0.400846567,0.447746528,1.206467307,0.77338114,0.948171059,0.45587476,0.516233025,0.492124877,0.956225914,0.522292757,0.385072107,0.805891972,0.259654487
0.984942518,0.788149177,0.888697556,0.739681042,1.052026278,0.901320427,0.944687189,0.870305642,0.349482602,0.667997685,0.395290338,0.435335384,1.212311259,0.773113309,0.944285814,0.440718605,0.513925551,0.477231742,0.947615404,0.524904499,0.372939933,0.794096407,0.261556464
0.976795729,0.794673061,0.884465118,0.725486489,1.022623082,0.893345325,0.951375503,0.860810527,0.3409672,0.654957562,0.378975229,0.426159554,1.214506305,0.754840382,0.944190324,0.431819176,0.513983104,0.462318036,0.934327261,0.520192209,0.36531361,0.760245374,0.260588589
0.966673569,0.793561854,0.886799817,0.711570408,0.999931496,0.888296362,0.954813069,0.865944333,0.328863479,0.641280864,0.374045339,0.41251244,1.206657354,0.721352974,0.963910561,0.417678098,0.518940287,0.444167884,0.941640017,0.520043498,0.355265425,0.725398235,0.263987675
0.96277535,0.793296992,0.897095927,0.722789493,1.002263249,0.872831303,0.962105184,0.889512261,0.324380823,0.63125,0.370873237,0.40448507,1.174748425,0.713801892,0.978331283,0.40484962,0.51714164,0.426367433,0.928988172,0.528036732,0.340679585,0.700611776,0.265896639
0.959129408,0.805940512,0.89263264,0.742818211,0.993541228,0.872276976,0.962275228,0.888752166,0.317088962,0.618306327,0.358912191,0.388534297,1.140758478,0.705188129,0.946556928,0.389964735,0.507600231,0.41702151,0.916252017,0.523324442,0.337292746,0.680042169,0.25251061
0.956901861,0.823836809,0.900802903,0.735988709,0.987512438,0.868083056,0.964108999,0.881369566,0.31928914,0.590721451,0.357406958,0.381234757,1.112774024,0.706034818,0.919450784,0.376409951,0.488620382,0.410390911,0.894991174,0.521400489,0.329528066,0.659538969,0.255514532
0.95009555,0.838991548,0.902903643,0.761366427,0.966837833,0.85833036,0.972782588,0.882224443,0.31838383,0.583458719,0.349446398,0.363087051,1.089274685,0.693783749,0.909498465,0.365777891,0.492115323,0.39970104,0.892219527,0.51846344,0.320994718,0.65376985,0.247078326
0.944683866,0.85358214,0.895061989,0.740016274,0.96501411,0.858051403,0.980917076,0.880874295,0.315645952,0.567033179,0.349880794,0.355560206,1.06201241,0.671882155,0.902528862,0.362067608,0.494239281,0.387790646,0.883955677,0.514420351,0.309386619,0.637068457,0.245788634
0.929140557,0.861772239,0.797401955,0.711363041,0.950025288,0.85455388,0.996551288,0.885646285,0.321802061,0.536747685,0.347031963,0.343275314,0.996113534,0.617996458,0.835079287,0.335623091,0.485516128,0.371937548,0.851973319,0.514671302,0.300039406,0.615112602,0.247587232
0.921775641,0.867742109,0.90409447,0.673646836,0.957804326,0.842522304,1.006481905,0.882474657,0.325757991,0.519878472,0.342789025,0.337785614,0.919914099,0.620709318,0.763430339,0.320475686,0.477914262,0.356674141,0.808538449,0.501705533,0.290358691,0.611883555,0.251785112
0.907337377,0.873882459,0.915609106,0.538769988,0.943674489,0.825837326,1.011920021,0.905933931,0.325033743,0.500163966,0.346577363,0.330343335,0.865294526,0.609823319,0.716058086,0.305100764,0.462628845,0.353705113,0.779997101,0.49746726,0.283367972,0.615784974,0.256763937
0.893739921,0.900128954,0.923675017,0.432349367,0.920635544,0.816189199,1.01334743,0.912483201,0.338448792,0.492756559,0.345607548,0.322768848,0.747113658,0.601252754,0.679511471,0.29731267,0.462103663,0.346169406,0.754574097,0.494929873,0.280765201,0.615527646,0.264710985
0.899461137,0.923549693,0.930189498,0.488686119,0.90342969,0.805837104,1.020873425,0.921422025,0.348637646,0.482359182,0.34276882,0.318587303,0.778566474,0.590859216,0.644671803,0.296988895,0.460101495,0.344386618,0.737464987,0.483506985,0.273519182,0.596468801,0.270570574
0.890298265,0.951126109,0.942867336,0.520012137,0.915804707,0.806158343,1.021553785,0.942570197,0.367429688,0.469126157,0.334656726,0.313461501,0.762583502,0.587368785,0.62868852,0.300786685,0.443138937,0.346032268,0.717958606,0.484278425,0.269250263,0.601897584,0.272114245
0.884500403,1.015571306,0.95073343,0.531596306,0.935792896,0.815787939,1.027284701,0.949314616,0.388591996,0.457002315,0.339566412,0.312290098,0.729619811,0.588224113,0.594423505,0.304645729,0.443478945,0.349460707,0.702808278,0.48024463,0.272473318,0.595730022,0.277933416
0.900057962,1.06452691,0.966726683,0.539774888,0.860824857,0.824991728,1.030407663,0.965443899,0.405683152,0.444618056,0.343607306,0.310129711,0.709683856,0.587265109,0.586889627,0.302659328,0.441909183,0.350640089,0.690140928,0.476963687,0.272620659,0.58070541,0.274797905
0.908569554,1.101739285,0.978692721,0.547199765,0.923793252,0.850384229,1.033554005,0.982620077,0.395148635,0.443219522,0.339132016,0.307328161,0.695525338,0.58749838,0.577732204,0.303271874,0.430947013,0.344770603,0.667059958,0.471312656,0.271744954,0.571458217,0.277673136
0.907527616,1.134512395,0.985599725,0.554632059,0.973690269,0.882144523,1.037518476,1.004018831,0.395944211,0.440895062,0.33431325,0.303462527,0.678858196,0.578668625,0.566850074,0.308014736,0.43141322,0.347376216,0.646692995,0.471861029,0.266451826,0.566195453,0.275290359
0.906034052,1.175632375,0.995231582,0.556820046,1.024171102,0.923033685,1.039807735,1.028245137,0.409425101,0.431124614,0.3349901,0.303525246,0.667132282,0.584664564,0.559204337,0.300952948,0.419951469,0.35261487,0.630636112,0.469723304,0.264613351,0.556018561,0.279259229
0.912040321,1.22073596,1.013841559,0.563156661,1.065803561,0.942780415,1.044032882,1.055897151,0.411158907,0.430671296,0.339606821,0.306319619,0.658333096,0.576733336,0.549883109,0.305599552,0.428534911,0.357483252,0.612669017,0.469453765,0.266012008,0.559612846,0.276044068
0.923246914,1.270024678,1.029697355,0.602352938,1.085231376,0.961216406,1.064003813,1.075710705,0.419685281,0.433121142,0.337404534,0.301401249,0.654161559,0.580197849,0.546643185,0.308951058,0.435235653,0.35546733,0.602260941,0.473310965,0.262163335,0.554449692,0.274507489
0.935496667,1.299271034,1.032050718,0.727789654,1.113310844,0.991674089,1.069005694,1.122315503,0.431218383,0.426302083,0.342617287,0.302826785,0.640991286,0.587576137,0.53621363,0.311672515,0.431516095,0.355762176,0.590867156,0.474082405,0.261185326,0.552258257,0.277143138
0.961800744,1.313784383,1.051313542,0.770422227,1.145690165,1.033919819,1.063910554,1.140362458,0.442043696,0.427314815,0.348830161,0.301145391,0.634225605,0.578616787,0.539808392,0.310219904,0.429236876,0.353753111,0.579261491,0.483125912,0.262289141,0.544986677,0.282405497
0.98097376,1.330663058,1.065212647,0.849264209,1.179101042,1.145077419,1.068460925,1.148787718,0.438987589,0.417853009,0.34335475,0.301675662,0.628201108,0.588820251,0.526882184,0.317351698,0.428669928,0.357963233,0.574806707,0.477651476,0.265371392,0.551137637,0.2886998
0.998122192,1.353001004,1.084161082,0.821787076,1.205518922,1.152337674,1.067170309,1.154849021,0.453384762,0.422395833,0.341788904,0.304624433,0.6229368,0.586729448,0.527181814,0.313343892,0.425896248,0.358443215,0.568593818,0.477976782,0.264440504,0.545866571,0.287002867
1.024736412,1.369428938,1.109055062,0.892518699,1.230576314,1.16019681,1.070354518,1.175012175,0.460945473,0.4171875,0.34801188,0.310062385,0.619116851,0.601805694,0.527167745,0.316791655,0.420863023,0.354973635,0.563079248,0.473980166,0.262401832,0.55740481,0.289803932
1.056468561,1.403701855,1.121488351,0.874349174,1.193169478,1.16131754,1.057480101,1.197442048,0.456133613,0.414708719,0.341112054,0.306743196,0.621596967,0.597209383,0.529718161,0.312556332,0.424298325,0.354692503,0.564140314,0.468933275,0.263100038,0.563016212,0.285010984
1.085506115,1.436674307,1.114312653,0.911946647,1.104809074,1.177599026,1.057346461,1.218536075,0.467068661,0.41869213,0.346102558,0.302584343,0.628704733,0.594548361,0.528142761,0.317850486,0.421132631,0.352155459,0.562744412,0.472576703,0.267012235,0.555686525,0.290662866
1.120428252,1.436822583,1.104226729,0.597784919,1.256239852,1.190914162,1.071192349,1.239005796,0.454026709,0.419222608,0.352406352,0.302806224,0.626604711,0.598211586,0.532678997,0.308828548,0.424580021,0.351949753,0.551971613,0.463561079,0.266881738,0.547941794,0.293644535
1.156743339,1.439638254,1.1129997,0.979981887,1.28796903,1.206352122,1.073075658,1.24488171,0.458783702,0.418595679,0.349769669,0.301955528,0.630282125,0.586729448,0.525392217,0.315750326,0.412678279,0.348809303,0.549996162,0.473850043,0.266228288,0.536038317,0.300243701
1.156191401,1.445684423,1.101743167,0.798226869,1.31990847,1.198196136,1.082921911,1.245362494,0.468440343,0.414197531,0.360013335,0.300946924,0.63625911,0.596405892,0.521538481,0.313413898,0.419864618,0.350036684,0.53938144,0.469556004,0.267372086,0.528401497,0.300674196
1.161534684,1.445775426,1.100451543,1.050164291,1.331241322,1.1957131,1.098944997,1.271665956,0.47483238,0.418624614,0.359861801,0.30060553,0.63867271,0.589571904,0.523653922,0.315969093,0.409552929,0.352388593,0.531259153,0.469016925,0.268107588,0.522964414,0.30457217
1.174643056,1.45211487,1.100728012,1.082022916,1.348811361,1.205159342,1.104668482,1.27911909,0.480236807,0.413647762,0.35469956,0.307017765,0.63408307,0.582772474,0.516900015,0.308557277,0.419259317,0.347739631,0.530948195,0.474807372,0.270420329,0.518191402,0.311070515
1.167575459,1.451869133,1.104039428,1.111106085,1.344601987,1.210203841,1.125314557,1.270275968,0.482173622,0.412143133,0.358225239,0.299666946,0.634558188,0.578210722,0.517795643,0.307822221,0.422841914,0.344846029,0.525874905,0.473394615,0.271702765,0.524774008,0.31191558
1.170732062,1.450244048,1.08839204,1.116539798,1.357097141,1.225750077,1.143848397,1.272421509,0.489811147,0.411612654,0.352709419,0.300978173,0.640003041,0.570089421,0.516211737,0.31069244,0.424408121,0.340704475,0.515583119,0.473097192,0.273170922,0.520914094,0.312189095
1.15564211,1.436243484,1.081790389,1.117950359,1.36752408,1.223231453,1.160934563,1.278316515,0.489372209,0.406886574,0.363104619,0.301088126,0.634976292,0.579100609,0.51671203,0.3016355,0.422202811,0.339785654,0.512811201,0.475597401,0.271870078,0.509201537,0.31291077
1.146744239,1.423555456,1.077822349,1.164258041,1.377649122,1.223129714,1.171867237,1.28510722,0.492384422,0.405941358,0.352689215,0.301942207,0.639870008,0.58803404,0.507928543,0.302134288,0.42853183,0.340142212,0.502988062,0.479120001,0.271915435,0.507400244,0.314946948
1.140079971,1.415645618,1.087562112,1.16950535,1.294160445,1.226396261,1.184194371,1.256508923,0.491325484,0.40070409,0.359073827,0.298324407,0.642511664,0.596302216,0.519083021,0.306028335,0.427950043,0.331721967,0.494562298,0.485821305,0.271844451,0.510205945,0.319238926
1.151546883,1.415346928,1.078631095,1.125061029,1.34288779,1.223904417,1.186323194,1.27050175,0.484949906,0.403472222,0.358306057,0.297778496,0.643081806,0.595256815,0.511793406,0.307165921,0.430982095,0.330199741,0.491791426,0.48101607,0.26805818,0.508180528,0.319970937
1.161358135,1.408763386,1.075320938,1.137699808,1.368098483,1.21658857,1.201681645,1.23756191,0.48653557,0.409712577,0.349618136,0.297691205,0.641342874,0.604855501,0.506811817,0.305713311,0.42504803,0.329706046,0.481781526,0.48324674,0.269085838,0.508728387,0.320529014
1.140568037,1.390999073,1.067004182,0.992222789,1.378011754,1.213128387,1.213141862,1.207918374,0.484867605,0.404918981,0.352780135,0.295664153,0.630196604,0.606324247,0.505999375,0.308487272,0.429607415,0.33037802,0.478638373,0.485746949,0.271526229,0.511260158,0.321563647
1.140070454,1.378309604,1.049742264,1.122882358,1.381456352,1.209603207,1.216853464,1.202058666,0.490513448,0.405131173,0.358790965,0.304664427,0.640801239,0.602686941,0.504118192,0.285875548,0.424637717,0.335260116,0.477120987,0.486062961,0.26855715,0.509682989,0.31875549
1.149824655,1.36220778,1.041445209,1.202112593,1.3163448,1.206049972,1.217637404,1.1951741,0.492181413,0.410320216,0.36134683,0.29542099,0.629588453,0.598384379,0.491383072,0.279225041,0.424806014,0.335582389,0.478666747,0.484631614,0.271235477,0.515651329,0.313386851
1.17539307,1.359522255,1.036109187,1.284850658,1.243148407,1.203923084,1.208095848,1.207842254,0.484900526,0.412731481,0.360033539,0.299267535,0.626243622,0.588448745,0.493605826,0.261312425,0.419676647,0.338249714,0.475562861,0.487717374,0.268355348,0.512571699,0.313374407
1.178634004,1.347080709,1.038052992,1.299509718,1.314601968,1.204187575,1.210850089,1.220467744,0.483567251,0.418557099,0.355982543,0.294989703,0.626633218,0.599904963,0.479810899,0.263526344,0.428972958,0.340142212,0.473833635,0.4821407,0.269236186,0.511841221,0.324758586
1.170802499,1.332030931,1.025882472,1.302536491,1.336754979,1.196843075,1.210426801,1.225731076,0.482299817,0.423061343,0.357578696,0.295315644,0.643480905,0.596786038,0.481979835,0.264016381,0.435646677,0.338331996,0.476289516,0.484046063,0.27162733,0.520847687,0.322399696
1.168366493,1.298792823,1.018554357,1.327139111,1.311227294,1.181640555,1.21144706,1.20654582,0.489037518,0.420081019,0.359983028,0.295869893,0.633893022,0.59348568,0.485473276,0.267551651,0.440207295,0.337756019,0.478065336,0.484678086,0.271087694,0.523495671,0.324089352
1.15291413,1.273702987,1.01865745,1.347693387,1.266419413,1.174422861,1.202980105,1.193750901,0.499473274,0.419753086,0.355083444,0.302963694,0.618879292,0.590945613,0.493876087,0.261819964,0.429627089,0.339120537,0.475282836,0.482029166,0.268034078,0.52404353,0.319451643
1.151379088,1.243860543,1.009904772,1.345953724,1.275192357,1.176768132,1.204646197,1.178646599,0.499341593,0.421267361,0.354548026,0.294273439,0.62241417,0.597909197,0.494743576,0.273755874,0.425822813,0.341986711,0.468831824,0.485430938,0.268922696,0.527803833,0.320692375
1.146353786,1.241163544,1.002587173,1.013962545,1.257735928,1.166970086,1.1973283,1.162248564,0.49517168,0.413059414,0.365882733,0.295435659,0.62824862,0.594384207,0.490395164,0.281823989,0.432051801,0.346916806,0.458907552,0.483125912,0.271502607,0.52143705,0.312658743
1.148947764,1.211413046,0.99557641,1.153455651,1.240376506,1.164677497,1.20761075,1.140147971,0.490892032,0.418016975,0.365660484,0.295265212,0.628581202,0.595204976,0.492685429,0.288176973,0.417582697,0.342576403,0.466062697,0.481675977,0.264660192,0.522375051,0.309862107
1.144710901,1.198358523,0.987848884,1.198276396,1.230865913,1.155000996,1.208589052,1.116955609,0.488373624,0.422029321,0.369064937,0.290716697,0.640155079,0.581606117,0.498428479,0.295247513,0.414045706,0.347931623,0.456462059,0.479408129,0.267028156,0.513019947,0.313700996
1.136755929,1.185478107,0.978277757,1.18731819,1.236081402,1.1514535,1.212144196,1.11399767,0.482705835,0.415538194,0.358831373,0.292226861,0.626053574,0.586090112,0.501390652,0.291826002,0.411506125,0.344750033,0.452467278,0.484380664,0.269034064,0.511857822,0.314248553
1.121104878,1.170473632,0.986595327,1.183162821,1.219589268,1.142322081,1.209579475,1.107301563,0.489399642,0.418335262,0.359235463,0.288700083,0.636040556,0.579843622,0.499792891,0.286199323,0.40250796,0.347328218,0.448328531,0.482828489,0.269807945,0.502245391,0.311194643
1.123427341,1.160484441,0.980050926,1.152138874,1.199681392,1.135392668,1.209450976,1.125608554,0.434203163,0.418759645,0.359558734,0.293477407,0.634776742,0.583878353,0.507951011,0.289778346,0.402869539,0.348109902,0.45234153,0.484613025,0.270000322,0.508255236,0.303533318
1.102566603,1.15893044,0.969224317,1.118733609,1.183908172,1.13203016,1.208615585,1.125855944,0.418988467,0.41480517,0.365559462,0.293964674,0.633541435,0.59104065,0.503503471,0.296140081,0.396583946,0.352004608,0.453093885,0.482503183,0.27376566,0.504146295,0.304753037
1.100884733,1.168596104,0.964945146,1.102609434,1.220170863,1.133331176,1.20772071,1.11388613,0.418993954,0.409992284,0.360659878,0.29255437,0.626348148,0.582971187,0.503413598,0.291712243,0.396380567,0.344276908,0.44168285,0.482512478,0.270183997,0.511816318,0.2846898
1.098301086,1.164808015,0.955022451,1.070116755,1.090288858,1.13126275,1.203112431,1.113038005,0.441527944,0.409104938,0.359023316,0.291789681,0.630443665,0.586850404,0.503197796,0.292473551,0.393233504,0.347108798,0.43966821,0.479268712,0.270170964,0.513335381,0.287305938
1.103686051,1.179370044,0.951707703,1.059991633,1.142103942,1.129259679,1.198491318,1.086213182,0.459332375,0.40621142,0.361700408,0.295300913,0.628666724,0.595395049,0.502640743,0.296997646,0.389195603,0.337810874,0.438453216,0.480672175,0.26711851,0.504710755,0.28651537
1.099051406,1.179439985,0.951272594,1.048896796,1.162333693,1.120320063,1.177157414,1.086115822,0.463260872,0.401147762,0.359770881,0.29103311,0.629673974,0.595308653,0.500167415,0.288815772,0.379998232,0.346155692,0.437055376,0.480188863,0.26889354,0.49897484,0.288786938
1.095602166,1.174402049,0.946670739,1.035933021,1.044005279,1.122316399,1.16496985,1.06648643,0.456682286,0.404070216,0.359003111,0.285931882,0.621539953,0.589355912,0.509161783,0.282742809,0.384876907,0.343076955,0.427313175,0.48084877,0.267736428,0.495920112,0.264392068
1.091701504,1.1647036,0.948554925,1.011541322,1.111749593,1.107818444,1.149815257,1.050175073,0.46490689,0.398061343,0.35818483,0.287173588,0.620086091,0.586513456,0.504771538,0.283066584,0.38179721,0.349069865,0.4223811,0.476777797,0.267804003,0.500062257,0.268055627
1.080410835,1.157205858,0.940415546,1.033255824,1.104657238,1.094448432,1.14458415,1.028355695,0.467984944,0.399864969,0.361942862,0.288986532,0.624856277,0.578962374,0.508134823,0.281587721,0.387052161,0.346567105,0.417664238,0.478831873,0.27052512,0.494625173,0.268528201
1.077424826,1.152634112,0.936281312,1.028873718,1.078191587,1.08632887,1.139127945,1.021990341,0.45649025,0.400424383,0.358518204,0.285382147,0.618195121,0.573208346,0.507561775,0.276092302,0.368405398,0.34879559,0.41825809,0.483023673,0.266514227,0.495538271,0.260149841
1.074109232,1.133157885,0.921492069,1.037890104,1.068000394,1.081216704,1.12013479,1.034903123,0.457357153,0.400569059,0.357649412,0.281919372,0.61778652,0.575065878,0.508001779,0.270133098,0.376204481,0.350571521,0.411371496,0.47853445,0.278859072,0.492931792,0.275308129
1.071626404,1.099351357,0.922815835,1.039887398,1.068139577,1.081769437,1.107785965,1.034821601,0.452018567,0.395466821,0.361457954,0.293062794,0.620124101,0.574901724,0.51187916,0.274429675,0.377663546,0.355515329,0.410231199,0.481480793,0.272696455,0.491138799,0.286101696
1.071995075,1.097613463,0.927265199,1.033925429,1.054622635,1.083115644,1.089737823,1.036402074,0.457302286,0.400376157,0.35877076,0.285230162,0.618404173,0.577882414,0.513089343,0.270115596,0.379066956,0.350708658,0.412795579,0.478878345,0.273253094,0.488233487,0.297790633
1.063197871,1.095744678,0.921926066,1.00930914,1.044784706,1.074044001,1.088034652,1.039163266,0.451085823,0.396180556,0.363468299,0.287445964,0.608398187,0.583852434,0.516172417,0.268024187,0.39009066,0.355021633,0.412689058,0.479566135,0.267036297,0.490798463,0.302329577
1.047853554,1.104337781,0.925346722,0.993122748,1.036148725,1.059340017,1.068534669,1.039143009,0.441626705,0.433641975,0.372934093,0.292625207,0.603133879,0.572698605,0.513097368,0.272163252,0.37951017,0.35731183,0.409290765,0.481508676,0.268934647,0.480181623,0.309583398
1.043673742,1.111154543,0.922505223,0.973798208,1.030226797,1.047437479,1.049444314,1.036284088,0.435097499,0.443470293,0.374297895,0.287952664,0.606982335,0.571065705,0.519820515,0.272977065,0.392042718,0.364977818,0.410151696,0.480588525,0.266385895,0.472619512,0.309946793
1.045056715,1.104296651,0.922055006,0.968990764,1.027515986,1.025379151,1.031272928,1.03449318,0.413337137,0.436574074,0.375207096,0.289434212,0.59497135,0.571497689,0.520051457,0.273843381,0.384763176,0.362056789,0.409365113,0.474435594,0.265122628,0.469490076,0.314279506
1.03773287,1.091299998,0.924235511,0.957763158,0.969280489,1.030484065,1.019045958,1.0080473,0.39586191,0.436988812,0.367246535,0.295442648,0.597527486,0.579912739,0.521232538,0.276188559,0.383113152,0.361048828,0.403680876,0.473543326,0.266375909,0.467174128,0.310999012
1.024117245,1.071838474,0.92554128,0.953069972,1.007018124,1.0134266,1.000512644,0.994654102,0.399976956,0.435522762,0.355901725,0.291648854,0.605214896,0.577666422,0.51151298,0.286838121,0.389825604,0.36012315,0.395988435,0.474193938,0.266786411,0.454274544,0.298190808
1.017268132,1.059433538,0.926406091,0.944736677,1.007102744,0.995387406,0.990123311,0.978052139,0.395466866,0.419376929,0.352790237,0.291074076,0.612503207,0.585347099,0.511720223,0.280336376,0.387433176,0.361473954,0.409917411,0.477112398,0.2666353,0.451385834,0.299954551
1.021072861,1.059027801,0.922112552,0.936701836,1.012424786,0.980741206,0.980365965,0.957673701,0.383138189,0.410734954,0.346132865,0.288322738,0.623430923,0.584370815,0.517733587,0.28760818,0.376799494,0.363352738,0.398968821,0.484510786,0.267769473,0.454108526,0.308764645
1.010419478,1.057841188,0.921239669,0.938642798,1.015718125,0.970813723,0.983244389,0.94425957,0.376230399,0.406934799,0.331959429,0.286272524,0.636040556,0.580621193,0.523954622,0.285814293,0.375189862,0.371546706,0.398997467,0.483785819,0.265031232,0.453975712,0.311540189
0.999675759,1.05624561,0.924473765,0.923152125,1.026642394,1.020175726,0.979223737,0.93495807,0.36856544,0.398408565,0.32527175,0.288252559,0.637693967,0.587895805,0.535760627,0.291318463,0.380742864,0.372712375,0.398994327,0.482363766,0.268393928,0.453552366,0.316596739
0.999573056,1.036827451,0.91962462,0.918390408,1.029415405,1.019005262,0.975428221,0.936650145,0.367127918,0.389496528,0.322018831,0.287308585,0.647101305,0.58151972,0.543592422,0.290268383,0.381221539,0.372506668,0.402192757,0.481062542,0.272106449,0.450588948,0.317355168
0.985389157,1.036039026,0.92326894,0.928638001,1.027345103,0.987007776,0.970398081,0.939774934,0.348571805,0.386815201,0.314098679,0.285226056,0.647015783,0.591800942,0.550287591,0.295632542,0.380005817,0.371615274,0.396861886,0.480960303,0.271506778,0.444570802,0.317245778
0.974728903,1.040953174,0.92269356,0.922145325,1.006180316,0.96218068,0.95811343,0.937282924,0.333307729,0.377690972,0.331848305,0.287066644,0.650170567,0.581986263,0.560803168,0.293996167,0.385754518,0.369743347,0.389673598,0.483469807,0.274618786,0.433206883,0.319531293
0.972558458,1.043431956,0.93033762,0.942604224,0.996746307,0.941737992,0.953123484,0.938124909,0.324759407,0.372058256,0.320079202,0.288187145,0.649172819,0.589269515,0.551507671,0.294932489,0.384133365,0.367288585,0.383870281,0.482345178,0.272229367,0.430874333,0.310913693
0.983176166,1.046243752,0.927765851,0.941730745,1.025976268,0.927362181,0.944411127,0.936988143,0.313056217,0.369048997,0.30994666,0.288049296,0.646417135,0.590193961,0.550811155,0.296280091,0.383307429,0.374282599,0.377042802,0.475374334,0.269953882,0.435406619,0.310755685
0.98198847,1.051800632,0.913461041,0.939419734,1.028285379,0.917545285,0.932058887,0.926964301,0.303613559,0.363657407,0.30271346,0.289840174,0.651957011,0.592267485,0.54775194,0.292246034,0.378503326,0.376984209,0.372171817,0.477893132,0.269517153,0.438062904,0.314333661
0.983413277,1.055961326,0.908591603,0.934750515,1.031803231,0.903234511,0.939654498,0.926767248,0.288574438,0.355198688,0.287994504,0.287654399,0.643975028,0.587809409,0.534350582,0.296472606,0.383437705,0.375791112,0.368248903,0.477186754,0.268379731,0.439573666,0.314436091
0.976217225,1.056820736,0.9140045,0.929428055,1.024966423,0.881651925,0.949950308,0.916289387,0.285233021,0.351716821,0.281094678,0.290994996,0.648213081,0.583256296,0.528459831,0.294634966,0.383616906,0.384163358,0.369916419,0.471823851,0.264584878,0.436850974,0.307467861
0.971248771,1.070187708,0.905851642,0.903565234,1.02617805,0.871202234,0.952596316,0.903922336,0.283076737,0.34615162,0.277255829,0.289064703,0.649856989,0.582625599,0.525786856,0.290583407,0.389707985,0.385569018,0.367365645,0.471163945,0.261160983,0.432534511,0.302170752
0.954565911,1.070506019,0.905972139,0.893055169,1.034249706,0.858297204,0.949249795,0.935840203,0.281655675,0.334403935,0.273386673,0.293898382,0.652603172,0.574158711,0.52194826,0.293147352,0.389608761,0.380220654,0.364552793,0.470847933,0.265254169,0.440619578,0.293883643
0.949352864,1.080881972,0.914108186,0.885312958,1.032634424,0.846506846,0.942231002,0.938922144,0.271104698,0.334095293,0.272629006,0.292418057,0.651719452,0.562054516,0.519156364,0.29337487,0.383613825,0.389861423,0.366542392,0.469258581,0.264422738,0.44007172,0.298315095
0.941728902,1.086474071,0.91821872,0.874387975,1.060078488,0.840365886,0.952421131,0.93982257,0.263467173,0.329079861,0.265244272,0.287147793,0.659986507,0.562590177,0.53156639,0.294214934,0.381511247,0.385713012,0.358846771,0.472214219,0.265469766,0.43643593,0.293633382
0.937486186,1.076472809,0.932207512,0.867916753,0.994712544,0.822218417,0.95566032,0.936691581,0.26588682,0.324402006,0.260748778,0.28845134,0.653857484,0.578599508,0.523797933,0.289384566,0.388528103,0.384979327,0.355645667,0.465633743,0.261971439,0.43764786,0.279587294
0.933968495,1.075485638,0.93424693,0.860853711,1.024011008,0.807473426,0.96153666,0.941470753,0.262100978,0.31642554,0.261253889,0.290646111,0.653021276,0.590064366,0.514343233,0.295658794,0.384218367,0.384266211,0.359588389,0.464741475,0.265007852,0.433987167,0.286802569
0.947334031,1.06477379,0.935182099,0.847971031,1.058377965,0.798876568,0.966241575,0.945259014,0.248729823,0.314361497,0.257566574,0.289356919,0.654997767,0.608449609,0.491952001,0.297872713,0.379067335,0.375578549,0.356711074,0.470364622,0.265443378,0.437764072,0.288150133
0.957342902,1.065247282,0.928257098,0.833551458,1.069086201,0.791289376,0.972243374,0.943982285,0.239078669,0.310040509,0.251252677,0.284029735,0.634320629,0.60597002,0.495738599,0.295833807,0.383790845,0.37636709,0.359762126,0.46756699,0.268400786,0.433655131,0.290462699
0.972460896,1.080491335,0.937846295,0.81129209,1.081614697,0.78775495,0.977411732,0.963526963,0.231775834,0.306568287,0.253485271,0.291223554,0.641295362,0.607205495,0.493588118,0.300384154,0.387268814,0.379726959,0.356810191,0.470773578,0.270286783,0.430392881,0.289849044
0.975439729,1.089340409,0.945720388,0.80489755,1.080254474,0.779317576,0.981723308,0.965554641,0.229652471,0.306105324,0.249585808,0.287499499,0.644725714,0.601961208,0.488964577,0.304776989,0.375372334,0.377759036,0.349621671,0.471405601,0.270585957,0.427844508,0.299820351
0.976995943,1.107623268,0.947891487,0.802744256,1.064940092,0.775116483,0.972488437,0.985010308,0.231029639,0.300183256,0.250111125,0.291608358,0.649809478,0.579739946,0.501973008,0.303053108,0.390551178,0.377327052,0.349381339,0.469537415,0.267747095,0.432476405,0.300289208
0.97673878,1.107438034,0.954659108,0.812820708,1.064103039,0.77101199,0.968910213,0.987922574,0.226387868,0.297212577,0.247171374,0.285818794,0.631289375,0.567713508,0.504838461,0.296630118,0.379283182,0.375023142,0.34579927,0.468078185,0.269689318,0.43550623,0.30342754
0.980487119,1.11825688,0.957098604,0.834299278,1.071730684,0.770193091,0.976090605,0.994860486,0.230662029,0.292650463,0.244736736,0.289932982,0.622870283,0.548801244,0.501332983,0.300734181,0.375331137,0.373240354,0.343254621,0.474686544,0.27063725,0.427205339,0.306929241
0.9765576,1.117733863,0.959673112,0.846317061,1.068307352,0.767248939,0.967690826,1.00432018,0.245492653,0.291502701,0.246585445,0.286311766,0.62261372,0.546589486,0.514057886,0.301880518,0.374951022,0.372335246,0.350765961,0.473775688,0.269025682,0.426856702,0.305628976
0.972682943,1.13399365,0.946229039,0.835134447,1.059993246,0.758976229,0.977862529,1.002295694,0.239490173,0.289313272,0.240766558,0.286966878,0.622081587,0.541440235,0.520758137,0.302528068,0.3758082,0.365752645,0.343893826,0.471331245,0.266675083,0.426707286,0.308721617
0.955632481,1.133974426,0.945121679,0.836915915,1.053912379,0.758825752,0.981739708,1.008381123,0.233081675,0.288994985,0.238867337,0.288300515,0.623069833,0.547107866,0.528341123,0.30335063,0.372265283,0.362200783,0.34592715,0.477855954,0.273315656,0.429031535,0.308619662
0.951011374,1.127596534,0.951011233,0.812483392,0.997522981,0.756361605,0.986146794,1.031525235,0.237706987,0.285300926,0.237230775,0.287894616,0.630272623,0.550719254,0.545950413,0.306255852,0.372242195,0.361473954,0.34132212,0.479278007,0.274008167,0.4305672,0.30809665
0.938204239,1.110244118,0.948457313,0.802885545,1.02904385,0.74911207,0.990350474,1.022755655,0.235424508,0.282986111,0.231856387,0.291006656,0.623430923,0.562564258,0.558825532,0.306614629,0.371434606,0.363160746,0.340574455,0.47759571,0.26968988,0.435016477,0.305582784
0.931434163,1.092552031,0.946348055,0.77469878,1.035557318,0.749912597,0.989895774,1.036572055,0.234508225,0.278530093,0.23801875,0.292447426,0.620580214,0.572707244,0.561942362,0.308732291,0.365383586,0.360822551,0.341365108,0.476164363,0.272254392,0.433895857,0.303675402
0.926935658,1.066625537,0.948752076,0.74506915,1.030083263,0.753963411,0.988887937,1.054418212,0.2329061,0.282253086,0.230462278,0.290058921,0.620390167,0.571653203,0.572526788,0.300751682,0.3692466,0.362262495,0.33739719,0.477883838,0.270902014,0.428508579,0.310746325
0.928320005,1.077769648,0.964484486,0.730006268,1.034453575,0.761295757,0.989081436,1.064928609,0.236878491,0.280632716,0.227694266,0.29281004,0.624447675,0.576413668,0.570342284,0.302974352,0.367054896,0.356646713,0.334826143,0.472465169,0.271442853,0.430168757,0.311026194
0.927205341,1.082871912,0.971205671,0.711041968,1.043078323,0.780713398,0.976660555,1.06489589,0.234771588,0.277565586,0.230280438,0.290020869,0.617292397,0.591939177,0.572858516,0.305617053,0.372975213,0.36317446,0.335405265,0.476461786,0.273121674,0.431936847,0.306453028
0.919074227,1.097530706,0.971660183,0.700645731,1.009664427,0.802268088,0.972155631,1.070661737,0.230546807,0.275684799,0.230371358,0.290168122,0.603723025,0.599161951,0.579439953,0.298205238,0.367849401,0.368323974,0.334323966,0.47528139,0.270818719,0.432974458,0.306779591
0.915441365,1.094801915,0.972302885,0.692125603,1.03053602,0.781013356,0.969977233,1.063765507,0.224659549,0.272337963,0.225128298,0.290348472,0.592614765,0.602902933,0.567251239,0.294704971,0.372005347,0.363976714,0.330060866,0.476396725,0.26882769,0.428018826,0.30234914
0.914780312,1.092205406,0.97620279,0.6682773,1.030064395,0.775537908,0.977823236,1.056165229,0.22656893,0.270003858,0.228583263,0.295414408,0.589944601,0.611456218,0.564496951,0.29220228,0.367306062,0.365985779,0.331238221,0.473403909,0.266976503,0.430450987,0.303157162
0.921363151,1.07751025,0.972254005,0.650425537,1.035228428,0.764519464,0.975511122,1.051118409,0.220341494,0.270360725,0.227916515,0.294826434,0.589355455,0.605054214,0.554230451,0.29468747,0.372472597,0.369571925,0.329690987,0.470606277,0.264297976,0.429928031,0.301175192
0.920004047,1.065660768,0.969408581,0.639140742,1.042948596,0.759196645,0.981414408,1.053291697,0.22294769,0.267235725,0.228371116,0.291287588,0.582722807,0.603023889,0.558602562,0.284650455,0.373360258,0.369167369,0.327203553,0.473812865,0.263934035,0.428184844,0.29949777
0.91965039,1.046087826,0.952654869,0.636754582,1.076784259,0.753992662,0.980884688,1.057460006,0.231419197,0.265142747,0.225188912,0.291914084,0.58301738,0.600682535,0.560067546,0.282585297,0.368737915,0.369777631,0.326967446,0.473060014,0.258961896,0.421660344,0.298949184
0.927361023,1.030381556,0.95163927,0.631852925,1.076970769,0.754383242,0.983645272,1.0563109,0.237580792,0.263097994,0.225017174,0.288041366,0.585725553,0.587092315,0.560822105,0.272101998,0.368234446,0.373240354,0.327739609,0.474361238,0.256501694,0.418298483,0.308980367
0.92980507,1.020707646,0.947467487,0.635541457,1.083621245,0.749639259,0.979309453,1.05525363,0.24341867,0.261651235,0.224067564,0.289752349,0.577981128,0.584483131,0.559179033,0.274779702,0.364664222,0.373953469,0.324455203,0.474082405,0.260926537,0.419834148,0.302583187
0.919490839,1.017259277,0.940962116,0.631214457,1.077556316,0.755621173,0.990634192,1.042160247,0.250408761,0.261930941,0.223441225,0.289242859,0.577639043,0.5972785,0.557168658,0.273283338,0.369126706,0.367418866,0.325723922,0.470940878,0.260490008,0.420332202,0.302414606
0.918229552,1.032494042,0.946669332,0.638155703,1.077714501,0.76029992,1.004427727,1.018482681,0.251588408,0.257880015,0.222633046,0.29352345,0.583216929,0.597796881,0.558550617,0.272705794,0.367574247,0.370189044,0.323165086,0.464592763,0.257093986,0.422963584,0.300756615
