frame,WT_cPRC,WT_cPRC,WT_cPRC,WT_INRGWa,WT_INRGWa,WT_INRGWa,WT_INRGWa,WT_INRGWa,WT_INRGWa,WT_INRGWa,WT_INRGWa,NOS23_cPRC,NOS23_cPRC,NOS23_cPRC,NOS23_cPRC,NOS23_cPRC,NOS23_cPRC,NOS23_cPRC,NOS23_cPRC,NOS23_cPRC,NOS23_cPRC,NOS23_cPRC,NOS23_cPRC,NOS23_cPRC,NOS23_cPRC,NOS23_cPRC,NOS23_cPRC,NOS23_cPRC,NOS23_cPRC,NOS23_cPRC,NOS23_cPRC,NOS23_cPRC,NOS23_cPRC,NOS23_INRGWa,NOS23_INRGWa,NOS23_INRGWa,NOS23_INRGWa,NOS23_INRGWa,NOS23_INRGWa,NOS23_INRGWa,NOS23_INRGWa,NOS23_INRGWa,NOS23_INRGWa,NOS23_INRGWa,NOS23_INRGWa,NOS23_INRGWa,NOS23_INRGWa,NOS23_INRGWa,NOS23_INRGWa,NOS23_INRGWa,NOS23_INRGWa,NOS23_INRGWa,NOS23_INRGWa,NOS23_INRGWa,NOS23_INRGWa
1,0.959046,1.069777,0.966687,1.234426,1.345742,1.205523,1.172807,0.936887,1.021511,1.106028,0.998853,0.932455,1.143579,1.00349,1.076909,1.020806,1.000616,0.925865,1.09932,1.04463,1.028422,0.983681,1.056146,1.036474,1.022102,1.06486,1.179745,1.035348,1.185097,0.99743,0.941848,1.092828,1.048447,0.986677,0.985296,1.025397,1.083101,0.994057,1.059362,1.033292,1.031481,1.047843,0.996166,1.007873,0.956395,1.092461,0.951695,1.022155,0.998449,1.076135,1.133832,1.061807,1.048268,0.974174,0.976505
2,0.994764,1.06179,0.958823,1.20813,1.343054,1.187741,1.155596,0.948955,1.004662,1.071777,0.992846,0.92358,1.14154,0.999958,1.071914,1.0204,0.995085,0.925825,1.09182,1.040056,1.020598,0.97499,1.062987,1.033967,1.031981,1.053975,1.175937,1.03043,1.20125,0.992635,0.940567,1.078413,1.041043,1.003918,0.96851,1.020592,1.095627,0.996232,1.056074,1.032541,1.033055,1.037055,1.001559,0.997734,0.975021,1.091291,0.956015,1.014792,1.021452,1.081367,1.130145,1.062741,1.032093,0.98168,0.974272
3,0.991326,1.053075,0.966967,1.182282,1.271518,1.174044,1.115032,0.963161,1.008291,1.074836,1.032194,0.919283,1.152892,0.993129,1.088031,1.021427,0.996223,0.947812,1.08549,1.040677,1.022544,0.969506,1.06793,1.029677,1.031839,1.041281,1.181797,1.028425,1.167629,1.003206,0.932935,1.08004,1.036916,1.000363,0.966716,1.030701,1.089328,0.997269,1.090066,1.024578,1.030448,1.045427,1.039521,0.994959,0.963991,1.101722,0.966669,1.015229,1.00717,1.06361,1.137251,1.066095,1.000766,0.973524,0.980413
4,0.994297,1.037473,0.981149,1.207907,1.301089,1.157839,1.094837,0.961506,1.009157,1.061756,1.059757,0.919743,1.155531,0.993155,1.079956,1.027962,1.000532,0.947534,1.118456,1.029297,1.019427,0.961907,1.062264,1.030793,1.032878,1.036861,1.17793,1.029634,1.091397,1.001801,0.943909,1.078073,1.046839,0.982707,0.95371,1.023275,1.087452,0.990314,1.081559,1.04557,1.049434,1.044823,0.992795,1.009969,0.946052,1.117619,0.950508,1.022895,1.013557,1.040148,1.111709,1.046786,0.989785,0.980025,0.980041
5,1.012081,1.036712,0.982823,1.209695,1.343008,1.155441,1.091334,1.017236,1.008391,1.056289,1.048704,0.905097,1.170604,0.984912,1.067822,1.033212,0.992454,0.941925,1.127354,1.046586,1.016228,0.959218,1.042934,1.051761,1.02367,1.022662,1.182598,1.033422,1.059348,0.998172,0.929582,1.078319,1.043091,1.010067,0.958323,1.018658,1.068087,0.983182,1.093354,1.016844,1.030497,1.041337,1.014241,0.996658,0.97,1.06601,0.952307,1.018659,1.022932,1.098889,1.116201,1.039902,1.035073,0.990308,0.988136
6,1.037923,1.031395,0.977733,1.253745,1.388254,1.098477,1.074728,1.027827,1.006427,1.040737,1.038294,0.908551,1.189552,0.972195,1.060661,1.040162,0.98849,0.939584,1.132973,1.050013,1.025366,0.953435,1.043674,1.057282,1.032409,1.027975,1.17457,1.021486,1.029491,0.99184,0.922533,1.073078,1.040223,1.003321,0.966684,0.995164,1.081096,0.986014,1.094635,1.016906,1.024594,1.04938,1.013272,1.004871,0.957339,1.081595,0.942697,1.013986,0.998691,1.068736,1.131218,1.039406,0.996254,0.986407,1.002698
7,1.058619,1.021738,0.969916,1.207325,1.377318,1.085002,1.037494,1.005499,1.019513,1.056203,1.035863,0.915336,1.2018,0.978439,1.063882,1.035055,0.991456,0.936991,1.125582,1.060294,1.026853,0.954053,1.042255,1.045023,1.019454,1.035122,1.166529,1.019878,1.035777,0.99645,0.909487,1.067555,1.031044,1.013038,0.952396,1.025896,1.076135,0.991831,1.074657,1.025662,1.052041,1.037961,1.025027,0.982611,0.973219,1.067506,0.948888,1.020138,1.003571,1.068971,1.126056,1.049002,1.010598,0.993322,1.013957
8,1.05995,1.025219,0.970255,1.21694,1.321137,1.075456,1.041256,1.033555,1.020579,1.049977,1.03967,0.916172,1.203424,0.970763,1.067136,1.031395,0.996167,0.941674,1.115079,1.062081,1.04245,0.961332,1.046381,1.035459,1.013485,1.031078,1.16298,1.015263,1.054268,1.015392,0.907144,1.065322,1.02194,1.003204,0.973475,1.00649,1.085888,1.003844,1.06764,1.032979,1.031136,1.043917,1.016348,0.973775,0.953519,1.088177,0.944532,1.021348,0.996273,1.058849,1.072894,1.044977,1.010386,0.972578,1.00121
9,1.071416,1.045261,0.957443,1.174679,1.307103,1.019647,1.030834,1.072711,0.9996,1.032863,1.034946,0.928446,1.203297,0.979794,1.068181,1.030498,0.993089,0.937255,1.108351,1.071755,1.044212,0.959814,1.047068,1.022591,1.012874,1.028281,1.161577,1.02244,1.042355,1.013273,0.908425,1.058342,1.022168,0.97216,0.949161,1.00521,1.0952,0.991629,1.073491,1.029623,1.009592,1.016249,1.032485,1.000227,0.963863,1.014537,0.957526,1.016574,0.96849,1.029296,1.050034,1.036373,0.991147,0.960641,1.028938
10,1.068852,1.04283,0.947204,1.16806,1.280494,0.9784,1.018336,1.117595,1.007592,1.033318,1.044852,0.93116,1.185145,0.981472,1.066244,1.029574,0.985879,0.950365,1.11696,1.079985,1.046178,0.953712,1.043891,1.002188,1.008698,1.046194,1.157003,1.018287,1.044036,1.027843,0.917889,1.044626,1.023032,0.988155,0.95938,1.016911,1.079746,0.992438,1.073816,1.01403,1.007378,1.036012,1.024311,0.974795,0.957425,1.000626,1.004859,1.018692,1.02848,1.026572,1.047575,1.033456,0.984209,0.983098,1.013539
11,1.065663,1.066701,0.952329,1.172622,1.267873,0.963726,1.001427,1.133685,1.004795,1.021952,1.028892,0.930797,1.161147,0.977363,1.063926,1.026949,0.990113,0.968343,1.092302,1.082406,1.053788,0.95826,1.042168,1.002623,1.006009,1.048028,1.153631,1.018446,1.040016,1.031605,0.915838,1.05085,1.019907,0.999948,0.954735,1.007457,1.077869,1.009206,1.059267,1.023973,1.041318,1.05561,0.994143,1.009969,0.972017,1.029497,0.947484,1.023029,1.02939,1.041091,1.023464,1.026135,0.988125,0.977956,1.007956
12,1.070353,1.066536,0.96286,1.142301,1.264638,0.922923,0.999265,1.083149,1.010689,1.028264,1.008347,0.928946,1.155294,0.9781,1.058158,1.023538,0.988518,0.979482,1.090035,1.081583,1.054318,0.954117,1.049488,1.002521,1.001243,1.056937,1.159149,1.015963,1.046046,1.053991,0.90704,1.037759,1.02323,0.996925,0.965082,1.023712,1.079291,1.002327,1.071464,1.020492,1.015789,1.088549,1.016601,0.997395,0.955236,1.024465,0.962638,1.006959,1.047855,0.999764,1.001966,1.039202,0.992679,0.982743,1.002605
13,1.055072,1.077872,0.973122,1.13859,1.269513,0.892865,1.010941,1.078159,1.001032,1.03744,1.05164,0.931736,1.15378,0.97167,1.067093,1.018985,0.973166,1.002315,1.087383,1.082588,1.053615,0.952747,1.045267,1.011535,1.006865,1.055668,1.166376,1.022472,1.040272,1.044348,0.902948,1.0402,1.022198,0.970914,0.971617,1.014196,1.083855,1.014239,1.055539,1.015051,1.00123,1.093846,1.022415,1.001586,0.960773,1.036323,0.967677,1.012708,1.051425,1.026679,0.961855,1.030422,0.962288,0.983393,0.998604
14,1.050005,1.065833,0.957021,1.119628,1.253611,0.898371,1.054359,1.064666,1.001965,1.025574,1.038844,0.932256,1.153078,0.977134,1.055764,1.010517,0.959669,1.011893,1.079316,1.103561,1.056121,0.941494,1.050289,1.009535,1.014748,1.063355,1.176149,1.028727,1.04272,1.039023,0.917962,1.019788,1.029147,0.990231,0.958803,1.015288,1.083855,1.015453,1.043857,1.02906,1.032169,1.103206,0.991742,0.999943,0.954206,1.051364,0.953171,1.016137,1.045365,1.010959,0.965631,1.032931,0.994637,0.977779,1.029869
15,1.038192,1.058838,0.969436,1.130584,1.273796,0.893842,1.149628,1.052802,1.013086,1.063686,1.024948,0.942838,1.133445,0.97954,1.052238,1.013535,0.95093,1.023124,1.067958,1.114766,1.059911,0.934981,1.060541,1.014433,1.010022,1.080892,1.178307,1.034918,1.03797,1.024585,0.92499,1.030609,1.040861,1.019667,0.956272,1.010078,1.09139,1.01262,1.069246,1.014405,1.054501,1.097991,1.017696,0.980799,0.949742,1.054397,0.966885,1.010388,1.05208,1.006541,0.974525,1.02313,1.004171,0.976006,1.020517
16,1.035489,1.047634,0.979804,1.124547,1.281861,0.867402,1.204636,1.032002,1.007925,1.067677,1.037698,0.94806,1.123227,0.981074,1.041485,1.004928,0.94885,1.027066,1.053307,1.120358,1.055846,0.937486,1.062996,1.022649,1.011957,1.069961,1.149764,1.036207,1.043634,1.046335,0.919232,1.018501,1.037932,0.990166,0.956945,1.024492,1.077571,1.000101,1.054793,1.022973,1.028578,1.114515,1.043356,0.997508,0.958026,1.06291,0.970161,1.014053,1.04794,1.010487,0.991196,1.022022,0.97361,0.984694,1.038615
17,1.030899,1.031073,0.990101,1.12003,1.265139,0.869334,1.227815,1.007867,1.017682,1.064229,1.010594,0.957161,1.118828,0.98464,1.046491,1.000545,0.949111,1.038787,1.043299,1.116149,1.042307,0.93088,1.070193,1.013462,1.000733,1.056138,1.029085,1.039295,1.038225,1.045699,0.933841,1.022985,1.038524,1.018785,0.965402,1.02262,1.026103,0.99216,1.084541,1.023139,0.96424,1.092721,1.011545,0.979213,0.992103,1.049555,0.981283,1.025483,1.034625,1.002488,0.990704,1.03156,0.998638,0.993145,1.028892
18,1.032141,1.033892,0.979242,1.118107,1.238757,0.853128,1.199663,1.004532,1.029703,1.050238,1.020546,0.957641,1.105531,0.98464,1.043618,1.000183,0.952702,1.0295,1.033243,1.121235,1.041105,0.933349,1.062665,1.014897,0.997372,1.059453,1.033636,1.030828,1.041587,1.022041,0.93382,1.013867,1.037143,0.998819,0.945701,1.017223,0.917937,1.011937,1.085287,1.001897,0.991097,1.085502,1.033875,1.007137,0.978026,1.036759,0.97556,1.022424,1.056717,0.995711,0.983799,1.029926,0.996637,0.980498,1.032055
19,1.030055,1.014726,0.980529,1.096328,1.219711,0.851419,1.161391,0.989664,1.03896,1.070324,1.006283,0.967399,1.106868,1.005007,1.047351,0.996465,0.955127,1.024884,1.018014,1.117282,1.030083,0.931185,1.062465,1.015476,0.997861,1.055057,1.070042,1.028218,1.027664,1.007418,0.934903,1.015266,1.034124,1.00131,0.940351,1.011607,0.925102,1.00263,1.060318,1.018011,1.012002,1.082675,1.008216,0.963806,0.982318,1.054587,0.972104,1.017347,0.942273,1.008214,0.994927,1.027272,0.98506,0.98168,1.021401
20,1.018609,1.003059,0.979535,1.087518,1.160295,0.853239,1.12727,0.97976,1.033332,1.059825,1.002476,0.965789,1.101446,1.005032,1.051225,0.992465,0.954735,1.014816,1.00574,1.125282,1.03377,0.925509,1.044814,1.012622,0.998757,1.048333,1.010552,1.037337,1.024594,1.01065,0.935944,1.005524,1.040982,0.991529,0.938333,1.011294,1.02471,0.992236,1.058942,1.003335,0.960846,1.096454,1.02132,1.011555,0.993691,1.070172,0.974228,1.00827,0.891857,1.019409,0.979196,1.022839,0.997787,0.983098,1.034614
21,1.001719,0.993881,0.984566,1.07361,1.137331,0.850686,1.12113,0.981822,1.039692,1.057569,1.00055,0.962534,1.100853,0.997636,1.048994,0.98672,0.957757,1.012991,0.992584,1.121168,1.022799,0.925382,1.048174,1.02233,0.987635,1.046711,1.016482,1.038706,1.027737,1.022041,0.950865,0.999489,1.047066,1.004268,0.952524,1.015663,1.018326,1.007916,1.066799,1.021764,0.99031,1.096563,1.052161,1.010479,1.012918,1.080357,0.963933,1.011868,0.92267,1.018101,0.991419,1.029372,0.992807,0.955676,1.014469
22,0.999314,1.017041,0.992804,1.076785,1.14658,0.849909,1.092977,0.965681,1.037927,1.071343,1.020637,0.966557,1.097275,0.991367,1.04475,0.978836,0.952683,1.014962,0.973774,1.125296,1.002292,0.9195,1.047608,1.042589,0.996965,1.041586,1.00922,1.046265,1.038993,1.00347,0.946773,1.009307,1.049251,1.02832,0.955375,1.005023,1.019336,0.998078,1.058406,1.013071,1.006985,1.110617,1.039016,0.993316,0.984678,1.073218,0.989706,1.009716,0.981322,1.002616,0.98143,1.012805,0.979101,0.965191,0.99558
23,1.005425,1.009145,1.004458,1.059613,1.125393,0.829175,1.082901,0.977749,1.046918,1.044728,0.999129,0.966447,1.118558,0.985979,1.049234,0.97843,0.958681,1.002765,0.956134,1.142235,1.002761,0.920862,1.04518,1.036676,0.999246,1.037496,1.006131,1.044738,1.027481,0.980422,0.949324,1.006981,1.048599,1.020731,1.014191,1.00883,1.033255,1.006323,1.09823,1.041922,0.996852,1.114076,1.039269,0.993543,1.036009,1.041736,0.940753,1.00743,1.010314,0.998692,0.978212,1.015722,0.970801,0.968796,0.967526
24,0.999066,1.019456,1.012216,1.045034,1.081287,0.845291,1.062057,0.993737,1.02291,1.053057,1.019904,0.97404,1.132887,0.990012,1.037437,0.978448,0.959763,1.005331,0.943087,1.138356,0.992299,0.91701,1.043474,1.034343,1.010531,1.041116,1.021457,1.043528,1.027189,0.979998,0.953332,1.008021,1.039859,1.022392,1.061507,1.010546,1.020175,1.001543,1.076989,1.011591,1.002017,1.1079,1.023342,1.01552,1.006009,1.043218,1.022749,1.013111,1.03242,0.993909,0.995642,1.023276,0.979952,0.98954,1.001303
25,0.994486,0.996006,1.03439,1.037834,1.060373,0.82862,1.077063,0.975789,1.04189,1.060237,1.003485,0.972676,1.121907,0.986411,1.032398,0.973605,0.966963,1.014393,0.932706,1.141877,0.979269,0.924452,1.047973,1.049124,0.998289,1.048874,1.026857,1.035523,1.022329,0.96654,0.94847,1.003784,1.037447,1.024467,1.036616,1.009953,0.999915,1.013177,1.068501,1.028914,0.974373,1.106143,1.042302,0.987879,0.997511,1.052479,1.035275,1.011128,1.023757,0.990456,0.998257,1.009975,0.970844,0.995095,1.033777
26,1.014208,0.990053,1.066744,1.043871,1.042694,0.835035,1.079009,0.968176,1.045886,1.065617,1.016372,0.980606,1.110623,0.987673,1.033106,0.969971,0.977475,1.019499,0.924892,1.153244,0.975245,0.925765,1.029035,1.04782,0.996741,1.048686,1.03702,1.045279,1.011438,0.959202,0.959913,0.997673,1.041938,1.021146,1.012173,1.013728,1.009568,0.999772,1.061905,1.04557,0.981407,1.109464,1.015674,0.982101,1.00485,1.02441,1.003887,1.018053,1.012917,0.977353,1.002011,1.008634,0.996339,0.987589,1.029776
27,1.015082,1.007566,1.091995,1.038281,1.026427,0.820361,1.061495,0.976654,1.046785,1.041257,1.046274,0.993147,1.112154,0.988419,1.035924,0.976296,0.994935,1.031551,0.921444,1.155328,0.973045,0.931661,1.032455,1.0464,0.99945,1.043091,1.042172,1.043639,1.009684,0.962831,0.946148,0.992433,1.033684,1.029916,0.993048,1.008705,1.003185,1.015023,1.073701,1.045799,0.973979,1.121404,1.027134,0.982498,0.999227,1.056137,0.988698,1.011834,1.012888,1.007142,0.992022,1.0056,0.990764,0.97447,1.023309
28,1.014575,1.02335,1.107651,1.042887,1.015902,0.828065,1.073214,0.957076,1.052945,1.044337,1.043935,1.009807,1.126906,0.980684,1.035173,0.982524,0.997472,1.020769,0.915644,1.178729,0.971914,0.940487,1.018852,1.045864,0.991098,1.050731,1.041794,1.04461,1.010927,0.962858,0.954832,0.998354,1.028343,1.024766,0.996412,1.008986,1.006327,1.011204,1.071789,1.052262,0.998869,1.114048,1.027598,1.00068,1.000944,1.043721,0.98859,1.004841,1.028778,1.031698,0.995642,1.001225,0.996382,0.985403,1.025775
29,0.998867,1.03204,1.119961,1.027593,1.010161,0.836833,1.062965,0.966267,1.03856,1.054207,1.050722,0.993017,1.112899,0.98492,1.036512,0.98289,1.002294,1.010517,0.921902,1.176523,0.972637,0.943722,1.030897,1.041183,0.999491,1.04436,1.034166,1.047348,1.018674,0.947254,0.968711,0.995592,1.022486,1.010729,0.982477,1.015444,1.000483,1.00607,1.082725,1.04163,0.987949,1.105182,0.999916,1.000963,1.024206,1.038377,0.982867,1.003833,1.020343,1.020009,0.974525,0.983199,0.984932,0.983807,1.001861
30,0.996751,1.062451,1.104223,1.020214,0.998906,0.847356,1.063916,0.957916,1.041257,1.035292,1.0338,0.995607,1.107248,0.987233,1.01874,0.984657,0.996157,1.012012,0.924422,1.177171,0.968888,0.945326,1.028617,1.03543,1.006804,1.049391,1.028437,1.043496,1.009355,0.936154,0.976114,0.996898,1.02241,1.013868,0.987923,1.009329,1.00118,1.016009,1.067545,1.04063,0.997885,1.123326,1.019424,0.992523,0.997468,1.037765,0.968541,1.011531,1.0236,1.00905,0.987151,1.012426,1.043203,0.993499,1.003815
31,0.984193,1.043856,1.099578,1.040517,0.992983,0.854571,1.062489,0.947376,1.043788,1.053882,1.033158,1.018271,1.093274,0.993316,1.010143,0.985206,0.994954,1.007818,0.919864,1.13613,0.962399,0.954904,1.035179,1.019287,1.018048,1.055668,1.033624,1.041571,1.011438,0.936445,0.992201,0.987268,1.021303,0.958239,0.970368,1.005866,0.995138,1.012949,1.085917,1.044028,0.973487,1.111221,1.043145,1.009516,1.020386,1.050426,0.974696,1.010657,1.004808,1.014047,0.985385,1.002421,1.015323,0.98889,0.999814
32,0.978708,1.072109,1.100303,1.024462,0.984189,0.867669,1.037537,0.946536,1.041624,1.027787,1.027104,1.039981,1.086118,0.990622,0.993057,0.984318,0.990151,1.010398,0.931078,1.076706,0.954932,0.955238,1.031855,1.008129,1.016072,1.063355,1.018899,1.033517,1.024192,0.94434,0.997564,0.992074,1.021363,0.966296,0.979754,1.011357,0.992166,1.008649,1.065958,1.047425,0.997098,1.112703,1.023637,0.987992,1.016223,1.070852,0.967101,1.015566,0.994125,1.01394,0.997654,0.98387,1.018856,0.988476,0.99009
33,0.969617,1.101487,1.092955,1.021868,0.985237,0.857834,1.029277,0.924616,1.043089,1.041713,1.022197,1.027509,1.079165,0.994002,0.998128,0.986461,1.010801,0.99955,0.928316,1.054081,0.967697,0.970918,1.033804,0.996769,1.009024,1.049885,1.023509,1.033406,1.011585,0.950407,1.00126,0.987136,1.015598,0.979749,0.966267,1.020561,0.993958,1.006702,1.075517,1.04311,0.983227,1.108915,1.036361,0.998244,1.023605,1.023785,0.968721,0.994184,1.003357,1.012139,0.95095,1.002946,0.999659,0.991253,1.003117
34,0.976036,1.113583,1.095798,0.998569,0.968561,0.869889,1.033472,0.951832,1.021445,1.033969,1.016739,1.021916,1.05159,0.985361,1.003907,0.984698,1.017992,0.993465,0.946246,1.043659,0.970956,0.974586,1.02591,0.993073,1.01872,1.050355,1.012485,1.021454,1.016189,0.946221,0.997803,1.001873,1.019482,1.016229,0.979434,1.009984,0.985882,1.003718,1.075517,1.049427,1.010871,1.119099,1.037794,0.989635,1.006137,1.04912,0.950184,1.017112,1.006387,0.967938,0.949341,0.99755,1.025922,0.990603,1.028008
35,0.963587,1.084727,1.103743,1.000045,0.968333,0.896706,1.012844,0.971715,1.032067,1.044337,1.026233,1.017626,1.034639,0.984318,1.015867,0.988925,1.006408,1.003373,0.959534,1.029189,0.993093,0.977154,1.018634,0.995885,1.026726,1.045113,1.003466,1.027549,1.012206,0.951811,0.992451,1.005259,1.016569,0.999818,0.968734,1.010078,0.998678,1.003136,1.089206,1.043715,0.980275,1.098046,1.002065,0.992353,1.003433,1.065018,0.955943,1.018154,1.009858,0.978897,0.977229,0.987049,1.015238,0.99084,1.020145
36,0.957844,1.080435,1.092697,1.004248,0.956395,0.909204,1.005449,0.965274,1.02867,1.040281,1.017611,0.985512,1.015403,0.983531,1.008913,0.991751,1.012722,0.997222,0.973702,0.926316,0.998278,0.98327,1.013908,1.000869,1.022876,1.058771,1.002417,1.020992,1.011256,0.950751,0.991733,1.014112,1.014096,1.010366,0.943939,1.010608,0.984489,1.005362,1.08326,1.04607,0.977324,1.094587,1.039943,0.990201,1.032146,1.032978,0.963574,1.022962,1.014638,0.992129,0.980313,0.971211,1.008555,0.992967,1.034893
37,0.960606,1.068223,1.086929,1.007066,0.961999,0.885073,1.020974,0.959546,1.026406,1.030108,1.00798,0.973362,1.011707,0.987758,1.017391,0.993157,0.999384,1.002619,0.96291,0.922188,0.998197,0.984377,1.011915,1.006057,1.014687,1.052588,0.994836,1.016552,1.011658,0.957877,0.992826,1.013999,1.010712,1.009003,0.948584,1.014134,1.015611,0.995979,1.039403,1.048426,0.996655,1.071915,0.985337,1.005551,1.010172,1.028694,0.974624,1.028677,1.025535,1.003217,0.964536,0.988304,1.004299,0.999823,1.031637
38,0.961192,1.055911,1.077673,0.989804,0.944822,0.880367,1.009298,0.969704,1.020812,1.025357,1.033479,0.988178,1.008822,0.987944,1.015356,0.992755,0.995327,1.01811,0.976294,0.953313,1.00328,0.985739,0.997406,1.0192,1.011102,1.045442,0.989531,1.02521,1.006797,0.957401,0.987235,1.019977,1.015385,0.985081,0.960053,1.011638,0.989721,0.999393,1.045444,1.049135,1.020413,1.046251,1.002402,0.982724,1.013734,1.051854,0.971924,1.009682,1.048068,0.989148,0.971777,0.982003,0.997318,0.969092,1.028287
39,0.943726,1.037175,1.07229,0.983498,0.959858,0.913955,1.0096,0.968507,1.00929,1.02321,1.008209,1.011424,0.994147,0.990613,1.012776,0.99188,0.994628,1.029831,0.975089,0.974036,1.004941,0.986598,1.001932,1.027721,1.012059,1.03578,0.996734,1.02591,1.00212,0.945876,1.003499,1.012107,1.021136,0.979619,0.950923,1.019812,1.001365,0.994006,1.050434,1.03646,1.017167,1.05712,1.014368,0.992353,1.012232,1.018876,0.963718,1.003362,1.015492,0.97879,0.961162,0.975265,0.999532,1.001123,1.047502
40,0.966071,1.047866,1.067575,1.001252,0.961726,0.903632,1.007784,0.968075,1.032233,1.022624,1.007384,1.027392,0.976502,0.990901,1.016945,0.987153,1.002668,1.039502,0.984663,1.028413,1.014476,0.995445,1.009078,1.041096,0.998085,1.030467,0.994706,1.025878,1.003399,0.965375,0.99925,1.002705,1.031393,1.010249,0.968125,1.009578,1.005687,1.001897,1.034719,1.032166,1.004427,1.067386,1.047906,0.982385,1.030043,1.025335,0.955547,1.015868,1.007141,0.978082,0.96762,0.978766,0.998681,1.024939,1.042477
41,0.98156,1.029799,1.060355,1.000939,0.958172,0.914843,1.024261,0.973574,1.019746,1.014056,1.006421,1.027077,0.962536,0.992841,1.027512,0.989385,1.00471,1.038112,0.984675,1.037318,1.022269,1.002086,1.005675,1.039212,0.997678,1.041375,1.009361,1.018796,1.007674,0.9778,1.000167,1.004011,1.020225,0.961677,0.943362,1.010109,1.005531,0.994259,1.051619,1.037398,1.016281,1.055693,1.025322,0.995809,1.020515,1.055648,1.020121,1.022121,1.020086,0.978425,0.978838,0.979261,1.031242,1.005142,1.045408
42,0.987879,1.018414,1.051883,1.006976,0.973254,0.916863,0.99494,0.984165,1.022244,1.014143,1.009402,1.027975,0.958814,0.996196,1.040179,0.990023,1.013608,1.026987,0.988473,1.014888,1.021617,1.005903,1.014665,1.042226,0.997046,1.030396,1.016671,1.026547,1.01692,0.990595,1.015171,1.00227,1.026279,0.966529,0.948007,1.018346,0.998066,0.993854,1.052346,1.048259,1.009739,1.047348,1.027471,0.996432,1.022189,1.010063,1.072061,1.024374,1.014126,0.964957,0.980291,0.972494,0.979356,0.997163,1.037034
43,0.986855,0.990987,1.050819,0.97925,0.964597,0.915664,1.018293,0.992642,1.018148,1.016724,1.019445,1.017016,0.956074,0.999627,1.049996,0.989992,1.015315,1.046182,0.985458,1.02187,1.023736,1.003164,1.015936,1.031663,1.002607,1.036814,1.004751,1.019751,1.015349,0.99849,1.000458,1.00193,1.019209,1.011261,0.949737,1.014196,1.025535,1.007309,1.053206,1.044924,1.00669,1.036534,1.027345,0.9919,1.057639,1.060543,1.09409,1.011666,0.995064,0.974264,0.976737,0.983666,0.974589,1.003132,1.042989
44,0.990611,0.994088,1.052234,0.985421,0.971021,0.937553,1.011936,0.99305,1.007825,1.009544,1.012612,1.007648,0.957571,0.993053,1.063022,0.989483,1.018766,1.06793,0.969928,1.004081,1.029156,1.007961,1.017007,1.010303,0.993624,1.021111,1.006013,1.019576,1.012206,1.018121,1.001853,0.992319,1.020301,1.012325,0.93199,1.014165,1.016677,1.006677,1.063301,1.036398,0.990113,1.031209,1.023468,0.994393,1.013219,1.043286,1.028652,1.018423,0.98741,0.985588,0.96952,0.979232,0.986167,1.001537,1.013213
45,0.981361,0.993749,1.051497,0.974599,0.971249,0.940217,0.992216,0.997505,1.001332,1.009848,1.01839,0.999267,0.954204,0.995806,1.051693,0.992411,1.022171,1.039713,0.962958,1.00885,1.033597,1.002512,1.009992,1.012013,0.995335,1.016738,1.017142,1.027963,1.008186,1.016955,1.01616,0.989482,1.023336,1.006993,0.927922,1.007738,1.016492,1.007865,1.035789,1.03104,0.993458,1.012983,1.022794,0.999264,1.027597,1.040988,0.987042,1.031568,0.982076,0.968066,0.979464,0.978678,0.978505,1.008274,1.029636
46,0.985763,1.008483,1.043681,0.970663,0.975532,0.949585,1.000735,0.987016,0.992741,0.994404,1.009723,0.982189,0.955888,1.004007,1.037002,0.995594,1.010418,1.025651,0.954422,1.010038,1.031427,1.002199,1.018042,1.002855,0.996639,1.009051,1.015963,1.026642,1.009136,1.018518,1.019721,0.990674,1.020119,0.997276,0.937404,1.015475,1.020871,1.001998,1.047891,1.017636,0.997098,1.018583,0.997641,0.987369,1.028884,1.058123,0.986178,1.01728,0.982261,0.988912,0.970883,0.982091,0.980591,1.008037,1.041267
47,0.984948,1.008889,1.022408,0.982112,0.97011,0.952315,1.002422,0.983961,1.007159,0.983298,1.006191,0.985663,0.960506,1.003033,1.027904,1.000129,1.009868,1.020201,0.962042,1.00199,1.031193,0.993813,1.015579,0.984727,0.982665,1.014176,1.021764,1.018748,0.998977,1.012504,1.011839,0.98165,1.01713,0.992657,0.932695,1.005866,0.999403,0.997648,1.021986,1.027413,1.006788,1.012242,0.996039,0.995299,1.030515,1.029619,1.003635,1.016036,0.964009,0.994403,0.977654,0.985708,0.971567,0.957863,1.005955
48,0.979523,1.006028,1.00949,0.996646,0.98387,0.92905,0.999827,0.998192,1.008325,0.992018,1.010823,0.995258,0.966546,1.007735,1.02046,1.000214,1.00859,1.015465,0.978694,1.007764,1.017053,0.998751,1.007006,0.991929,0.988328,1.013,1.01469,1.0113,0.995103,1.008663,1.018961,0.989936,1.01361,1.025298,0.929908,0.999563,1.005417,0.992742,1.032176,1.018261,1.043876,1.004556,1.002149,0.997791,1.032318,1.017638,0.986214,0.998756,0.982076,0.977824,0.972313,0.98177,0.980463,0.994445,1.025821
49,0.983756,0.997867,1.004154,0.990474,0.971932,0.975625,0.999222,0.988187,0.999201,1.01039,0.985645,1.000596,0.971291,1.003253,1.017848,1.002839,1.007807,1.004088,0.996154,0.99662,1.021648,1.000419,1.002019,0.987016,0.998289,1.005313,1.004975,1.015565,0.994774,1.003444,1.013879,0.998127,1.009984,1.021626,0.965659,1.00103,1.009526,1.001593,0.995737,1.002147,0.994737,1.00247,0.985422,0.995016,1.015451,1.024342,1.00162,1.004337,0.98559,0.98666,0.979866,0.980049,0.969269,0.980025,0.979855
50,1,1,1,1,1,1,1,1,1,1,1,1,1,1,1,1,1,1,1,1,1,1,1,1,1,1,1,1,1,1,1,1,1,1,1,1,1,1,1,1,1,1,1,1,1,1,1,1,1,1,1,1,1,1,1
51,1.007531,0.995791,0.991002,0.995752,1.00164,1.016605,0.992475,1.011151,0.997236,1.00449,1.000275,0.998664,1.007596,1.00338,0.998161,0.99654,0.996857,0.998928,1.005342,0.991251,0.987521,0.997077,1.004674,1.006477,0.997372,1.015563,0.991842,1.007098,0.984505,0.992476,1.000833,1.015493,1.003399,0.975831,0.970304,0.992762,1.025435,1.001821,0.992353,1.009026,0.984309,1.013587,1.04542,0.98567,0.98721,1.044211,0.976784,1.003059,1.00027,0.993909,0.983128,0.987254,0.9668,0.991194,1.000837
52,1.007084,1.009649,0.987105,0.985197,1.014125,0.997403,0.990486,0.997811,0.989411,0.993536,1.004907,0.991961,1.007088,0.995603,0.998531,1.108014,0.990309,0.988927,0.984699,0.979621,0.983558,0.993004,1.009025,1.010433,0.996109,1.016644,1.002252,1.015104,0.990389,0.985588,1.001926,1.005448,1.007784,0.999948,0.940511,0.999376,0.936846,0.999494,1.019634,1.008776,0.979833,1.009552,1.032485,0.988275,0.983648,1.018699,0.987006,0.99768,0.966157,0.979626,1.022883,0.979903,0.949306,0.990781,1.00549
53,1.142732,1.095517,1.07676,0.996243,1.013715,1.010012,0.985297,0.973421,0.971563,0.892432,1.0349,0.988281,1.360071,1.31363,0.998629,1.128946,0.979452,1.168285,1.331288,0.982926,0.98313,0.993182,1.397791,1.308815,1.00992,1.06004,1.221658,1.337593,1.204027,1.235754,1.396768,1.078659,1.369035,0.925534,0.916613,0.928739,0.889829,0.947825,0.947195,0.909068,1.004968,1.018692,1.0549,0.979553,1.012318,0.966342,0.945792,1.00074,0.914675,0.937677,0.986212,0.980224,0.957564,0.989303,1.034056
54,1.281411,1.187503,1.149401,0.999329,1.027703,1.003774,0.992778,0.966598,0.946222,0.871348,1.005136,0.991084,1.445496,1.371248,1.193126,1.128088,1.355681,1.176209,1.426182,0.981436,1.156169,1.407446,1.495949,1.412526,1.217188,1.113663,1.264159,1.424952,1.264691,1.28042,1.448319,1.119351,1.448966,0.881295,0.918888,0.917257,0.885933,0.955969,0.924903,0.898291,0.993802,1.019351,1.08056,0.980629,1.001288,0.922131,0.911777,0.919718,0.88749,0.933624,0.997743,0.984949,0.945305,1.001832,1.009305
55,1.33843,1.228548,1.186904,1.000447,1.026883,0.999068,0.976172,0.936836,0.928574,0.86317,1.024169,0.989871,1.470762,1.383092,1.228169,1.125865,1.431044,1.161723,1.428919,0.987412,1.192985,1.448093,1.562356,1.439986,1.26294,1.11766,1.269276,1.447631,1.250365,1.285956,1.513833,1.125877,1.462591,0.887276,0.909982,0.899504,0.87301,0.949949,0.922342,0.893433,1.008903,1.007274,1.073313,0.965845,0.965064,0.922009,0.917321,0.908556,0.900634,0.905979,1.001743,0.984891,0.950115,0.989835,0.997999
56,1.363527,1.245043,1.21219,0.992576,1.034355,1.001554,0.977642,0.949973,0.916087,0.868658,0.921394,0.969716,1.456636,1.362708,1.214881,1.117772,1.464743,1.104561,1.408506,0.993963,1.190978,1.470549,1.596029,1.427394,1.272555,1.106352,1.263287,1.443016,1.228695,1.234482,1.503951,1.129509,1.448374,0.901962,0.924974,0.901345,0.898999,0.953591,0.902592,0.87119,1.004427,0.983641,1.095938,0.940527,1.017854,0.939837,0.912893,0.902337,0.897548,0.911834,1.010994,0.981187,0.931302,0.978961,1.0154
57,1.372509,1.241636,1.200267,0.992174,1.021187,0.975669,0.970204,0.936531,0.918118,0.854971,0.907682,1.192334,1.415282,1.325669,1.18195,1.105528,1.455258,1.048365,1.377541,1.315945,1.177541,1.439068,1.617144,1.421757,1.262105,1.101768,1.259078,1.416899,1.190908,1.196307,1.496746,1.118745,1.420411,0.878208,0.93718,0.901158,0.899539,0.944664,0.911196,0.879633,0.97939,1.003431,1.076009,0.950382,0.97133,0.942571,0.934634,0.913633,0.909141,0.887514,0.987352,0.975061,0.90555,0.962473,1.024053
58,1.368922,1.221123,1.191327,0.999598,1.015082,0.994495,0.964107,0.923445,0.903067,0.845405,0.906214,1.364629,1.374358,1.28663,1.141738,1.094488,1.43263,0.99234,1.364531,1.463617,1.153744,1.401202,1.607605,1.390891,1.23157,1.082232,1.251603,1.398883,1.153413,1.144276,1.474766,1.106373,1.393555,0.892543,0.929235,0.903716,0.898942,0.938164,0.909915,0.886158,1.005657,1.00538,1.076725,0.94755,0.989528,0.952253,0.925707,0.888418,0.91146,0.905636,0.983911,0.968411,0.917596,0.965073,1.053829
59,1.345594,1.218783,1.181896,1.012835,1.050759,0.974515,0.978161,0.916037,0.920815,0.820134,0.90149,1.40152,1.343898,1.262392,1.102473,1.080525,1.409956,0.957244,1.340331,1.493318,1.13175,1.360313,1.604942,1.358142,1.2057,1.071748,1.236477,1.358967,1.13039,1.097624,1.455514,1.087815,1.367017,0.899056,0.947495,0.896789,0.907259,0.945448,0.898673,0.888347,1.017954,1.008207,1.081023,0.93322,0.986996,0.944556,0.92146,0.897596,0.93314,0.911234,0.990838,0.966311,0.924747,0.948289,1.029776
60,1.336056,1.192919,1.170674,1.00313,1.052034,0.959464,0.990875,0.911759,0.932869,0.821088,0.904059,1.418989,1.308761,1.218906,1.05868,1.057464,1.37579,0.918364,1.331999,1.500361,1.107698,1.316629,1.589154,1.328348,1.177283,1.054257,1.215291,1.326405,1.096404,1.044374,1.426568,1.086075,1.332226,0.912029,0.949801,0.902437,0.906861,0.944082,0.899725,0.89408,0.980718,1.003541,1.045546,0.904106,0.982403,0.971496,0.904327,0.891948,0.911432,0.928498,1.011866,0.957327,0.904188,0.933278,1.035777
61,1.310959,1.162946,1.169703,1.038996,1.080421,0.971141,1.007308,0.887472,0.927475,0.830654,0.904838,1.424019,1.267457,1.180443,1.023474,1.0351,1.343836,0.888718,1.274676,1.49663,1.082689,1.273924,1.585376,1.300772,1.154407,1.041586,1.204527,1.28972,1.072796,1.017697,1.394727,1.058871,1.302199,0.924587,0.940607,0.900846,0.898416,0.943804,0.924043,0.894705,0.994048,1.010924,1.027935,0.918946,0.990944,0.93195,0.929451,0.903009,0.914576,0.954126,1.003486,0.973545,0.91334,0.942261,1.037266
62,1.287611,1.129806,1.148641,1.022763,1.063653,0.981619,1.00653,0.896891,0.917885,0.812824,0.902545,1.41709,1.223607,1.147606,1.011688,1.007848,1.307451,0.881919,1.273892,1.489777,1.051965,1.22775,1.557525,1.279456,1.135768,1.023955,1.168191,1.260787,1.04389,0.974064,1.354807,1.047559,1.26413,0.921097,0.941152,0.902936,0.89725,0.944234,0.934252,0.884157,1.012986,1.020202,1.065771,0.920702,0.966867,0.960141,0.981175,0.903917,0.909682,0.929828,0.992268,0.95899,0.903124,0.945039,1.030241
63,1.263418,1.101371,1.128468,1.032646,1.072675,0.947054,0.990789,0.86825,0.911725,0.820655,0.930016,1.422861,1.195016,1.112244,0.959059,0.978627,1.273481,0.867592,1.259242,1.470956,1.020721,1.185854,1.555663,1.248736,1.111752,1.006441,1.155624,1.228908,1.010707,0.928869,1.336721,1.040919,1.234467,0.908837,0.948744,0.90278,0.893824,0.947699,0.951669,0.892808,0.968765,1.021382,1.03851,0.898895,0.98,0.937906,1.005435,0.898,0.895912,0.929463,1.029095,0.952135,0.894782,0.948998,1.049363
64,1.24305,1.056482,1.101754,1.034972,1.073085,0.928362,0.991264,0.86517,0.91259,0.831934,0.939509,1.439226,1.161739,1.080627,0.936074,0.957945,1.239297,0.844468,1.250283,1.480879,0.991046,1.145895,1.546951,1.238737,1.091361,1.009709,1.150035,1.18928,0.988342,0.902986,1.305036,1.029852,1.204713,0.903804,0.916741,0.916633,0.909762,0.94914,0.927981,0.911007,0.954452,1.017128,1.054942,0.902974,0.982532,0.913509,0.952919,0.902538,0.914675,0.950909,1.002279,0.953827,0.901124,0.939129,1.059458
65,1.22303,1.028204,1.079054,1.035687,1.064519,0.922923,0.994551,0.886988,0.907362,0.826012,0.93795,1.439021,1.136837,1.039335,0.906843,0.92763,1.20225,0.81924,1.249488,1.463529,0.968023,1.111207,1.5438,1.219102,1.063087,0.987964,1.132374,1.164356,0.961519,0.86293,1.271165,1.004086,1.174959,0.913456,0.940543,0.902499,0.922685,0.930981,0.92649,0.904086,0.972356,1.020641,1.029999,0.885358,0.948798,0.942312,0.927147,0.902841,0.899724,0.934589,1.019486,0.944231,0.928875,0.93251,1.053829
66,1.177029,1.004382,1.032986,1.028308,1.056545,0.909293,0.988454,0.85132,0.937165,0.814885,0.929787,1.399204,1.114996,1.005414,0.870941,0.898338,1.181665,0.819439,1.228001,1.443858,0.94391,1.076513,1.543583,1.200727,1.044163,0.959989,1.12345,1.126733,0.946097,0.842822,1.243406,0.998203,1.149499,0.903142,0.931862,0.910767,0.923652,0.95172,0.948476,0.913258,0.951697,1.022343,1.029409,0.890343,0.952747,0.919275,0.928335,0.913397,0.913551,0.912778,1.000313,0.956452,0.892058,0.916553,1.093887
67,1.129528,0.981876,1.00688,1.043111,1.016266,0.900724,0.993167,0.849894,0.908961,0.833301,0.937858,1.377047,1.084469,0.968747,0.844724,0.872733,1.154551,0.804953,1.224251,1.430218,0.930035,1.037944,1.528691,1.174731,1.014381,0.935963,1.114148,1.108637,0.918543,0.810369,1.217938,0.979664,1.141502,0.899302,0.937052,0.912951,0.907899,0.935635,0.936164,0.9069,0.984456,1.02259,1.009775,0.890683,0.987554,0.919588,0.914585,0.915045,0.891615,0.898237,0.986615,0.954235,0.905848,0.919626,1.075789
68,1.09542,0.955417,0.984309,1.030723,1.018545,0.908427,1.014011,0.831157,0.903466,0.824603,0.936299,1.36674,1.053578,0.943213,0.825374,0.84453,1.123566,0.79728,1.233752,1.402682,0.90091,1.01016,1.507202,1.152328,0.999776,0.963609,1.08432,1.092054,0.901147,0.782367,1.195354,0.989028,1.119562,0.89794,0.931477,0.904777,0.910615,0.94307,0.960483,0.922952,0.939203,1.04271,1.047316,0.885358,0.985408,0.948024,0.940069,0.917196,0.897092,0.906816,1.016581,0.955723,0.904571,0.923468,1.094631
69,1.083209,0.928015,0.97675,1.007826,1.006333,0.894397,1.006011,0.83994,0.905331,0.838008,0.934006,1.349779,1.02349,0.924727,0.799637,0.817309,1.099101,0.791182,1.218415,1.392854,0.877612,0.978204,1.458898,1.138707,0.99067,0.942451,1.076362,1.066478,0.889636,0.763716,1.12503,0.982066,1.100536,0.899652,0.924878,0.90487,0.912705,0.946333,0.938497,0.955243,0.982636,1.045784,1.048496,0.885018,0.987597,0.977208,0.924483,0.908859,0.893934,0.939114,0.996804,0.965232,0.904997,0.89776,1.061087
70,1.060636,0.912371,0.9621,1.013014,0.991616,0.890423,1.008649,0.808396,0.898671,0.843192,0.926622,1.343871,1.008636,0.91124,0.774867,0.796618,1.068387,0.788271,1.210505,1.379976,0.853631,0.953407,1.520579,1.144967,0.964983,0.940312,1.05817,1.048796,0.869866,0.749199,1.119959,0.962997,1.089672,0.894619,0.92821,0.907273,0.909947,0.935129,0.959737,0.972149,0.968519,1.048748,1.029409,0.901728,0.981245,0.93282,0.914117,0.904286,0.892313,0.920756,1.002279,0.989324,0.923768,0.921695,1.047641
71,1.03994,0.896661,0.948515,1.033943,0.976307,0.911934,1.062013,0.827338,0.883221,0.846055,0.950654,1.345345,0.980435,0.89289,0.746017,0.777441,1.05836,0.782583,1.188849,1.372306,0.842211,0.925722,1.509622,1.133983,0.959056,0.933448,1.038953,1.023539,0.86252,0.722865,1.109162,0.948317,1.072997,0.891778,0.939807,0.908614,0.927406,0.939403,0.955072,0.998103,0.973586,1.037083,1.038299,0.879184,1.009785,0.875133,0.923512,0.899681,0.895385,0.906816,1.007307,1.020418,0.884481,0.925832,1.050712
72,1.004968,0.875891,0.927136,1.02321,0.980681,0.909759,1.064089,0.813743,0.893843,0.822498,0.946388,1.341747,0.965243,0.872718,0.720812,0.75238,1.035611,0.767449,1.168037,1.353229,0.828805,0.897881,1.49809,1.113695,0.954085,0.926466,1.034709,1.013257,0.857916,0.7075,1.068054,0.946634,1.065714,0.939467,0.925615,0.908427,0.910615,0.939353,0.948151,0.986471,0.94786,1.030276,1.026291,0.884395,0.983906,0.953491,0.909366,0.905329,0.892156,0.919919,1.013274,1.004171,0.900741,0.91614,1.000744
73,0.980864,0.862471,0.911632,1.050579,0.960086,0.9346,1.070576,0.823264,0.887117,0.837748,0.959596,1.33244,0.946981,0.845616,0.706284,0.727034,1.014187,0.764327,1.142788,1.332742,0.812974,0.874957,1.477045,1.099233,0.94335,0.91892,1.025336,0.988127,0.843042,0.691711,1.04344,0.936532,1.057141,0.923406,0.933432,0.902905,0.912946,0.945372,0.964096,1.005316,0.939793,1.061567,1.013862,0.877202,0.964592,0.94797,0.898387,0.901631,0.910976,0.902526,0.899374,0.993233,0.896144,0.91413,1.006327
74,0.96772,0.842586,0.898667,1.055901,0.970064,0.899059,1.071873,0.84465,0.885885,0.835231,0.940748,1.326279,0.927246,0.82946,0.683909,0.70896,0.99363,0.764922,1.113536,1.303863,0.799018,0.851955,1.460787,1.081149,0.928561,0.902722,1.006142,0.976923,0.828717,0.679895,1.013224,0.936569,1.042803,0.933772,0.948648,0.908646,0.920937,0.931285,0.937751,0.995768,0.975307,1.059343,1.030673,0.868649,0.973305,0.947099,0.915917,0.899176,0.896566,0.90302,0.897028,1.002158,0.903294,0.916849,1.009538
75,0.943736,0.81272,0.881022,1.086266,0.966146,0.87515,1.04411,0.817129,0.884153,0.832216,0.956065,1.304466,0.905668,0.822767,0.663678,0.688541,0.967924,0.755913,1.104818,1.290999,0.793242,0.833764,1.464329,1.056935,0.9241,0.89654,1.010186,0.958509,0.814428,0.673007,0.995481,0.920944,1.025809,0.912509,0.940127,0.904527,0.913515,0.944158,0.944232,0.983031,0.991638,1.05594,1.010955,0.893005,0.93867,0.96418,0.900007,0.90116,0.90247,0.905507,0.895106,0.987604,0.890908,0.938774,1.018796
76,0.918798,0.797382,0.864336,1.088681,0.957488,0.873218,1.058554,0.841213,0.899371,0.819093,0.929374,1.295755,0.888598,0.817566,0.661229,0.677029,0.952767,0.7382,1.075494,1.268913,0.783503,0.814465,1.463763,1.036401,0.919945,0.893625,1.006531,0.941766,0.806096,0.659099,0.973147,0.917028,1.012927,0.924055,0.935354,0.90668,0.91171,0.940996,0.92649,1.015656,0.974078,1.05712,0.991068,0.869555,0.959313,1.010866,0.919336,0.90822,0.897604,0.931972,0.879955,1.001138,0.865881,0.911766,1.06011
77,0.89993,0.786964,0.862932,1.069407,0.951337,0.880367,1.033515,0.835179,0.875429,0.831717,0.933364,1.281946,0.865548,0.808001,0.65163,0.664164,0.93998,0.737141,1.051981,1.240669,0.779112,0.79699,1.460621,1.018461,0.919191,0.890615,0.996369,0.920551,0.797654,0.653827,0.948699,0.918446,1.002018,0.917309,0.939807,0.906992,0.91424,0.936899,0.934558,1.018866,0.978898,1.052454,0.988961,0.884225,0.955236,0.979506,0.907674,0.906875,0.90466,0.907888,0.887866,0.987662,0.881204,0.913362,1.02517
78,0.883616,0.773321,0.838535,1.078753,0.952385,0.864405,1.046445,0.828916,0.901668,0.823952,0.935795,1.282892,0.846812,0.796081,0.637504,0.641956,0.927584,0.721743,1.052114,1.229788,0.771574,0.786752,1.459812,1.005246,0.915382,0.881682,0.987031,0.902376,0.794474,0.645694,0.9308,0.915533,0.977423,0.924055,0.939518,0.908677,0.911582,0.936495,0.939032,1.025558,0.98667,1.055061,0.985464,0.886095,0.95927,0.976038,0.919012,0.906976,0.903536,0.926246,0.891486,0.995566,0.883374,0.898824,1.016051
79,0.868197,0.756296,0.830683,1.084164,0.936757,0.860099,1.041299,0.825632,0.892411,0.829635,0.951066,1.284029,0.835841,0.793014,0.627721,0.630358,0.910282,0.714666,1.053368,1.21973,0.764596,0.77369,1.490065,0.993015,0.909474,0.864004,0.973862,0.884854,0.776202,0.623069,0.930301,0.90895,0.961749,0.912807,0.936187,0.905775,0.903563,0.936267,0.948801,1.059558,1.001131,1.056736,1.039395,0.908638,0.973219,0.965227,0.90645,0.904219,0.909312,0.904328,0.897587,0.9937,0.903209,0.933396,1.06318
80,0.852797,0.744869,0.824949,1.068333,0.942862,0.837633,1.030791,0.819827,0.894642,0.826446,0.94116,1.27878,0.810482,0.785076,0.612289,0.616641,0.907008,0.702561,1.024212,1.206124,0.770382,0.759564,1.505583,0.975597,0.894808,0.870422,0.967673,0.872551,0.767359,0.613877,0.920274,0.898261,0.950354,0.919916,0.922476,0.910206,0.908738,0.939201,0.934138,1.071837,0.992474,1.030303,0.997978,0.887907,0.965622,0.971251,0.905658,0.89531,0.890008,0.902183,0.896469,0.986087,0.889717,0.911116,1.041593
81,0.844242,0.738089,0.811774,1.077277,0.930013,0.831039,1.015871,0.817536,0.894409,0.810048,0.945288,1.264114,0.796364,0.782483,0.604834,0.607016,0.88882,0.699942,1.012745,1.179411,0.767876,0.737832,1.487645,0.965744,0.893809,0.864498,0.972365,0.856588,0.763668,0.602882,0.90704,0.883279,0.940537,0.914883,0.918792,0.90278,0.921505,0.941907,0.931385,1.060017,0.972356,1.015042,1.001348,0.890456,0.944807,0.939769,0.910878,0.910506,0.89621,0.905036,0.894749,0.991833,0.885332,0.922818,1.038615
82,0.825544,0.715401,0.805443,1.086892,0.945505,0.833881,1.023871,0.800606,0.887183,0.805124,0.938042,1.25293,0.787525,0.775681,0.596041,0.591826,0.868571,0.693843,1.001604,1.16542,0.76429,0.724195,1.486453,0.948224,0.881139,0.861089,0.95573,0.850015,0.750731,0.59618,0.887246,0.877717,0.928657,0.906165,0.913602,0.899348,0.911013,0.946662,0.955168,1.062393,0.99031,1.015426,1.029746,0.889323,0.981373,0.934982,0.90825,0.910842,0.91752,0.93446,0.927218,0.993758,0.904273,0.920986,1.03601
83,0.802414,0.701187,0.796983,1.072761,0.961817,0.836567,1.010422,0.823264,0.878426,0.826967,0.947718,1.238031,0.779244,0.765734,0.5784,0.5808,0.851055,0.677439,0.990076,1.163032,0.764229,0.711148,1.50628,0.925734,0.863743,0.851686,0.946274,0.83854,0.751425,0.591252,0.885226,0.876468,0.925607,0.918139,0.91405,0.921063,0.898246,0.939226,0.964096,1.058724,0.989867,1.032718,1.002149,0.888757,0.987039,0.963051,0.922828,0.935485,0.901602,0.915759,0.900246,0.984191,0.919256,0.924295,1.054341
84,0.792499,0.68876,0.802623,1.084209,0.951611,0.81419,1.021104,0.804094,0.886551,0.827921,0.932447,1.240478,0.764044,0.752408,0.578084,0.565618,0.835674,0.666578,0.983083,1.157925,0.756721,0.703364,1.522085,0.91078,0.864334,0.848582,0.943799,0.834768,0.741924,0.593478,0.885851,0.87399,0.929613,0.930399,0.931766,0.92097,0.905866,0.933839,0.976733,1.038482,0.990507,1.01485,1.00257,0.85177,0.965408,0.912258,0.90807,0.930711,0.901744,0.906708,0.895888,0.991541,0.943603,0.915253,1.050107
85,0.785166,0.68274,0.787037,1.080005,0.974074,0.82045,1.012368,0.819598,0.878426,0.809115,0.946113,1.233008,0.754409,0.732474,0.564263,0.55656,0.832942,0.649063,0.967745,1.138309,0.746289,0.696355,1.533321,0.917663,0.843495,0.826202,0.944141,0.831187,0.710459,0.57888,0.882019,0.861467,0.916488,0.921331,0.927249,0.914168,0.915065,0.927618,0.9575,1.080738,0.970585,1.018583,0.992795,0.854376,0.968026,0.951261,0.891944,0.916053,0.923936,0.926246,0.907218,1.001838,0.886907,0.886472,1.011352
86,0.776135,0.679375,0.785142,1.088413,0.980043,0.816898,0.995632,0.826319,0.886551,0.830915,0.928227,1.23004,0.743743,0.724078,0.557668,0.550597,0.821712,0.641893,0.956616,1.137047,0.743804,0.687734,1.529805,0.903984,0.840134,0.823499,0.929969,0.825315,0.678483,0.573476,0.87901,0.859651,0.914228,0.961976,0.925615,0.912015,0.901146,0.950582,0.929893,1.08768,0.953665,1.013834,1.015421,0.86729,0.945236,0.92753,0.898495,0.927786,0.91422,0.920048,0.908067,0.996208,0.882864,0.908693,0.98674
87,0.770283,0.669618,0.776787,1.094048,0.996173,0.809706,0.998746,0.804374,0.885352,0.840134,0.941573,1.235591,0.73558,0.711794,0.550028,0.545918,0.819119,0.623413,0.93771,1.126065,0.73219,0.673558,1.534827,0.902158,0.833452,0.818069,0.929851,0.815686,0.660649,0.567224,0.864464,0.848546,0.904669,0.935199,0.912641,0.911079,0.907743,0.956095,0.948476,1.082364,0.978013,1.017622,0.997978,0.858963,0.975622,0.940572,0.923836,0.926273,0.911745,0.931136,0.909028,0.987837,0.884268,0.879735,1.01647
88,0.768783,0.660697,0.752659,1.099414,1.023283,0.796741,0.996411,0.807964,0.875162,0.814039,0.950011,1.246741,0.726487,0.70178,0.541507,0.536736,0.822029,0.611057,0.93326,1.101193,0.731885,0.670025,1.549849,0.882218,0.821332,0.818398,0.92444,0.807378,0.644423,0.564787,0.851761,0.852632,0.891787,0.92578,0.929075,0.902281,0.924264,0.934269,0.938707,1.115739,0.98603,1.015152,1.014452,0.871425,0.953305,0.923818,0.987042,0.916793,0.926212,0.930643,0.913341,1.000438,0.915766,0.901602,1.005676
89,0.767551,0.659473,0.745346,1.084567,1.057912,0.817142,0.993902,0.813055,0.890147,0.824798,0.951204,1.231102,0.716945,0.694401,0.543227,0.52688,0.81689,0.602961,0.922179,1.096545,0.734839,0.668294,1.545619,0.871176,0.813713,0.808642,0.909809,0.796524,0.654546,0.557581,0.834154,0.848433,0.879133,0.919735,0.931189,0.909145,0.932538,0.930147,0.930639,1.106921,0.985243,1.003815,1.005393,0.848598,0.945837,0.936234,0.981463,0.914641,0.933069,0.928391,0.926369,0.980749,0.896016,0.895633,1.028194
90,0.768326,0.653437,0.753396,1.107196,1.076594,0.800382,1.01786,0.824843,0.885552,0.83868,0.95524,1.229122,0.710373,0.688377,0.535619,0.519492,0.812935,0.592907,0.909084,1.07649,0.728513,0.662043,1.554479,0.873466,0.808784,0.83302,0.922047,0.785686,0.64055,0.553236,0.831447,0.860426,0.886446,0.943489,0.932278,0.904558,0.929126,0.921093,0.922877,1.106233,0.985145,1.023359,1.00809,0.849618,0.955365,0.923505,0.947664,0.918171,0.942671,0.934224,0.947575,0.99017,0.902699,0.914662,1.023309
91,0.773254,0.642217,0.755491,1.107687,1.063927,0.793544,0.979848,0.815321,0.889015,0.8315,0.947718,1.186509,0.708199,0.682735,0.52823,0.514769,0.807096,0.583594,0.886452,1.041385,0.732557,0.657559,1.560284,0.867626,0.796623,0.831069,0.913275,0.78123,0.643327,0.551964,0.821222,0.859272,0.884292,0.929919,0.9301,0.91891,0.924733,0.934244,0.923202,1.099708,0.973733,1.018775,0.999326,0.861909,0.937296,0.919656,0.923872,0.926677,0.961193,0.928262,0.93848,0.989062,0.905125,0.894392,1.038522
92,0.760854,0.641539,0.750214,1.097983,1.086709,0.810438,0.997492,0.802083,0.900203,0.849873,0.954964,1.240676,0.706296,0.66968,0.526565,0.500645,0.81439,0.574598,0.873369,1.026187,0.72781,0.655778,1.485409,0.864366,0.791041,0.821054,0.919701,0.78115,0.63251,0.547673,0.78253,0.849341,0.891408,0.922576,0.934713,0.91292,0.937287,0.928376,0.930104,1.09237,0.982538,1.00914,1.011292,0.868083,0.980086,0.938273,0.945072,0.925198,0.943155,0.910998,0.925475,0.983491,0.894228,0.883695,1.022518
93,0.751515,0.640894,0.749851,1.089173,1.089716,0.810216,0.995632,0.794088,0.895941,0.85714,0.932722,1.25123,0.68284,0.662097,0.514322,0.496186,0.815789,0.544409,0.869173,1.033392,0.71475,0.651606,1.427835,0.839992,0.776517,0.806244,0.91357,0.755351,0.655642,0.522373,0.747618,0.847695,0.853566,0.929452,0.912128,0.919909,0.914212,0.938214,0.925439,1.091057,0.954107,1.009113,1.009986,0.868932,0.974378,0.926537,0.93539,0.944528,0.947394,0.91147,0.954749,0.977074,0.894356,0.910348,1.052573
94,0.743507,0.630658,0.740923,1.084969,1.084522,0.825667,0.988151,0.78696,0.884852,0.85714,0.934648,1.263292,0.662167,0.641697,0.508826,0.490771,0.794094,0.525982,0.814045,1.012824,0.69409,0.631336,1.352716,0.812111,0.765273,0.794819,0.895166,0.725765,0.645593,0.504649,0.707448,0.831691,0.823706,0.927143,0.921707,0.921812,0.930974,0.938012,0.940198,1.073129,0.955534,0.998957,1.001348,0.865704,0.965494,0.921261,0.932222,0.929265,0.957736,0.901111,0.952782,0.973224,0.897378,0.908161,1.028008
95,0.727124,0.625556,0.732205,1.086669,1.103932,0.781779,1.015179,0.797169,0.910393,0.85291,0.950562,1.259886,0.651796,0.617442,0.508848,0.486115,0.756785,0.534382,0.771107,1.005208,0.698664,0.604034,1.316553,0.80688,0.756921,0.797334,0.864478,0.708815,0.65144,0.492622,0.675451,0.815478,0.798094,0.935912,0.900468,0.916508,0.928884,0.942792,0.936585,1.074484,0.972258,1.00247,1.008174,0.886604,0.968112,0.923192,0.927435,0.940528,0.958831,0.906944,0.950637,0.970861,0.881417,0.900656,1.035405
96,0.71852,0.620322,0.736535,1.077725,1.096505,0.823048,1.002811,0.790244,0.979122,0.856424,0.972025,1.276059,0.641409,0.600363,0.508119,0.474183,0.738392,0.509406,0.732341,0.999467,0.705826,0.581351,1.263009,0.795447,0.740686,0.776294,0.866506,0.695654,0.641938,0.484091,0.651232,0.817275,0.783726,0.939869,0.893676,0.916446,0.934543,0.94608,0.922571,1.069856,0.946975,0.999643,1.00868,0.862532,0.973906,0.923627,0.921496,0.933468,0.950936,0.890023,0.956737,0.969607,0.895335,0.874416,1.017447
97,0.71546,0.626184,0.746504,1.083449,1.135463,0.826599,0.993902,0.813997,0.979321,0.866554,0.94969,1.282577,0.63295,0.588112,0.512363,0.468179,0.721706,0.499643,0.702727,0.989733,0.722421,0.569013,1.244593,0.783608,0.741888,0.772509,0.850236,0.688715,0.65038,0.48274,0.649264,0.814986,0.774849,0.923108,0.905145,0.911953,0.9196,0.941553,0.911827,1.044945,0.941663,0.994785,1.009986,0.86627,0.94309,0.918595,0.914297,0.930005,0.94967,0.883589,0.967508,0.970978,0.906529,0.897642,1.017679
98,0.717983,0.621744,0.754262,1.068378,1.156605,0.808507,1.007395,0.810509,0.960374,0.881109,0.949599,1.217458,0.637882,0.577412,0.519937,0.462411,0.701755,0.492486,0.675971,0.934384,0.732058,0.548636,1.201076,0.790433,0.724797,0.774649,0.856378,0.683367,0.640367,0.469468,0.63879,0.812073,0.76658,0.91452,0.894733,0.924651,0.940983,0.941882,0.922667,1.050469,0.952041,0.98677,1.002022,0.884905,0.95824,0.914502,0.96235,0.928358,0.948276,0.904435,0.96438,0.960477,0.902954,0.883163,1.010049
99,0.717397,0.628797,0.759809,1.075891,1.182257,0.815611,1.018985,0.803508,0.991542,0.900653,0.937629,1.167615,0.623806,0.56722,0.52527,0.45697,0.688035,0.482432,0.662659,0.889248,0.748174,0.538235,1.188978,0.79807,0.716628,0.776318,0.855635,0.67907,0.649613,0.47058,0.634927,0.819375,0.75778,0.943606,0.880094,0.934448,0.940685,0.945094,0.936795,1.039108,0.974619,0.972552,1.006067,0.880997,0.954464,0.923002,0.90861,0.924592,0.945601,0.870357,0.931106,0.962694,0.904657,0.885527,1.026938
100,0.735301,0.62764,0.768854,1.079961,1.178567,0.824668,1.020844,0.784134,1.030901,0.922193,0.924421,1.11466,0.625862,0.564433,0.539004,0.455095,0.679109,0.479376,0.650228,0.850433,0.74957,0.525499,1.176741,0.799475,0.721212,0.780761,0.85705,0.670826,0.65334,0.473309,0.625889,0.819981,0.751013,0.925067,0.876602,0.941843,0.951817,0.952479,0.934348,1.033354,0.974373,0.982598,1.010238,0.875446,0.918798,0.913197,0.887409,0.93683,0.916524,0.887278,0.953989,0.979524,0.911339,0.87814,1.001721
101,0.760258,0.640357,0.774225,1.06726,1.181619,0.868512,1.022055,0.79722,1.008791,0.906314,0.950562,1.081484,0.636511,0.559503,0.541398,0.45147,0.674809,0.473886,0.635132,0.821858,0.753634,0.521001,1.166845,0.80433,0.712452,0.78692,0.863829,0.661197,0.661892,0.478051,0.632355,0.832618,0.743017,0.941361,0.868113,0.943528,0.964968,0.951239,0.924483,1.037836,0.977816,0.971536,0.984368,0.866667,0.922318,0.91574,0.904147,0.932426,0.91597,0.896586,0.930838,0.96914,0.91053,0.914071,1.011817
102,0.78463,0.660788,0.791811,1.117705,1.191188,0.848843,1.030877,0.802414,1.007859,0.927659,0.946205,1.071472,0.64826,0.560096,0.545381,0.446421,0.665109,0.471346,0.617443,0.795185,0.741817,0.51563,1.145896,0.818038,0.711434,0.802835,0.862756,0.659685,0.657214,0.477866,0.615622,0.834812,0.736796,0.882242,0.874776,0.94646,0.955044,0.942438,0.927351,1.068605,0.99395,0.988911,1.013483,0.87471,0.91,0.927285,0.907134,0.934006,0.925444,0.902526,0.940045,0.970365,0.893718,0.8873,1.012934
103,0.815738,0.681558,0.808942,1.092259,1.16631,0.897904,1.040131,0.797424,0.988812,0.926379,0.955285,1.038734,0.665626,0.55935,0.545229,0.447493,0.661415,0.472973,0.615562,0.781322,0.749906,0.510132,1.129481,0.827283,0.708338,0.789388,0.858512,0.652205,0.649028,0.469468,0.611478,0.842474,0.728602,0.958304,0.861481,0.947147,0.962551,0.949014,0.915555,1.070565,0.979144,0.973951,0.996503,0.890173,0.937382,0.894321,0.914225,0.936729,0.913793,0.886935,0.937385,0.972669,0.890695,0.903965,1.019959
104,0.865087,0.725397,0.832052,1.077277,1.146763,0.921169,1.05903,0.808065,0.976724,0.938722,0.951708,1.035061,0.672046,0.560883,0.551106,0.444556,0.655399,0.466795,0.60969,0.767075,0.754062,0.506605,1.117932,0.835108,0.70188,0.795101,0.861542,0.653637,0.655533,0.470951,0.612072,0.845917,0.7249,0.940116,0.875609,0.952139,0.953381,0.954831,0.925859,1.067959,0.977767,0.995828,0.997514,0.893231,0.934979,0.898904,0.912245,0.939923,0.918402,0.882517,0.935911,0.98247,0.880608,0.91614,1.000233
105,0.920676,0.778067,0.856987,1.079424,1.106347,0.900435,1.075506,0.796431,0.97436,0.92844,0.93474,1.023582,0.680505,0.565501,0.55634,0.448479,0.644254,0.471796,0.603311,0.753779,0.755468,0.503022,1.117575,0.855526,0.708032,0.795971,0.856355,0.648131,0.656227,0.470951,0.60823,0.851157,0.715068,0.939584,0.868113,0.966616,0.950424,0.947547,0.918958,1.125141,0.961289,0.998051,1.013862,0.900821,0.931545,0.899965,0.903139,0.942848,0.915586,0.906708,0.93781,0.989354,0.895633,0.913717,1.008421
106,0.969319,0.86458,0.879302,1.095434,1.10293,0.887426,1.072652,0.835052,0.958276,0.934448,0.978904,0.999116,0.697643,0.562654,0.558952,0.45051,0.643125,0.471783,0.593942,0.745071,0.776667,0.502476,1.125878,0.87006,0.707869,0.804058,0.854504,0.644136,0.643583,0.473548,0.607116,0.839106,0.711639,0.954451,0.8643,0.964338,0.943983,0.949014,0.917562,1.104399,0.973045,0.990503,1.029283,0.894194,0.90103,0.906791,0.929559,0.945537,0.906951,0.876083,0.967777,0.989208,0.902103,0.908752,1.024891
107,0.997884,0.938293,0.895449,1.093511,1.10498,0.924855,1.048218,0.826498,0.955712,0.950023,0.959138,1.001412,0.70836,0.558528,0.562163,0.450319,0.646361,0.468859,0.595413,0.73419,0.769771,0.506208,1.107775,0.879103,0.702125,0.796652,0.849257,0.646348,0.650088,0.466819,0.605689,0.842284,0.715478,0.939584,0.872693,0.971171,0.950082,0.945524,0.888885,1.109777,0.988637,0.989542,1.017865,0.883489,0.93133,0.91642,0.927327,0.949033,0.933951,0.901218,0.968201,0.996996,0.914914,0.908812,1.023448
108,1.046836,0.986241,0.921157,1.075578,1.088258,0.988878,1.063311,0.83024,0.960607,0.954318,0.946939,0.993442,0.706414,0.553343,0.567528,0.444515,0.639832,0.47251,0.594159,0.726162,0.7741,0.506747,1.108001,0.881494,0.711108,0.81151,0.843964,0.64229,0.646835,0.465785,0.603211,0.857135,0.720758,0.974417,0.868593,0.980905,0.934244,0.940061,0.899839,1.064582,1.000344,0.986715,1.013651,0.892778,0.945794,0.906669,0.919804,0.946747,0.913039,0.904199,0.976112,1.005192,0.886822,0.923113,1.034242
109,1.0815,1.013006,0.967248,1.066857,1.074817,0.956001,1.064219,0.842689,0.947521,0.935945,0.951754,0.988096,0.711007,0.553818,0.563273,0.443065,0.635878,0.470751,0.596547,0.718087,0.773947,0.504002,1.107348,0.884493,0.714571,0.812027,0.842985,0.646937,0.642669,0.477283,0.605273,0.852746,0.720242,0.974702,0.862442,0.975695,0.931088,0.936798,0.901312,1.072337,0.993015,0.986715,1.033117,0.895554,0.927983,0.918351,0.928587,0.948529,0.919967,0.906237,0.972559,1.005892,0.902869,0.92004,1.03066
110,1.125892,1.038076,1.014533,1.061491,1.063562,0.963726,1.046143,0.819776,0.959675,0.954556,0.981793,0.987747,0.72186,0.552877,0.561934,0.439574,0.633574,0.472431,0.595076,0.713183,0.770362,0.506449,1.116078,0.891956,0.719989,0.809112,0.850483,0.649086,0.645191,0.477098,0.608594,0.854997,0.727965,1.026958,0.853152,0.969767,0.935183,0.939833,0.897182,1.076652,0.989966,0.979578,1.014915,0.889833,0.932275,0.913197,0.939169,0.937099,0.923836,0.924101,0.976425,0.996704,0.895931,0.927782,1.018517
111,1.157139,1.075904,1.038474,1.052905,1.038092,1.040004,1.044888,0.839456,0.958776,0.961129,0.995185,0.980105,0.728339,0.553318,0.559943,0.443315,0.636997,0.473648,0.58813,0.71514,0.761499,0.507776,1.124216,0.890942,0.713247,0.814918,0.840132,0.645234,0.642048,0.483932,0.614227,0.857929,0.716237,1.026426,0.868945,0.96958,0.934685,0.927997,0.897717,1.062727,0.996262,0.986084,1.007921,0.893175,0.93721,0.907172,0.939745,0.948428,0.931618,0.923136,0.988402,0.99227,0.90372,0.911648,1.02503
112,1.18154,1.14306,1.087794,1.050892,1.024422,1.091062,1.05371,0.85799,0.942526,0.949654,0.987939,0.971457,0.731917,0.553674,0.562979,0.445721,0.635318,0.478821,0.585574,0.716907,0.764076,0.508237,1.125765,0.888232,0.716221,0.804927,0.83788,0.647765,0.650928,0.483562,0.615747,0.849908,0.72094,1.019486,0.871284,0.973885,0.933149,0.940212,0.903128,1.062685,0.972061,0.98677,1.032274,0.895327,0.927382,0.908532,0.923872,0.934409,0.961804,0.893369,0.964782,0.999504,0.899719,0.93381,1.033126
113,1.223706,1.161135,1.14114,1.051742,1.021871,1.176153,1.053883,0.880318,0.959775,0.942626,0.986288,0.963178,0.728492,0.551624,0.560955,0.448734,0.635169,0.482022,0.581101,0.710762,0.75992,0.503299,1.139212,0.884175,0.717667,0.812309,0.846557,0.647733,0.644021,0.481495,0.615331,0.850797,0.729513,0.988337,0.861545,0.97816,0.94286,0.937506,0.880511,1.057995,1.008362,1.008509,1.029957,0.912433,0.931888,0.900957,0.93323,0.941906,0.953781,0.878228,0.964648,1.002246,0.898485,0.924532,1.03829
114,1.259175,1.160995,1.193223,1.039578,1.011437,1.165542,1.039483,0.886301,0.944191,0.965662,0.989085,0.968441,0.720227,0.555156,0.558887,0.454965,0.637641,0.48689,0.581173,0.709709,0.755325,0.502469,1.144869,0.898245,0.725652,0.816493,0.850884,0.649308,0.650819,0.487747,0.629335,0.849246,0.728967,0.983057,0.857285,0.977879,0.948817,0.947673,0.877414,1.067855,1.002853,1.008399,1.055659,0.921495,0.913047,0.925925,0.977035,0.951589,0.972971,0.900618,0.976022,0.994196,0.898102,0.920513,1.046385
115,1.28306,1.174158,1.218018,1.057243,1.009341,1.101718,1.018552,0.879834,0.936665,0.972842,0.997799,0.959464,0.720862,0.553733,0.554468,0.458443,0.638769,0.490396,0.583235,0.708205,0.754327,0.505733,1.153886,0.902245,0.715956,0.806056,0.852841,0.651521,0.652244,0.490767,0.628971,0.855016,0.728527,0.962507,0.857701,0.974728,0.935751,0.941123,0.905995,1.062331,1.007919,1.02904,1.064633,0.905749,0.932618,0.93996,1.032719,0.956833,1.010385,0.909689,0.987732,0.984103,0.918277,0.915785,1.01633
116,1.294307,1.180971,1.236576,1.025849,1.000365,1.145385,1.041472,0.877721,0.952482,0.978374,1.002431,0.948361,0.720887,0.548819,0.555404,0.462152,0.640952,0.486692,0.579545,0.707112,0.749468,0.503775,1.142362,0.907403,0.718726,0.820984,0.858536,0.655945,0.651915,0.490741,0.623567,0.868183,0.728238,0.980514,0.855042,0.970921,0.945163,0.940845,0.901962,1.050823,1.003837,1.032993,1.064507,0.900368,0.918627,0.946229,0.992693,0.950849,1.025777,0.900039,1.006547,0.985853,0.894484,0.927309,1.034893
117,1.311217,1.185403,1.246393,1.012298,0.994715,1.197065,1.043937,0.902187,0.988545,0.9664,0.997524,0.951,0.718045,0.551361,0.552858,0.459751,0.644552,0.486533,0.578074,0.710802,0.741848,0.505825,1.170152,0.926097,0.722719,0.819009,0.856755,0.649118,0.655898,0.496092,0.633323,0.857816,0.727495,0.99917,0.865261,0.962684,0.94441,0.952934,0.880071,1.064624,1.012297,1.043451,1.024185,0.896743,0.913133,0.898047,0.962962,0.955925,1.042008,0.876555,0.99533,0.977278,0.883289,0.911589,1.03922
118,1.306567,1.20896,1.267994,1.022584,0.997266,1.146295,1.030618,0.89572,1.033033,0.975597,0.995047,0.935971,0.723442,0.54704,0.55387,0.459148,0.643573,0.485435,0.579642,0.701614,0.73161,0.502895,1.167724,0.933009,0.721476,0.82049,0.867649,0.645823,0.652463,0.493549,0.635364,0.855338,0.722852,1.028969,0.851935,0.960937,0.935481,0.939327,0.879651,1.050156,1.010084,1.041667,1.057428,0.907278,0.933476,0.925245,0.961486,0.954009,1.035735,0.906816,0.993453,0.995187,0.897889,0.9253,1.069461
119,1.322077,1.232459,1.299306,1.028532,0.967103,1.211872,1.032304,0.904936,1.02857,0.967962,1.006833,0.934621,0.731317,0.550565,0.544217,0.456349,0.641232,0.480474,0.580341,0.699496,0.732017,0.503775,1.170013,0.933777,0.714001,0.819855,0.860811,0.647733,0.652792,0.490741,0.62389,0.857362,0.725158,1.015581,0.872245,0.955415,0.94232,0.944006,0.874871,1.052595,1.027988,1.020312,1.069731,0.877825,0.904635,0.939089,0.963718,0.956699,1.061042,0.874775,1.006637,0.997754,0.954201,0.908161,1.040663
120,1.327998,1.205669,1.32134,1.021242,0.974621,1.206611,1.03291,0.917055,1.014985,0.974187,1.006329,0.928919,0.735901,0.551717,0.543324,0.453858,0.633322,0.47763,0.577929,0.699334,0.723266,0.504349,1.158951,0.947804,0.713634,0.818891,0.861613,0.649945,0.656885,0.496304,0.6095,0.857702,0.720576,0.997574,0.868145,0.961062,0.933149,0.953338,0.902592,1.055097,1.035121,1.031868,1.046726,0.878675,0.909657,0.927041,0.949428,0.950143,1.039974,0.881681,0.966056,1.009071,0.924747,0.930678,1.010561
121,1.33993,1.201196,1.317782,1.02558,0.99959,1.26302,1.027461,0.901372,0.998635,0.990651,1.027975,0.922402,0.73415,0.552683,0.542334,0.452524,0.630002,0.478252,0.577737,0.705567,0.726129,0.50398,1.153242,0.940921,0.713288,0.811181,0.858677,0.650582,0.655752,0.496834,0.607001,0.847581,0.729118,0.980164,0.862795,0.970921,0.942433,0.942109,0.885807,1.049948,0.984358,1.013422,1.02587,0.884452,0.914893,0.929896,0.945324,0.951824,1.073873,0.893712,0.974145,1.009363,0.889121,0.944743,1.020657
122,1.327799,1.195474,1.316554,1.033093,0.998633,1.252031,1.021623,0.921714,0.998102,0.977745,1.026875,0.931215,0.737965,0.545575,0.553021,0.450345,0.628323,0.473476,0.58561,0.702397,0.727616,0.504903,1.151492,0.935458,0.704365,0.817293,0.865374,0.646046,0.664632,0.495827,0.602305,0.845273,0.724566,0.979204,0.867632,0.966772,0.945163,0.937228,0.896322,1.06183,1.049877,0.990475,1.047316,0.893005,0.9097,0.954171,0.938593,0.963725,1.080232,0.893111,0.982793,1.0091,0.927982,0.927014,1.037778
123,1.318669,1.184436,1.308164,1.032914,1.02743,1.348688,1.032607,0.962346,0.995072,0.969046,1.035955,0.915233,0.737559,0.548675,0.549179,0.451292,0.62185,0.472801,0.579292,0.696838,0.731273,0.502214,1.15184,0.926502,0.710375,0.812662,0.862426,0.650629,0.666277,0.498159,0.603544,0.84289,0.726554,1.001725,0.865678,0.985679,0.964726,0.936621,0.91066,1.044111,0.994688,1.005352,1.053931,0.884735,0.907639,0.980812,0.931862,0.961372,1.087829,0.898838,1.002615,1.011813,0.922661,0.941788,1.0328
124,1.32454,1.164178,1.301424,1.05997,1.02866,1.379878,1.045278,0.959928,0.989444,0.965315,1.031552,0.911101,0.72773,0.555284,0.544445,0.455416,0.624219,0.476175,0.580281,0.687023,0.727667,0.504548,1.139708,0.916156,0.705934,0.813555,0.859715,0.650502,0.664048,0.490185,0.590862,0.847127,0.726873,0.975533,0.857957,0.983339,0.948817,0.946535,0.911731,1.051136,1.002361,1.021245,1.035308,0.903823,0.913863,0.936669,0.956699,0.96433,1.114615,0.908853,1.003553,1.004171,0.904657,0.908516,1.047129
125,1.327819,1.158266,1.281076,1.062564,1.026291,1.345869,1.073949,0.965911,0.988179,0.962409,1.039532,0.9025,0.728365,0.55336,0.548592,0.451577,0.625721,0.474481,0.582113,0.685134,0.727555,0.501639,1.145295,0.921068,0.701126,0.812191,0.855907,0.652826,0.665254,0.488754,0.590269,0.851649,0.72572,0.99254,0.866287,0.977941,0.964158,0.944133,0.929358,1.054242,0.995032,1.015838,1.036109,0.882639,0.902403,0.9035,0.951839,0.958043,1.079962,0.89873,1.015374,0.995858,0.92049,0.937297,1.029497
126,1.338768,1.161656,1.275693,1.081481,1.051715,1.321915,1.078533,0.946434,1.039459,0.961498,1.029443,0.89198,0.717698,0.542855,0.547166,0.455327,0.622652,0.474323,0.57928,0.685661,0.723215,0.499021,1.139429,0.932878,0.708134,0.799027,0.855093,0.649563,0.664377,0.485866,0.592705,0.838936,0.726418,0.961859,0.867087,0.972169,0.959466,0.946181,0.898673,1.059037,1.021446,1.002827,1.042513,0.876919,0.899227,0.905064,0.944712,0.957405,1.096791,0.888479,1.005408,1.001633,0.912786,0.943502,1.043407
127,1.331456,1.152875,1.278396,1.0953,1.09974,1.279736,1.081604,0.955116,1.076221,0.967007,1.049301,0.884497,0.725396,0.547345,0.549092,0.452399,0.622428,0.474442,0.576687,0.672763,0.716604,0.496374,1.144364,0.936878,0.70518,0.802294,0.854174,0.649484,0.673257,0.483509,0.589071,0.848149,0.724551,0.982707,0.867376,0.988643,0.984446,0.949317,0.907047,1.066792,1.010871,1.012324,1.043693,0.894817,0.881373,0.958767,0.941149,0.958346,1.079507,0.887042,1.012179,0.996558,0.924108,0.940902,1.035126
128,1.327551,1.156116,1.288599,1.090023,1.102064,1.333304,1.119184,0.965172,1.084746,0.973341,1.062142,0.891418,0.724516,0.543143,0.54845,0.453376,0.622773,0.472008,0.587443,0.677869,0.707813,0.494948,1.143581,0.943051,0.715671,0.804387,0.846192,0.65195,0.675376,0.480409,0.588926,0.837631,0.724369,0.99123,0.863852,0.985773,0.980124,0.94479,0.912897,1.059016,1.010379,0.994346,1.037415,0.883376,0.875193,0.935921,0.948564,0.963658,1.077117,0.886806,1.008156,0.993379,0.923512,0.933515,1.045129
129,1.325027,1.149526,1.305344,1.101427,1.084112,1.389247,1.148287,0.992413,1.075589,0.983428,1.088283,0.889068,0.721471,0.546625,0.544152,0.454988,0.619238,0.47386,0.584971,0.682928,0.704716,0.496367,1.135434,0.940457,0.711393,0.794302,0.8502,0.652428,0.674792,0.475429,0.584344,0.821324,0.733928,1.000597,0.855875,0.99011,0.989053,0.949595,0.911941,1.051636,0.997098,0.997008,1.055279,0.891532,0.90176,0.943564,0.955151,0.957472,1.060075,0.871322,1.009855,0.971678,0.910275,0.95349,1.048897
130,1.318202,1.153495,1.317537,1.092259,1.058915,1.410935,1.139293,0.968075,1.083247,0.973797,1.101949,0.893002,0.724516,0.542779,0.537709,0.45447,0.614976,0.469468,0.576748,0.681229,0.69025,0.50039,1.13003,0.943007,0.720499,0.785321,0.853006,0.654131,0.682612,0.482316,0.579961,0.818467,0.744837,0.962027,0.854786,0.974041,1.039908,0.959585,0.880721,1.038316,1.000443,1.019214,1.063243,0.892325,0.886352,0.912571,0.933086,0.950748,1.077031,0.880844,1.018436,0.982441,0.916191,0.953903,1.073183
131,1.31539,1.167469,1.319163,1.08479,1.044562,1.394375,1.163337,1.003844,1.066664,0.974296,1.096079,0.900115,0.721623,0.538984,0.532997,0.458121,0.614509,0.47046,0.569248,0.691529,0.679126,0.497339,1.121091,0.938298,0.714591,0.784828,0.845791,0.652555,0.678994,0.477018,0.579232,0.816651,0.74508,0.978257,0.868529,0.977692,1.035544,0.954527,0.876572,1.057307,1.000935,1.027394,1.068172,0.906032,0.869871,0.943428,0.930855,0.973037,1.075964,0.909325,1.031307,0.979874,0.905891,0.942143,1.061738
132,1.302742,1.162665,1.304759,1.085998,1.0226,1.424921,1.221112,1.051172,1.072092,0.982755,1.089429,0.899471,0.722604,0.53429,0.52946,0.455211,0.611627,0.467642,0.559288,0.69275,0.67881,0.495268,1.1213,0.936878,0.714388,0.767808,0.849859,0.658189,0.683307,0.480065,0.581012,0.816443,0.742653,0.975948,0.863403,0.971452,1.044771,0.947117,0.888368,1.054409,1.009838,1.022123,1.060209,0.898782,0.896094,0.869543,0.946512,0.963624,1.04821,0.904671,1.011955,0.965815,0.904444,0.941788,1.08193
133,1.28152,1.148245,1.294719,1.083896,1.030255,1.458243,1.300813,1.034013,1.041424,0.988113,1.081954,0.90727,0.713342,0.527148,0.535957,0.456376,0.61215,0.469534,0.562471,0.694356,0.669876,0.494438,1.109368,0.934385,0.705954,0.777234,0.850024,0.653144,0.684951,0.478899,0.577358,0.805017,0.736568,0.985665,0.859303,0.978753,1.040776,0.938543,0.883054,1.070252,0.99154,1.014712,1.055364,0.890059,0.904378,0.922947,0.9441,0.972903,1.027726,0.888114,1.005765,0.968703,0.897633,0.956977,1.069554
134,1.271833,1.178391,1.281427,1.072939,1.058049,1.517649,1.298002,1.008452,1.044654,0.987853,1.061224,0.897902,0.702667,0.521735,0.528339,0.454086,0.607104,0.466518,0.56305,0.693614,0.663437,0.492316,1.127906,0.929937,0.713043,0.770323,0.849965,0.651998,0.693137,0.486582,0.573443,0.811733,0.742288,0.988687,0.867055,0.987301,1.023359,0.949393,0.863821,1.081405,0.999656,1.024539,1.039353,0.896233,0.898069,0.948772,0.941761,0.966314,1.012006,0.897058,0.99486,0.965057,0.893079,0.93511,1.063692
135,1.257655,1.16947,1.283346,1.070301,1.051761,1.491054,1.295278,0.989816,1.053678,0.983319,1.045815,0.896401,0.702506,0.523005,0.528306,0.458336,0.598168,0.468753,0.556985,0.688568,0.658874,0.488073,1.117,0.926502,0.717138,0.774155,0.847512,0.648783,0.696389,0.481018,0.580158,0.802577,0.741287,0.999585,0.876281,0.985492,1.020601,0.950506,0.889955,1.070732,1.020856,1.038373,1.033033,0.911526,0.891502,0.946419,0.952919,0.97808,1.029319,0.890731,0.989542,0.969957,0.897761,0.964305,1.063925
136,1.23387,1.157596,1.268731,1.078753,1.030072,1.457177,1.294456,0.988187,1.074689,0.989176,1.039991,0.889075,0.70166,0.517295,0.525313,0.455805,0.599558,0.469309,0.55344,0.690524,0.649257,0.485576,1.134138,0.909302,0.716934,0.775307,0.859833,0.643436,0.697084,0.484091,0.599525,0.811543,0.736401,0.99171,0.872854,0.990016,1.027113,0.942944,0.881027,1.070294,1.040285,1.062335,1.06438,0.906429,0.878498,0.935853,0.945216,0.970617,1.020371,0.887042,1.01381,0.970307,0.880225,0.961586,1.032428
137,1.212787,1.154405,1.256444,1.080005,1.041008,1.587422,1.293721,0.973777,1.121941,0.994382,1.055492,0.890486,0.697846,0.516965,0.520264,0.453024,0.599577,0.467827,0.551993,0.688399,0.651875,0.484001,1.128002,0.903418,0.718299,0.776294,0.854775,0.643324,0.702346,0.49445,0.603492,0.800817,0.739041,1.016943,0.886276,0.987832,1.016464,0.94694,0.88443,1.06848,1.028775,1.067496,1.047653,0.922118,0.88309,0.928278,0.94806,0.976937,1.011252,0.88597,0.998145,0.962519,0.87865,0.972815,1.047827
138,1.207422,1.139125,1.238097,1.120701,1.080512,1.619589,1.277201,0.973166,1.176984,0.971432,1.050631,0.888972,0.688,0.512729,0.527207,0.44964,0.600453,0.467298,0.550848,0.693823,0.650551,0.488506,1.122536,0.901361,0.712921,0.768184,0.861141,0.63882,0.698472,0.491218,0.601202,0.795293,0.732836,1.002971,0.879709,0.97713,1.011857,0.947344,0.90546,1.06971,0.997049,1.075264,1.035266,0.895667,0.875751,0.939892,0.957778,0.969474,1.013984,0.885863,1.003061,0.970219,0.888354,0.948644,1.053689
139,1.200904,1.122083,1.211313,1.113591,1.075136,1.542157,1.334501,0.961888,1.204023,0.983992,1.049301,0.879706,0.688795,0.514364,0.526217,0.447761,0.597926,0.46243,0.552307,0.678004,0.65322,0.485774,1.135521,0.896289,0.713389,0.766021,0.864454,0.641192,0.694416,0.495086,0.602784,0.79919,0.734019,0.978672,0.867408,0.985273,1.018938,0.944866,0.883684,1.08474,1.018396,1.097771,1.071796,0.897083,0.902318,0.94374,0.950723,0.967356,1.006686,0.883825,0.995084,0.977745,0.875756,0.980379,1.074672
140,1.207928,1.114005,1.199436,1.114127,1.057365,1.563713,1.333031,0.918048,1.182212,0.989892,1.05861,0.891569,0.686122,0.518524,0.519208,0.447729,0.602888,0.462033,0.553115,0.697628,0.647963,0.488116,1.137863,0.892116,0.716526,0.763247,0.859161,0.643515,0.692479,0.484436,0.617413,0.795426,0.734171,1.016113,0.873078,0.981093,1.018085,0.958295,0.912477,1.118428,1.006099,1.090964,1.069436,0.883659,0.854807,0.941388,0.970952,0.974517,1.024112,0.8793,1.006056,0.964823,0.940325,0.985403,1.088257
141,1.208217,1.123778,1.186892,1.109074,1.049665,1.631088,1.288315,0.969144,1.166428,0.989328,1.04898,0.901465,0.687543,0.514991,0.520862,0.449301,0.604072,0.460512,0.551897,0.690855,0.655766,0.487882,1.13157,0.881653,0.710558,0.763905,0.864277,0.640635,0.680127,0.49082,0.607709,0.801385,0.736371,1.02784,0.879261,0.983339,0.99919,0.943399,0.916396,1.137252,1.020462,1.086325,1.067203,0.895894,0.872961,0.953926,0.952127,0.96897,1.019517,0.876319,1.040961,0.966427,0.937856,0.97116,1.076393
142,1.209061,1.114212,1.176771,1.090068,1.058505,1.58771,1.258995,0.971206,1.158303,0.987766,1.044944,0.905858,0.691028,0.513466,0.519709,0.447055,0.604884,0.45907,0.552102,0.694093,0.649888,0.487733,1.135521,0.876741,0.713858,0.750458,0.856697,0.64221,0.677496,0.48984,0.600108,0.800496,0.728876,1.061493,0.864396,0.991794,0.897691,0.948735,0.908653,1.139921,1.026857,1.078585,1.048412,0.887567,0.913476,0.938341,0.946512,0.981005,1.015349,0.880844,0.994391,0.963948,0.926109,0.995095,1.065228
143,1.194536,1.098832,1.186155,1.121238,1.100515,1.599898,1.224572,0.964408,1.166994,1.009501,1.052373,0.900883,0.682891,0.515033,0.522527,0.446225,0.609072,0.46075,0.551041,0.688575,0.64071,0.491323,1.120108,0.876581,0.713593,0.759956,0.861566,0.639425,0.671174,0.485257,0.603742,0.803598,0.733245,1.045679,0.874808,0.985024,0.82821,0.959383,0.898023,1.136168,1.010379,1.064861,1.074619,0.902294,0.897124,0.94797,0.957095,0.977811,1.033658,0.885369,1.018816,0.951523,0.92364,0.971633,1.06332
144,1.189478,1.081155,1.181767,1.184652,1.2039,1.577543,1.210517,0.948548,1.14202,1.005119,1.041642,0.904995,0.681021,0.516482,0.520122,0.45043,0.604949,0.457932,0.552078,0.697418,0.635789,0.484646,1.118732,0.873219,0.702736,0.763012,0.852712,0.641287,0.667592,0.487429,0.594309,0.792702,0.730196,1.001479,0.872277,0.981498,0.845214,0.955792,0.908538,1.154096,1.021446,1.052619,1.056375,0.923025,0.87,0.928346,0.944784,0.982115,1.027726,0.893948,1.011553,0.965582,0.915595,0.99149,1.049223
145,1.18156,1.074813,1.180538,1.217745,1.23534,1.601363,1.199965,0.933832,1.131631,1.024034,1.040266,0.901534,0.673789,0.515601,0.522321,0.444975,0.602822,0.46448,0.552825,0.692885,0.631664,0.488364,1.107139,0.871452,0.698764,0.746909,0.858029,0.644056,0.676911,0.486264,0.595902,0.795369,0.729073,1.009068,0.865454,0.989205,0.931458,0.955716,0.887623,1.165729,1.01997,1.059234,1.079843,0.927046,0.905794,0.965173,0.946512,0.972533,1.05208,0.894077,1.032603,0.964765,0.926577,0.985285,1.048106
146,1.176125,1.05802,1.189794,1.206789,1.212603,1.56813,1.180808,0.957484,1.127468,1.029327,1.056501,0.913246,0.666278,0.515449,0.519807,0.446154,0.601908,0.461782,0.555381,0.702619,0.630258,0.488095,1.100011,0.864293,0.702593,0.75643,0.852311,0.643038,0.67344,0.488357,0.591518,0.787688,0.719377,1.012675,0.871508,0.988768,0.966418,0.963961,0.914063,1.143757,1.028087,1.060935,1.068046,0.940527,0.893691,0.915984,0.946224,0.974382,1.053758,0.875847,1.03133,0.971619,0.934707,0.978134,1.037034
147,1.151893,1.052166,1.208598,1.180046,1.195835,1.575567,1.168051,0.930548,1.134161,1.025032,1.061316,0.911793,0.660543,0.51189,0.516879,0.44543,0.600845,0.460049,0.55432,0.703078,0.623473,0.487477,1.080263,0.851048,0.696991,0.760591,0.85784,0.636035,0.664011,0.492145,0.581127,0.785172,0.716282,1.005098,0.856516,0.983745,0.977465,0.958649,0.898769,1.153742,1.058928,1.063653,1.0707,0.943189,0.886695,0.944556,0.952379,0.978148,1.049206,0.857017,1.038615,0.955169,0.904188,0.988239,1.040476
148,1.134406,1.049735,1.217292,1.182103,1.20062,1.526284,1.157931,0.924082,1.18371,1.025206,1.054483,0.911149,0.650933,0.506028,0.509892,0.440471,0.593934,0.460419,0.548291,0.698477,0.617483,0.491167,1.078253,0.854135,0.696788,0.752974,0.861165,0.646746,0.664267,0.490397,0.588842,0.780159,0.727176,0.982888,0.86398,0.992918,0.976683,0.958017,0.903548,1.155618,1.059666,1.067249,1.088144,0.944548,0.899528,0.929148,0.94428,0.982148,1.039291,0.884533,1.014436,0.958144,0.927641,0.983393,1.056202
149,1.110551,1.06322,1.210295,1.157864,1.158154,1.466967,1.121346,0.939815,1.336586,1.103186,1.046136,0.905666,0.654435,0.502326,0.506334,0.438163,0.595594,0.459996,0.547701,0.696434,0.614417,0.495395,1.075502,0.849831,0.692999,0.75422,0.856873,0.651998,0.664559,0.48123,0.585021,0.782543,0.729573,0.962144,0.865966,0.995351,0.970513,0.963227,0.919474,1.131061,1.035465,1.073562,1.081908,0.927726,0.886309,0.878859,0.940105,0.983997,1.018436,0.8793,1.028715,0.957735,0.903592,0.98889,1.065228
150,1.091475,1.055002,1.207299,1.1457,1.155921,1.485704,1.207706,0.992464,1.442676,1.140301,1.048888,0.906194,0.662192,0.497166,0.511884,0.437038,0.597245,0.460472,0.553705,0.692777,0.610912,0.496552,1.074179,0.852237,0.694486,0.748155,0.851332,0.647494,0.656702,0.486767,0.584053,0.789051,0.730332,0.971563,0.86398,0.980281,0.967598,0.94828,0.905995,1.116406,1.037777,1.063461,1.056585,0.928632,0.909227,0.890717,0.947556,0.983863,1.027911,0.893111,1.004358,0.958727,0.90006,0.993913,1.065228
151,1.071376,1.038986,1.199307,1.136577,1.128537,1.437753,1.193435,0.99142,1.453098,1.145789,1.036643,0.907955,0.669255,0.495633,0.505616,0.433565,0.598112,0.46026,0.551173,0.69617,0.611228,0.50078,1.06773,0.846846,0.694404,0.764258,0.846805,0.64673,0.662074,0.488622,0.595787,0.788048,0.732138,0.988752,0.876762,0.975352,0.976584,0.957613,0.918212,1.116052,1.039056,1.070158,1.08966,0.940867,0.87721,0.928781,0.960946,0.984636,1.030741,0.911598,1.044089,0.962256,0.905508,0.966905,1.026054
152,1.050532,1.046899,1.185453,1.163096,1.181802,1.398526,1.197371,0.96558,1.440778,1.170669,1.035817,0.897936,0.665778,0.495904,0.505909,0.436708,0.599511,0.458845,0.550727,0.696211,0.604933,0.499447,1.063309,0.843006,0.68923,0.746956,0.848161,0.644327,0.663865,0.493337,0.59611,0.78434,0.730985,0.99568,0.864557,0.980531,0.990346,0.964643,0.920334,1.122556,1.063404,1.060414,1.066824,0.943982,0.886352,0.950268,0.938125,0.979593,1.021395,0.876555,1.025453,0.976111,0.920107,0.962,1.015539
153,1.032141,1.050032,1.17979,1.168284,1.171367,1.348577,1.220853,1.013544,1.407013,1.191102,1.02504,0.901698,0.671217,0.490406,0.504963,0.438462,0.601563,0.459692,0.550281,0.70664,0.600287,0.500412,1.053935,0.841847,0.686215,0.754925,0.847229,0.65133,0.663792,0.489178,0.583844,0.787688,0.732927,1.006694,0.870451,0.974478,0.989906,0.968842,0.90525,1.129664,1.02179,1.080918,1.088017,0.944322,0.883305,0.918473,0.951623,0.98003,1.047826,0.877863,1.043955,0.989354,0.912063,0.970687,1.047874
154,1.020278,1.046237,1.16638,1.161308,1.169226,1.30289,1.181586,1.042287,1.366821,1.214876,1.044485,0.903699,0.671717,0.487483,0.501284,0.439252,0.602524,0.454281,0.550739,0.710195,0.597272,0.500284,1.055223,0.825066,0.690575,0.742936,0.84341,0.650582,0.662659,0.487218,0.58549,0.786591,0.731409,0.991827,0.850365,0.969112,0.992621,0.977516,0.925955,1.113467,1.048155,1.083635,1.021909,0.945001,0.893219,0.922444,0.947412,0.994621,1.039078,0.868705,1.028916,0.994808,0.95003,0.968205,1.03922
155,1.00469,1.040366,1.155357,1.154421,1.147492,1.294122,1.180419,1.03689,1.350038,1.21557,1.040587,0.909017,0.662437,0.482035,0.501252,0.439632,0.604305,0.454135,0.54219,0.715963,0.609894,0.500773,1.052569,0.822835,0.682773,0.743688,0.841995,0.652062,0.655314,0.489628,0.583178,0.788048,0.736872,0.985963,0.866383,0.9649,1.021212,0.975291,0.909494,1.112049,1.040974,1.064696,1.014241,0.961427,0.898841,0.94151,0.947232,0.981375,1.045821,0.901947,1.004067,1.010296,0.94539,0.968973,1.046525
156,0.991098,1.050677,1.134576,1.12808,1.13724,1.310838,1.195208,1.021207,1.33915,1.22262,1.045632,0.90666,0.661439,0.480002,0.50419,0.436288,0.607589,0.453765,0.545699,0.714593,0.603843,0.501036,1.033961,0.817531,0.684545,0.741149,0.836501,0.652301,0.651696,0.49188,0.589311,0.784113,0.733427,1.014699,0.86177,0.979096,1.025833,0.969373,0.908443,1.123494,1.056665,1.049435,0.998062,0.954914,0.910944,0.952308,0.945504,0.978887,1.022846,0.895749,1.023665,1.023714,0.943432,0.95479,1.042617
157,0.966627,1.051223,1.124103,1.104468,1.122112,1.302291,1.185695,1.063087,1.310113,1.181731,1.052098,0.902644,0.654672,0.476969,0.501513,0.43973,0.605182,0.452006,0.543782,0.712772,0.599279,0.498872,1.039931,0.801649,0.683465,0.733156,0.840792,0.649245,0.645958,0.486529,0.593018,0.788615,0.729027,0.985898,0.882528,0.965336,0.998948,0.972458,0.923833,1.117699,1.051353,1.038181,1.041207,0.937298,0.887597,0.939647,0.95803,0.988603,1.04942,0.902526,1.005028,1.048215,0.93377,0.964541,1.033172
158,0.959275,1.035819,1.108868,1.107106,1.118877,1.369223,1.1959,1.016497,1.276314,1.197913,1.033341,0.902815,0.655535,0.472979,0.498933,0.438489,0.602916,0.450934,0.539308,0.706586,0.600919,0.502604,1.045127,0.805083,0.682589,0.728243,0.839436,0.64942,0.651769,0.49143,0.594194,0.773406,0.736159,0.999766,0.866927,0.982902,0.996218,0.968437,0.912572,1.124161,1.028234,1.033926,1.034465,0.926706,0.882961,0.948024,0.962242,0.997176,1.049576,0.900875,1.002413,1.047807,0.929344,0.953549,1.013957
159,0.954824,1.033818,1.092428,1.097402,1.113683,1.484638,1.284034,1.031111,1.267224,1.173163,1.043018,0.906845,0.657413,0.468616,0.496224,0.438395,0.598765,0.452614,0.532954,0.712327,0.597343,0.500227,1.032943,0.806605,0.681734,0.728266,0.838623,0.651091,0.651147,0.488701,0.582335,0.774635,0.731349,1.022807,0.860392,0.982309,1.005502,0.977112,0.902592,1.122848,1.059469,1.036699,1.030505,0.913226,0.890815,0.965295,0.965193,0.981913,1.012888,0.899202,1.001274,1.040865,0.937261,0.942852,1.040988
160,0.943597,1.025748,1.072337,1.139081,1.188727,1.482618,1.324425,0.994068,1.263361,1.172469,1.036001,0.900602,0.656753,0.465227,0.493579,0.436244,0.595081,0.450365,0.534039,0.710087,0.596528,0.495417,1.035319,0.805547,0.686277,0.728219,0.841488,0.653399,0.650124,0.48931,0.58954,0.771646,0.728344,1.019901,0.87154,0.968581,1.015881,0.977213,0.91523,1.129977,1.049975,1.058877,1.04049,0.900142,0.919142,0.94952,0.945108,0.987628,1.007113,0.933045,1.009832,1.054486,0.943007,0.919449,1.03922
161,0.937437,1.006673,1.058506,1.197308,1.281405,1.416574,1.391541,0.973905,1.269954,1.152057,1.046182,0.911813,0.65293,0.461643,0.491936,0.435083,0.592936,0.450802,0.529505,0.708664,0.592759,0.499142,1.035179,0.798852,0.682141,0.726292,0.839955,0.652316,0.645849,0.487085,0.585146,0.77403,0.727419,1.008004,0.880606,0.976974,1.027866,0.971927,0.918843,1.1202,1.05573,1.061237,1.046726,0.904446,0.893948,0.938845,0.943057,1,1.048936,0.891567,1.017497,1.060086,0.91866,0.956977,1.056109
162,0.92003,0.975319,1.05124,1.274317,1.395726,1.435999,1.468431,0.95061,1.244547,1.152253,1.03224,0.911176,0.647457,0.459652,0.489259,0.440337,0.598718,0.449333,0.536824,0.714215,0.592606,0.501859,1.040001,0.798041,0.687682,0.733838,0.840474,0.651537,0.648845,0.488118,0.593767,0.779667,0.728405,1.035897,0.880542,0.966928,1.04534,0.963986,0.94731,1.124244,1.059469,1.062884,1.015295,0.917077,0.87309,0.948772,0.935822,0.996806,1.061099,0.902655,1.011844,1.042469,0.92679,0.964541,1.065693
163,0.923448,0.988912,1.058471,1.305085,1.44325,1.383164,1.556305,0.957636,1.227731,1.11759,1.027654,0.913972,0.647212,0.462042,0.496539,0.441931,0.594102,0.449862,0.529602,0.69586,0.594807,0.502036,1.052882,0.799809,0.678149,0.734073,0.835593,0.648576,0.650453,0.488754,0.587468,0.779176,0.721122,1.009419,0.901973,0.962466,1.036567,0.970486,0.914388,1.123786,1.067044,1.071448,1.013862,0.917814,0.891416,0.943564,0.936074,0.987225,1.052421,0.906237,1.022391,1.052911,0.920959,0.93186,1.058574
164,0.920149,1.00936,1.070757,1.29547,1.427484,1.371021,1.600718,0.998345,1.19017,1.124249,1.044485,0.920154,0.642229,0.464481,0.492524,0.4451,0.593551,0.44473,0.527118,0.700252,0.596936,0.50364,1.042734,0.799722,0.679738,0.736588,0.844954,0.6502,0.641025,0.492225,0.594673,0.781824,0.723853,1.006811,0.890889,0.960656,1.055505,0.979894,0.917352,1.133521,1.041417,1.079545,1.052035,0.920363,0.884979,0.949574,0.94698,0.991024,1.063019,0.910633,1.024715,1.04979,0.941645,0.939424,1.063692
165,0.912568,1.00893,1.082154,1.242207,1.361416,1.359854,1.591593,0.982535,1.169225,1.121256,1.045815,0.918783,0.641341,0.459915,0.485929,0.447529,0.595715,0.444994,0.52332,0.693728,0.583,0.504456,1.043918,0.797258,0.670693,0.735601,0.848727,0.643818,0.643473,0.489681,0.595704,0.775638,0.719271,0.97347,0.879068,0.972981,1.054936,0.972484,0.913012,1.138628,1.065568,1.056489,1.034592,0.911866,0.898541,0.94374,0.939781,0.995461,1.02636,0.943403,1.006905,1.042935,0.923427,0.95284,1.090025
166,0.90461,0.994072,1.097881,1.21703,1.319132,1.349376,1.605821,0.959088,1.171856,1.093534,1.036368,0.909216,0.639184,0.457518,0.49088,0.449417,0.600024,0.441211,0.517423,0.680311,0.587564,0.502348,1.045023,0.801562,0.675582,0.731135,0.848939,0.643181,0.640952,0.485072,0.591258,0.780008,0.716798,1.017241,0.882913,0.963277,1.068585,0.975771,0.895901,1.141046,1.084407,1.050725,1.036488,0.926763,0.896094,0.930209,0.945828,0.990856,1.022363,0.914451,1.025318,1.031414,0.908658,0.927664,1.0415
167,0.896195,0.99384,1.08357,1.206207,1.268283,1.279536,1.572306,0.922809,1.18098,1.084055,1.057235,0.894934,0.642847,0.454552,0.489465,0.447819,0.600873,0.435999,0.509948,0.678456,0.585587,0.506222,1.050663,0.809068,0.674869,0.729395,0.845944,0.644804,0.632218,0.494609,0.591497,0.792512,0.723049,1.033652,0.878139,0.969642,1.080016,0.963101,0.927236,1.114363,1.087014,1.052811,1.042976,0.904956,0.872275,0.932195,0.930423,1.009346,1.029632,0.909689,1.032402,1.036139,0.964416,0.934165,1.064855
168,0.882484,1.009633,1.082517,1.195921,1.21716,1.292013,1.559073,0.979938,1.180247,1.08592,1.060766,0.891391,0.637628,0.452121,0.49014,0.445654,0.605201,0.435747,0.504847,0.679434,0.585027,0.508315,1.056633,0.809242,0.679208,0.736518,0.853655,0.64724,0.634776,0.49347,0.590748,0.784643,0.725446,0.993254,0.874167,0.965586,1.066225,0.972003,0.896226,1.107046,1.097688,1.058163,1.04719,0.915435,0.875021,0.911143,0.951083,1.005211,1.02848,0.893476,1.038078,1.028526,0.952796,0.916672,1.036289
169,0.881649,1.033843,1.07284,1.192746,1.17761,1.332482,1.612654,1.000687,1.159568,1.069131,1.070397,0.877849,0.635479,0.456696,0.483208,0.450662,0.602169,0.436581,0.502399,0.665632,0.583417,0.503548,1.05169,0.797664,0.683017,0.729889,0.846605,0.641987,0.629111,0.486264,0.593143,0.784302,0.733579,1.081692,0.875481,0.961031,1.082859,0.976606,0.903759,1.10444,1.097049,1.063378,1.025912,0.919343,0.867554,0.967648,0.946008,1.01096,1.028878,0.921592,1.04105,1.017384,0.931089,0.923113,1.047734
170,0.879434,1.046791,1.072279,1.156433,1.129266,1.310372,1.637692,1.023957,1.169292,1.056637,1.049622,0.869447,0.634084,0.465481,0.484938,0.453809,0.600369,0.435297,0.50293,0.66545,0.580015,0.502994,1.043944,0.794679,0.677028,0.727843,0.850307,0.641415,0.633533,0.481681,0.586697,0.782808,0.735096,1.057108,0.86052,0.964338,1.085575,0.974937,0.900681,1.104336,1.104132,1.064449,1.040828,0.91923,0.843991,0.981369,0.948996,0.999361,1.022092,0.884297,1.010369,1.022401,0.940325,0.918563,1.05448
171,0.879235,1.056159,1.059091,1.145253,1.132547,1.380988,1.628351,1.051325,1.163464,1.069283,1.058473,0.870407,0.6369,0.469463,0.488497,0.451448,0.604772,0.42863,0.496117,0.659831,0.584039,0.503753,1.042447,0.786637,0.679839,0.730711,0.842266,0.639489,0.62352,0.486449,0.587353,0.781654,0.739102,1.056758,0.855619,0.965742,1.053358,0.97476,0.914599,1.105087,1.092868,1.078228,1.014705,0.914868,0.90485,0.972244,0.970556,0.997714,1.041468,0.887879,1.024268,1.015255,0.959522,0.928373,1.067414
172,0.877685,1.046667,1.049204,1.129064,1.138197,1.427874,1.611659,1.096897,1.15454,1.05835,1.0554,0.866548,0.636951,0.470208,0.487942,0.45364,0.608176,0.43154,0.495044,0.662502,0.57977,0.50801,1.034239,0.786897,0.688925,0.734238,0.841511,0.640141,0.616467,0.477945,0.580263,0.779686,0.745156,1.0699,0.857669,0.96958,1.056955,0.967172,0.90026,1.090306,1.085735,1.066425,1.028988,0.91147,0.880258,0.954606,0.964365,0.984233,1.030756,0.900382,1.038101,1.010676,0.935047,0.935228,1.041779
173,0.880129,1.023458,1.047659,1.17128,1.169044,1.418927,1.5685,1.049696,1.173487,1.052233,1.081724,0.854199,0.63482,0.468277,0.488388,0.452903,0.607076,0.426672,0.491982,0.656593,0.582073,0.502682,1.04806,0.786129,0.687865,0.735366,0.845426,0.642847,0.623374,0.477813,0.5845,0.780065,0.754624,1.096858,0.86571,0.969705,1.015938,0.981841,0.896322,1.08547,1.061584,1.058053,1.045968,0.917927,0.885751,0.96709,0.962242,0.984502,1.048851,0.898966,1.009944,1.015226,0.927896,0.932392,1.049642
174,0.883199,1.023557,1.031289,1.16417,1.143528,1.455978,1.528672,1.084829,1.147781,1.071951,1.070351,0.860566,0.635928,0.469878,0.486157,0.449243,0.600798,0.429688,0.48863,0.65007,0.583214,0.503363,1.049314,0.780681,0.693915,0.73278,0.847088,0.640014,0.624068,0.476753,0.576243,0.777643,0.74766,1.09028,0.85123,0.975508,1.02181,0.979767,0.917352,1.099041,1.058239,1.060277,1.022415,0.914528,0.848369,0.951941,0.973868,0.991225,1.06632,0.907545,1.011486,1.021584,0.940155,0.926305,1.069833
175,0.887988,1.011369,1.023508,1.145432,1.168952,1.448142,1.482053,1.075206,1.155539,1.06104,1.060216,0.854781,0.630336,0.464126,0.493057,0.456126,0.598756,0.427757,0.48377,0.64837,0.590151,0.498233,1.052865,0.775884,0.687886,0.725445,0.843575,0.641192,0.619866,0.479985,0.580502,0.768071,0.75517,1.069199,0.862186,0.961592,1.03506,0.978553,0.907582,1.077423,1.088687,1.048337,1.051909,0.936279,0.89382,0.956034,1.007955,0.98978,1.073247,0.897658,1.012536,1.026601,0.911935,0.938774,1.075323
176,0.894496,1.003068,1.025626,1.138724,1.144986,1.419948,1.466009,1.027037,1.137092,1.073274,1.08975,0.851444,0.635259,0.468938,0.494199,0.451751,0.591434,0.428313,0.482649,0.653281,0.59229,0.490535,1.053813,0.766277,0.682977,0.721002,0.836878,0.641669,0.633899,0.482926,0.574796,0.772819,0.753061,1.064632,0.869426,0.97089,1.027596,0.992489,0.900356,1.079946,1.064437,1.061896,1.057175,0.925064,0.898498,0.951696,1.011122,0.985746,1.073603,0.924466,1.017184,1.026806,0.92032,0.935288,1.08956
177,0.895241,1.007425,1.022642,1.155136,1.153005,1.303623,1.433403,1.076937,1.115647,1.080193,1.098005,0.854946,0.631563,0.46338,0.495288,0.459005,0.589391,0.434517,0.476053,0.652357,0.590823,0.491188,1.04766,0.759452,0.679473,0.731205,0.843256,0.639361,0.618769,0.476117,0.571548,0.783167,0.749753,1.074648,0.845944,0.971233,1.069907,0.994183,0.919474,1.074255,1.070389,1.0426,1.054774,0.947267,0.896137,0.960821,1.004463,0.990721,1.062166,0.903963,0.99848,1.008196,0.941772,0.923231,1.100633
178,0.895211,1.026219,1.028481,1.198962,1.18048,1.196333,1.409012,1.138547,1.104858,1.05989,1.089016,0.861635,0.637315,0.46083,0.500435,0.462715,0.588272,0.430958,0.480273,0.648539,0.590874,0.491082,1.058418,0.751989,0.671569,0.730711,0.83854,0.635383,0.618002,0.47262,0.57515,0.774598,0.750831,1.077606,0.864845,0.9605,1.055477,0.98867,0.895805,1.057202,1.05273,1.031209,1.048917,0.931634,0.89309,0.960821,0.995249,0.983359,1.075296,0.922664,0.995777,1.0056,0.90372,0.947048,1.080255
179,0.903934,1.035496,1.03673,1.291758,1.307696,1.109199,1.403736,1.185875,1.092338,1.046246,1.096125,0.867713,0.631241,0.462863,0.494482,0.46488,0.588785,0.430852,0.476319,0.650812,0.589927,0.491223,1.057721,0.749714,0.666069,0.728031,0.824605,0.636847,0.624689,0.479005,0.578274,0.775335,0.753638,1.076957,0.849436,0.966772,1.038999,0.965023,0.901006,1.062643,1.081112,1.007027,1.048412,0.935712,0.874249,0.968328,0.99676,0.987964,1.099266,0.931972,1.021676,0.9951,0.92713,0.939602,1.037034
180,0.90608,1.021994,1.055499,1.315013,1.318084,1.0868,1.395477,1.249115,1.101695,1.043839,1.103141,0.865623,0.633001,0.458653,0.49753,0.46775,0.591471,0.429622,0.475776,0.643311,0.587003,0.489428,1.0584,0.743932,0.662138,0.72072,0.839507,0.63212,0.630536,0.475958,0.578295,0.767522,0.75473,1.072339,0.846873,0.955633,1.02926,0.992438,0.911731,1.040213,1.050566,1.000302,1.048074,0.919739,0.862747,0.958019,0.997984,0.981812,1.088625,0.938149,1.002726,0.991687,0.902613,0.917322,1.084256
181,0.899006,1.011898,1.072583,1.283395,1.287921,1.018448,1.362481,1.265485,1.106323,1.057179,1.086586,0.846756,0.631089,0.458509,0.492023,0.471509,0.59274,0.427982,0.476897,0.645483,0.586657,0.487066,1.045476,0.748612,0.666456,0.728525,0.842525,0.64116,0.614567,0.471905,0.570204,0.776678,0.755519,1.071794,0.857701,0.965274,1.024952,0.98867,0.879861,1.061872,1.069306,0.987621,1.039353,0.913679,0.880129,0.968831,0.983515,0.995327,1.062052,0.943768,1.00838,0.999825,0.932408,0.937474,1.056202
182,0.899136,1.000579,1.083863,1.238361,1.241536,1.004884,1.356167,1.218743,1.098099,1.058914,1.089016,0.847853,0.626065,0.455628,0.492219,0.474477,0.592842,0.430429,0.481045,0.644849,0.581574,0.489201,1.038948,0.748888,0.667678,0.730382,0.839649,0.634778,0.613543,0.472726,0.569205,0.758366,0.756126,1.054085,0.85139,0.959096,1.032558,0.990718,0.915975,1.054138,1.060797,0.99215,1.032527,0.923818,0.871631,0.945114,0.977935,0.99368,1.066917,0.911705,1.011955,0.992416,0.959905,0.916376,1.062576
183,0.896801,1.007805,1.097109,1.21457,1.201895,0.954202,1.361529,1.26961,1.147747,1.046116,1.099564,0.847846,0.624618,0.451104,0.486255,0.471933,0.589503,0.431845,0.476403,0.646555,0.577417,0.484753,1.037077,0.750163,0.664643,0.724058,0.846039,0.633346,0.61146,0.467772,0.571797,0.753032,0.753122,1.058885,0.844439,0.960594,1.004535,0.980653,0.92628,1.063727,1.062076,0.978947,1.046853,0.918663,0.84824,0.960386,0.969657,0.985241,1.081498,0.948164,1.012983,0.985212,0.931216,0.922581,1.051875
184,0.891605,1.012436,1.101274,1.198515,1.241491,0.92319,1.370524,1.323277,1.201925,1.042819,1.096216,0.846318,0.624864,0.449605,0.490129,0.474201,0.593309,0.433353,0.471761,0.642528,0.57594,0.486512,1.026354,0.743526,0.661527,0.720908,0.845897,0.632884,0.625457,0.466713,0.572245,0.75061,0.755003,1.033951,0.844695,0.95242,1.028008,0.978604,0.910029,1.038566,1.077324,0.971207,1.05094,0.934579,0.876996,0.962752,0.964257,0.986216,1.085083,0.897165,1.004849,0.984628,0.894101,0.912771,1.073462
185,0.881441,1.026616,1.086636,1.191092,1.222491,0.904697,1.384406,1.314799,1.252339,1.025835,1.093694,0.843645,0.622131,0.447131,0.485286,0.468647,0.591648,0.432929,0.467143,0.64383,0.57375,0.486314,1.027538,0.746555,0.665927,0.720767,0.84855,0.634714,0.629111,0.469123,0.574099,0.74467,0.760739,1.066293,0.842645,0.953761,1.055875,0.97954,0.89527,1.046237,1.070733,0.970767,1.024185,0.919173,0.863348,0.935295,0.983766,0.984098,1.064641,0.936369,1.001296,0.9986,0.914191,0.914071,1.061319
186,0.879801,1.026831,1.063737,1.195206,1.338725,0.882342,1.36927,1.429924,1.273218,1.038567,1.074387,0.835565,0.621954,0.446623,0.492349,0.469951,0.592908,0.430244,0.467842,0.637428,0.574412,0.484022,1.040088,0.734353,0.666212,0.715642,0.837998,0.629924,0.6305,0.464567,0.5754,0.735306,0.756338,1.044783,0.84367,0.95997,1.071784,0.980526,0.895155,1.068168,1.069749,0.969422,1.049886,0.936619,0.881416,0.951437,0.967893,0.982753,1.089408,0.90718,1.01133,0.990579,0.922789,0.91153,1.072671
187,0.884839,1.038845,1.060648,1.246411,1.409168,0.851574,1.41524,1.485399,1.21934,1.040281,1.067599,0.832036,0.621446,0.445089,0.490467,0.465817,0.595799,0.430257,0.469108,0.631715,0.57541,0.479134,1.038861,0.731238,0.662973,0.720485,0.835534,0.62959,0.623155,0.463692,0.578461,0.741965,0.752166,1.041294,0.855683,0.960469,1.077954,0.984143,0.925859,1.038128,1.099508,0.978014,1.022247,0.924611,0.906824,0.935173,0.963718,0.98709,1.100063,0.926718,0.998391,0.988741,0.87733,0.920454,1.047641
188,0.892111,1.024375,1.050152,1.307902,1.431631,0.870444,1.421121,1.601696,1.209717,1.018546,1.087365,0.841664,0.621243,0.440955,0.491424,0.462327,0.596191,0.431911,0.464562,0.634811,0.576042,0.480602,1.053918,0.725021,0.659204,0.719427,0.832339,0.62464,0.627942,0.466209,0.581824,0.734719,0.750239,1.027425,0.870643,0.949144,1.077627,0.981639,0.895805,1.048384,1.082587,0.96407,1.02844,0.950892,0.899871,0.951818,0.957059,0.984367,1.073432,0.9229,1.030659,0.983228,0.9087,0.916258,1.073648
189,0.887283,1.023317,1.052,1.350879,1.486217,0.856968,1.417272,1.507956,1.197729,1.024793,1.072965,0.839232,0.620177,0.438642,0.492251,0.46142,0.592693,0.427334,0.471917,0.626082,0.573668,0.479162,1.072038,0.731281,0.663665,0.71536,0.83129,0.622428,0.633497,0.465097,0.589644,0.735552,0.750512,0.994668,0.868433,0.946741,1.047828,0.97476,0.912056,1.043402,1.050418,0.979578,1.010365,0.944095,0.903348,0.965853,0.96289,0.987393,1.050657,0.907416,1.011955,0.972465,0.892866,0.920395,1.041221
190,0.889846,1.01227,1.064649,1.384911,1.501526,0.851419,1.397379,1.503093,1.166195,1.025357,1.060903,0.838649,0.616007,0.434847,0.483774,0.461309,0.592628,0.429265,0.467673,0.624146,0.572843,0.478027,1.067739,0.730876,0.663523,0.713973,0.832799,0.620025,0.643035,0.472541,0.591518,0.733244,0.751893,1.020147,0.864172,0.958223,1.039653,0.961204,0.919474,1.055743,1.101771,0.978151,1.026628,0.953214,0.907167,0.964302,0.962026,1.000034,1.054868,0.910161,1.018883,0.973165,0.89193,0.908043,1.05783
191,0.890283,1.006739,1.06149,1.348956,1.463025,0.856746,1.371951,1.515568,1.150877,1.016073,1.062188,0.834523,0.614451,0.434118,0.488812,0.461885,0.596275,0.427056,0.472352,0.620564,0.581115,0.480127,1.072822,0.721065,0.658654,0.719733,0.835876,0.62082,0.645922,0.464991,0.59131,0.72859,0.750102,1.07121,0.861289,0.950766,1.183747,0.989782,0.931805,1.029769,1.126021,0.96945,1.046684,0.946644,0.899571,0.943618,0.958858,0.99378,1.064015,0.942803,1.01305,0.970307,0.924576,0.913658,1.035638
192,0.855897,1.008012,1.047846,1.343276,1.457511,0.844648,1.364124,1.441686,1.120342,1.023275,1.076129,0.829548,0.622749,0.432695,0.488257,0.464,0.594465,0.426368,0.470772,0.618581,0.589285,0.479992,1.056216,0.730253,0.660182,0.714444,0.836029,0.62203,0.640952,0.467242,0.585937,0.736517,0.749662,1.098337,0.861033,0.956382,1.193514,0.985736,0.939242,1.039149,1.08426,0.963549,1.01205,0.951798,0.931974,0.974488,0.952343,0.995361,1.058496,0.917303,1.017497,0.96424,0.893122,0.928018,1.027636
193,0.858122,1.003985,1.031909,1.33545,1.438511,0.852018,1.344793,1.442272,1.111818,1.029175,1.066682,0.837614,0.61627,0.432466,0.484982,0.465407,0.601927,0.424384,0.470579,0.614803,0.583743,0.481823,1.059653,0.732499,0.661241,0.710118,0.836725,0.621743,0.629038,0.469388,0.578909,0.738843,0.741742,1.08033,0.85296,0.956101,1.208883,0.996813,0.896647,1.023139,1.13876,0.958059,1.02528,0.94908,0.919099,0.938777,0.950652,0.999126,1.053502,0.95389,1.000358,0.945689,0.887035,0.91484,1.048386
194,0.851952,1.003911,1.013398,1.395823,1.47478,0.852906,1.318933,1.490644,1.08711,1.03232,1.064618,0.834626,0.617927,0.432297,0.485569,0.46013,0.596573,0.425217,0.464948,0.61879,0.582806,0.47748,1.060733,0.723862,0.659225,0.717147,0.826951,0.6223,0.632218,0.465176,0.582626,0.735268,0.741408,1.080927,0.844631,0.961561,1.17388,0.976328,0.891026,1.039754,1.19272,0.961545,1.015927,0.952818,0.95618,0.95001,0.953711,0.988233,1.070858,0.928755,1.025006,0.955402,0.878437,0.924118,1.062576
195,0.854059,0.986903,1.000176,1.440007,1.493097,0.846224,1.256227,1.363451,1.115714,1.022321,1.079936,0.841185,0.614476,0.42657,0.483317,0.458483,0.597553,0.428339,0.462633,0.616564,0.584579,0.480418,1.051403,0.719935,0.662138,0.717406,0.830995,0.620788,0.642158,0.467931,0.577691,0.743403,0.743927,1.071327,0.853056,0.953636,1.174846,0.973875,0.90632,1.022597,1.171471,0.96256,0.996671,0.938771,0.936266,0.948092,0.956411,0.993478,1.070303,0.93995,1.009788,0.952164,0.924279,0.92205,1.036522
196,0.849617,0.968952,0.987281,1.38992,1.45095,0.864849,1.213155,1.301841,1.091905,1.04347,1.067141,0.839554,0.617801,0.42978,0.484851,0.460233,0.599278,0.424661,0.462778,0.612604,0.588735,0.478899,1.04296,0.73402,0.657697,0.711999,0.832622,0.621505,0.633204,0.464037,0.571214,0.744481,0.747144,1.081095,0.844535,0.953449,1.138123,0.983966,0.910871,1.038858,1.174225,0.956494,0.996124,0.946021,0.918197,0.938532,0.938161,0.99015,1.041709,0.914322,1.012089,0.948547,0.912361,0.935051,1.024518
197,0.83846,0.963644,0.977522,1.346138,1.407983,0.828997,1.165802,1.287176,1.069894,1.06976,1.048888,0.836004,0.616041,0.430721,0.48496,0.453738,0.596489,0.426064,0.456218,0.608206,0.58517,0.476686,1.044066,0.726441,0.661547,0.713456,0.828496,0.627011,0.622899,0.457493,0.568403,0.74711,0.74854,1.054565,0.851903,0.947646,1.008616,0.976505,0.904179,1.032479,1.143384,0.958224,1.028061,0.944265,0.919571,0.94083,0.955367,0.984266,1.045394,0.902762,0.996313,0.942014,0.908062,0.923468,1.046106
198,0.816572,0.97598,0.954985,1.309244,1.336766,0.846068,1.151142,1.385371,1.063634,1.076376,1.044577,0.831549,0.615525,0.432957,0.489487,0.454488,0.606143,0.421592,0.460475,0.618459,0.576633,0.483909,1.037355,0.725094,0.658573,0.720391,0.836737,0.630497,0.621949,0.457122,0.560469,0.740073,0.758007,1.053852,0.84415,0.952669,1.032131,0.976657,0.939777,1.044257,1.194737,0.970164,1.038805,0.935599,0.922103,0.951315,0.955187,1.00269,1.047513,0.904092,1.012715,0.940351,0.891036,0.924532,1.05783
199,0.809598,0.975823,0.95103,1.279415,1.291202,0.862274,1.134406,1.445327,1.063568,1.085768,1.048429,0.829185,0.610831,0.431,0.490282,0.449506,0.608195,0.42056,0.456013,0.615174,0.576429,0.489386,1.027111,0.722283,0.659938,0.722319,0.835652,0.632964,0.61844,0.457573,0.561937,0.74187,0.763561,1.035728,0.859719,0.94749,1.01389,0.978655,0.946469,1.034396,1.182243,0.984025,0.99566,0.938431,0.92133,0.954796,0.945432,0.988166,1.056177,0.922064,1.002592,0.951348,0.884396,0.922227,1.015027
200,0.813969,0.977493,0.944887,1.218997,1.246412,0.849731,1.094101,1.478245,1.072325,1.077352,1.067095,0.8295,0.611676,0.427485,0.491261,0.446194,0.606693,0.416499,0.453071,0.612968,0.58302,0.487172,1.026345,0.7144,0.651606,0.71569,0.831974,0.636226,0.620158,0.454314,0.56277,0.736744,0.763682,1.029864,0.847098,0.940563,1.02599,0.977415,0.920869,1.039817,1.172602,1.01216,1.020856,0.938884,0.908755,0.95039,0.96199,0.986014,1.045906,0.905507,1.012246,0.95511,0.889802,0.92205,1.044989
