non-MO,non-MO,non-MO,non-MO,non-MO,non-MO,non-MO,non-MO,non-MO,non-MO,NIT1-MO1,NIT1-MO1,NIT1-MO1,NIT1-MO1,NIT1-MO1,NIT1-MO1,NIT1-MO1,NIT1-MO1,NIT1-MO1,NIT1-MO1,NIT1-MO1,NIT1-MO1,NIT1-MO1,NIT1-MO1,NIT1-MO2,NIT1-MO2,NIT1-MO2,NIT1-MO2,NIT1-MO2,NIT1-MO2,NIT1-MO2,NIT1-MO2,NIT1-MO2,NIT1-MO2,NIT1-MO2,NIT1-MO2,NIT1-MO2,NIT1-MO2,NIT1-MO2,NIT1-MO2,NIT1-MO2,NIT1-MO2,NIT1-MO2,NIT1-MO2
0.90748,0.97695,1.22279,0.87900,1.20361,0.97563,0.96080,1.12094,1.10038,1.11898,1.01382,0.99606,1.03437,1.00981,1.08656,0.90398,1.07393,1.05034,0.99159,0.99227,0.98726,0.97882,1.04039,0.97513,1.04818,1.08090,0.97212,1.03069,1.00210,0.84305,1.01950,1.03899,1.07473,1.03553,1.06752,1.11788,1.01791,1.01303,0.97903,1.03427,0.99922,1.01059,1.04773,0.98405
0.89270,0.96013,1.21335,0.89446,1.19197,0.99162,1.01118,1.16548,1.06682,1.10803,0.99872,1.01569,0.97313,1.01461,1.07795,0.90511,1.04858,1.03478,0.97638,0.99690,0.97662,0.97161,1.05477,0.96540,1.04919,1.07963,0.97703,1.01446,0.99631,0.83355,0.99986,1.02732,1.06519,1.02621,1.07099,1.10432,1.00827,1.02161,0.98412,1.04826,0.99230,1.01806,1.03008,0.98711
0.90397,0.95260,1.21092,0.88851,1.17732,0.99794,1.04656,1.34300,1.07320,1.10682,0.99264,1.05016,0.96478,1.01222,1.06757,0.88276,1.06198,1.02985,0.97155,1.00967,0.97779,0.97467,1.04787,0.97209,1.05492,1.07499,0.97601,1.02220,0.99332,0.84634,1.01174,1.02672,1.05826,1.02228,1.07218,1.10863,1.01223,1.00813,1.00389,1.10870,1.00086,1.01837,1.02574,0.99150
0.90335,0.95330,1.17215,0.89502,1.15520,1.01989,1.09017,1.38472,1.06564,1.12087,0.99227,1.02798,0.97903,1.01947,1.04258,0.85848,1.07902,1.03838,0.98730,1.02115,0.98449,0.96645,1.04928,0.94624,1.05236,1.06842,0.98584,1.00872,0.99330,0.85773,0.99912,1.03970,1.07047,1.03070,1.06613,1.10554,1.01602,1.00180,0.98271,1.14455,1.01157,0.99665,1.03323,1.00265
0.89051,0.95217,1.19448,0.89271,1.15244,1.02620,1.11363,1.31925,1.06160,1.09826,0.99182,1.01827,0.97550,1.01577,1.03459,0.85970,1.07922,1.03385,0.97789,1.00241,0.99015,0.96884,1.03821,0.94924,1.04557,1.06458,0.97907,1.01974,0.98381,0.84491,0.98641,1.03058,1.06692,1.02426,1.06812,1.10382,0.99621,0.98930,0.99967,1.05070,0.99689,1.04434,1.02048,1.00622
0.89557,0.97375,1.17400,0.90744,1.13882,1.02429,1.11944,1.25845,1.05906,1.09534,0.99084,1.00658,0.98289,1.01374,1.01141,0.84685,1.09905,1.02394,0.97887,1.01206,1.03379,0.96151,1.05409,0.96899,1.04843,1.05752,0.98473,1.02823,0.98522,0.83526,0.99734,1.02971,1.07138,1.03959,1.07082,1.10185,1.01687,1.00106,0.98628,1.04163,1.01334,1.00930,1.01213,1.00439
0.89756,0.98579,1.20553,0.90794,1.13157,1.03114,1.12956,1.25281,1.07360,1.08718,0.99128,1.00872,0.98601,1.02443,1.01133,0.82558,1.09818,1.01310,0.96885,0.99735,0.98768,0.98168,1.04976,0.96157,1.04647,1.05044,0.98568,1.02229,1.00122,0.83367,0.98206,1.02897,1.04584,1.02406,1.07251,1.10642,1.00997,1.01054,0.98850,1.03776,1.00052,1.01881,1.02308,1.00451
0.91787,0.99811,1.18117,0.90226,1.13508,1.04703,1.13707,1.25879,1.06499,1.08690,0.98869,1.00012,0.98249,1.02439,1.00000,0.85283,1.08607,1.01628,0.95492,1.00119,1.01489,0.98463,1.03718,0.97674,1.04043,1.04776,0.97981,1.02924,1.00228,0.82848,1.00806,1.02050,1.07352,1.01887,1.07313,1.09533,1.00977,1.00278,0.98535,1.02797,0.99958,1.00845,0.99990,0.99434
0.90608,0.98698,1.16615,0.88937,1.12684,1.03320,1.10691,1.23231,1.05524,1.08804,0.99691,1.00714,0.97762,1.01476,0.98419,0.84601,1.07384,1.01152,0.95617,1.00181,1.00945,0.96850,1.05399,0.98124,1.05202,1.04631,0.98151,1.02026,0.99120,0.82371,1.01608,1.04147,1.06626,1.02603,1.07138,1.10550,1.01639,1.01389,0.98703,1.01108,1.00076,1.01917,0.99613,0.98077
0.90315,0.98608,1.15751,0.89560,1.12464,1.03145,1.07250,1.23142,1.05335,1.07645,0.99702,0.99937,0.98127,1.00889,0.97489,0.86476,1.06264,0.99553,0.96681,1.00595,0.98934,0.96439,1.05741,0.99759,1.05230,1.04140,0.98400,1.04101,0.99259,0.83065,0.98861,1.02469,1.06724,1.02085,1.06809,1.09576,1.00398,1.00891,1.00791,1.00343,1.01196,1.01554,1.01023,0.96886
0.89003,0.98031,1.15374,0.90187,1.13056,1.09193,0.97129,1.20343,1.05549,1.07886,1.00165,0.99350,0.97874,1.01492,0.96838,0.86314,1.04234,0.99121,0.98100,1.03165,0.98221,0.97288,1.04855,0.97541,1.05271,1.04714,0.99111,1.02950,0.98862,0.84395,0.98618,1.02848,1.06376,1.01989,1.06473,1.10389,1.01299,1.02725,0.98286,1.01064,0.99770,1.00196,1.00254,0.98651
0.88894,0.97983,1.13924,0.91619,1.11987,1.09468,0.89258,1.20917,1.06891,1.05990,1.00518,0.99141,0.97961,1.01848,0.96743,0.85481,1.02740,0.98417,0.96702,1.02079,0.92247,0.94985,1.05034,0.99262,1.05527,1.03169,0.99996,1.03353,0.98717,0.86177,1.00231,1.01370,1.07284,1.01859,1.05998,1.09529,1.02101,1.00527,0.98071,1.01452,1.00321,1.00598,0.99068,0.98559
0.88384,0.97783,1.14146,0.92000,1.12873,1.10487,0.86689,1.19459,1.05888,1.07661,1.03388,0.99202,0.98223,1.02067,0.95248,0.81530,1.01981,0.96628,0.97011,1.02634,0.94642,0.95760,1.02084,1.01267,1.05335,1.02948,0.99890,1.03069,1.00279,0.85419,0.99802,1.02086,1.07288,1.01543,1.05663,1.09032,1.00499,1.01618,0.98634,1.00817,1.00407,0.99760,1.00793,0.98003
0.86595,0.95585,1.13532,0.94984,1.13312,1.01221,0.94280,1.19350,1.05852,1.06656,1.08017,0.99353,0.97365,1.02944,0.93963,0.87119,0.99927,0.96215,0.97124,1.01475,1.00111,0.95628,1.02238,0.99948,1.05957,1.02263,1.00665,1.02901,0.99352,0.85007,0.98240,1.02144,1.05427,1.03559,1.05832,1.08519,1.00425,1.01058,0.98981,1.05283,1.01173,1.00180,1.00012,0.98239
0.85252,0.95616,1.13607,0.95986,1.12086,0.98706,0.95896,1.17076,1.05148,1.06536,1.10123,0.99944,0.98075,1.03421,0.95545,0.83580,0.98178,0.95735,0.96650,1.02946,1.01635,0.96149,1.00531,1.01911,1.05814,1.01265,0.99793,1.02887,1.01132,0.85127,0.99244,1.01407,1.04163,1.01999,1.05776,1.08782,1.00007,1.03868,1.00755,1.00805,0.99198,1.00505,1.01475,0.98429
0.84191,0.93096,1.13813,0.95648,1.12086,0.97831,0.95301,1.16507,1.04251,1.08615,1.10687,0.99051,0.97540,1.02598,0.93555,0.87327,0.96891,0.94395,0.97604,1.03667,1.02142,0.95096,0.98541,1.01752,1.06472,1.01778,0.98177,1.01945,1.01698,0.84995,0.98022,1.00721,1.03026,1.01633,1.04959,1.06836,1.00327,1.02431,0.99593,0.98990,1.00627,0.99328,0.99748,0.98989
0.83088,0.92221,1.13213,0.94381,1.11283,0.97013,0.93446,1.15680,1.04435,1.07774,1.10244,0.97274,0.97941,1.03048,0.93587,0.89571,0.94612,0.94571,0.97732,1.03462,1.03011,0.94397,0.98810,1.02026,1.06397,1.01876,0.97797,1.01922,0.99764,0.85676,0.99963,1.02050,1.04387,1.02421,1.04838,1.07870,1.01166,1.01630,1.01088,0.98953,1.00530,0.98488,0.99822,0.98453
0.82224,0.90652,1.13262,0.92298,1.10245,0.96867,0.92456,1.14446,1.03624,1.06322,1.09836,0.97994,0.96832,1.03579,0.93385,0.90826,0.93487,0.92649,0.98775,1.05511,0.88631,0.94212,0.98720,0.99111,1.06896,1.02232,0.98478,1.00756,1.01102,0.86444,1.00152,1.02126,1.04774,1.00888,1.04176,1.07017,1.02457,1.02868,0.98808,0.98620,1.01945,1.01157,1.00240,0.96940
0.81207,0.88097,1.13254,0.92085,1.09944,0.96312,0.91213,1.15730,1.04616,1.06395,1.07410,0.97850,0.99015,1.02614,0.91771,0.89275,0.92732,0.92526,0.99574,1.04150,0.88101,0.94102,0.98419,0.99006,1.07701,1.02073,0.99082,1.02000,1.00694,0.87319,0.98728,1.01726,1.03528,1.00757,1.04019,1.07389,0.99676,1.02471,1.00348,0.95043,1.00763,0.98735,1.01287,0.98584
0.81449,0.85856,1.14507,0.94154,1.08138,0.96515,0.91153,1.16099,1.03673,1.07915,1.07314,0.95725,0.99431,1.02905,0.90396,0.90332,0.92379,0.93909,1.01569,1.04237,1.00430,0.93553,0.97606,0.98306,1.08347,1.03558,0.98172,1.01400,1.00509,0.85181,0.97659,1.03098,1.03682,0.99377,1.04740,1.07182,1.01426,1.02451,0.99754,0.95195,0.99452,0.98274,1.00627,1.00253
0.81725,0.84773,1.16243,0.93775,1.07108,0.96029,0.89977,1.16057,1.01282,1.10393,1.07135,0.96770,0.99121,1.02524,0.88524,0.90841,0.92963,0.93551,1.03702,1.02192,1.04772,0.93917,0.99003,0.98501,1.08060,1.03957,0.98830,1.01307,0.99381,0.87598,0.98978,1.01776,1.06354,1.00380,1.04485,1.06108,1.01321,1.01454,0.99802,0.95739,0.94735,1.03790,0.99254,0.98833
0.81392,0.85546,1.16696,0.94123,1.06779,0.97342,0.90602,1.18630,1.01870,1.09673,1.06351,0.97768,0.99657,1.03476,0.90250,0.91548,0.91789,0.93654,1.06573,1.01363,1.09553,0.93655,0.99275,1.00032,1.07695,1.04187,0.98349,1.00803,1.00299,0.88135,1.00466,1.01401,1.04579,0.99701,1.04146,1.06158,1.01306,1.03832,0.98966,0.96989,0.98169,1.00327,1.00284,0.98845
0.81102,0.86415,1.17620,0.94335,1.05760,0.98269,0.90773,1.20312,1.02844,1.05025,1.06838,0.97760,0.99662,1.01394,0.91155,0.92503,0.90652,0.94189,1.10959,0.98178,1.07659,0.93814,0.99466,0.96847,1.07532,1.04484,0.98947,1.01017,0.99862,0.87614,1.00686,0.99799,1.06395,0.99977,1.03695,1.06724,1.02126,1.02913,0.99020,0.96595,1.02277,0.98792,0.97442,0.99818
0.81855,0.85999,1.18158,0.93772,1.05114,1.03479,0.79772,1.19582,1.02316,1.05713,1.07228,0.95128,1.00363,1.01215,0.90175,0.93318,0.91858,0.94678,1.14879,0.95517,1.12151,0.93539,1.01087,0.95524,1.07593,1.04803,0.97937,1.02162,1.01053,0.89187,1.01342,1.02681,1.05494,1.01317,1.02650,1.06424,1.00299,1.01728,0.99868,0.96250,1.02460,1.07046,1.02998,0.99591
0.81869,0.86342,1.18712,0.94644,1.05646,1.07242,0.74568,1.17812,1.03242,1.05466,1.07474,0.97454,1.00681,1.01218,0.94853,0.93853,0.92438,0.95013,1.16462,0.94195,1.13158,0.93188,1.00005,0.96847,1.07599,1.05430,0.98344,1.02275,0.98847,0.90045,1.00064,1.00799,1.05752,1.00609,1.02980,1.05519,1.00536,1.02467,1.00198,0.95654,1.03168,1.09298,0.97623,1.00130
0.83434,0.87549,1.17510,0.95708,1.04423,1.03576,0.77518,1.19457,1.04705,1.07593,1.08423,0.98505,0.99992,1.02461,0.95144,0.95421,0.93606,0.95893,1.18364,0.96386,1.11485,0.94164,0.99370,0.97380,1.08458,1.06068,0.99230,1.02579,1.00432,0.89854,1.00129,1.00692,1.06719,1.01297,1.02463,1.05242,1.00335,1.02161,0.98319,0.93894,1.01361,1.01373,1.00030,1.00752
0.85284,0.87931,1.17313,0.96223,1.04982,0.96471,0.89459,1.18368,1.06097,1.07430,1.11564,0.98224,0.99170,1.01930,0.93956,0.97649,0.95171,0.96519,1.16514,0.97593,1.12396,0.93977,0.99956,0.96767,1.09026,1.06416,0.99575,1.01991,0.99481,0.90055,1.00818,1.00926,1.06161,1.01447,1.02820,1.05947,0.99785,1.00535,1.01049,0.91907,1.01327,0.98972,1.01098,1.01261
0.86224,0.88942,1.17845,0.95522,1.03835,0.94729,0.88456,1.19007,1.05603,1.06098,1.11487,0.98024,0.99279,1.02028,0.94159,0.99139,0.96010,0.96544,1.17096,0.98749,1.12106,0.94546,1.01228,0.98245,1.10057,1.07573,0.99311,1.02982,0.99094,0.90775,1.00578,1.00493,1.04596,1.01257,1.03603,1.05450,0.99663,0.99788,1.01219,0.92111,1.00253,1.02548,1.01186,1.01360
0.86284,0.89893,1.15371,0.94929,1.02917,0.96596,0.90269,1.19696,1.04726,1.06290,1.09184,0.99625,0.99815,1.01118,0.95322,0.99403,0.98208,0.96024,1.15685,0.97311,1.09605,0.93286,0.99890,0.98527,1.09330,1.08553,1.00538,1.00751,0.99540,0.90261,1.01356,1.00888,1.04979,1.01895,1.03170,1.04001,1.00703,1.00743,1.00374,0.94024,1.01556,1.00211,1.00835,1.00019
0.86868,0.92240,1.17542,0.93929,1.02011,0.95631,0.90343,1.18895,1.04438,1.06031,1.08989,0.99932,0.99750,1.02703,0.98875,1.02987,0.97488,0.94467,1.16441,0.98342,1.09991,0.95673,1.01890,1.01274,1.09654,1.08951,0.99625,1.02104,1.00943,0.89849,1.00713,1.01224,1.04777,1.01093,1.02214,1.05213,1.00747,1.02978,1.04419,0.90114,1.00287,0.99103,1.01416,0.99879
0.88729,0.91032,1.16626,0.91870,1.01892,0.94640,0.90203,1.17775,1.03240,1.04392,1.08193,1.00325,1.00436,1.03210,1.00529,1.02750,0.96855,0.92662,1.15594,0.96550,1.10387,0.93698,1.00463,1.02967,1.07745,1.07822,0.99309,1.01336,1.00151,0.89764,1.01972,1.01994,1.06041,1.01318,1.02805,1.04495,1.00322,1.00437,1.03637,0.87658,0.99110,1.01105,1.01321,1.00315
0.91418,0.92231,1.16707,0.93011,1.01524,0.95974,0.92558,1.16795,1.03143,1.03518,1.08789,1.00134,1.01179,1.01548,1.01076,1.01872,0.96214,0.92648,1.14565,0.96800,1.09071,0.93673,1.01412,1.01406,1.07859,1.07320,1.00186,1.00771,1.00334,0.91425,1.02776,1.00856,1.05562,1.00258,1.02297,1.04949,1.00375,1.00764,1.01687,0.85863,1.00426,1.00082,0.98943,1.00781
0.93635,0.92815,1.15886,0.93419,1.00638,0.94665,0.94490,1.14170,1.04240,1.04314,1.07387,0.99526,1.00927,1.00844,0.99647,1.02754,0.96041,0.92577,1.12153,0.97261,1.07067,0.95521,1.00242,1.02555,1.08644,1.06848,0.99405,1.00406,0.99426,0.92872,1.02256,1.00946,1.04745,0.99946,1.01511,1.04057,1.00526,0.99506,1.01750,0.85930,1.00862,0.98423,0.99074,0.99637
0.92938,0.91495,1.17633,0.93232,1.00849,0.97807,0.94427,1.14129,1.04118,1.03718,1.06223,1.00051,1.01082,1.00248,1.00830,0.98890,0.95651,0.91297,1.12435,0.98237,1.07129,0.96003,0.99334,1.04109,1.07666,1.07651,0.99205,1.01368,0.99483,0.93100,1.01080,1.03694,1.04799,1.01359,1.01757,1.03589,0.99761,1.01038,1.02145,0.86773,1.00402,0.98155,0.99697,0.99749
0.94435,0.93586,1.18285,0.94081,1.00819,0.99200,0.96268,1.14555,1.01902,1.03514,1.05447,0.99979,1.01396,0.99849,1.00130,1.00603,0.96431,0.92365,1.10230,0.99639,1.04559,0.94824,0.98296,1.02761,1.07089,1.06403,1.00997,1.01855,0.98086,0.94250,1.01018,1.03999,1.03737,1.01106,1.01900,1.02937,0.99195,1.01070,0.99997,0.86486,1.00867,0.99675,0.98305,1.01414
0.95398,0.92128,1.18552,0.93200,1.01303,1.00062,0.96274,1.11405,1.00697,1.02160,1.04355,1.00349,1.01279,1.00260,1.01203,1.01708,0.95363,0.92313,1.10612,0.99491,1.03634,0.94705,0.97046,1.03254,1.05777,1.05279,0.99548,1.01638,1.00725,0.94404,1.00062,1.03268,1.02291,1.00505,1.01718,1.03807,1.00463,0.98905,1.00944,0.88076,1.01188,0.98967,0.97171,1.00532
0.94542,0.90642,1.17795,0.93351,1.01121,1.00401,0.95384,1.12881,1.00425,1.02558,1.01843,1.00350,1.00689,0.99699,1.01815,1.01707,0.95210,0.91847,1.09149,1.00030,1.04502,0.96358,0.96461,1.03817,1.05045,1.04500,1.00401,1.00481,0.99338,0.95287,0.99294,1.02871,1.01907,1.00107,1.02113,1.02542,0.98372,1.02018,1.02121,0.88719,0.99452,1.00441,1.00579,1.05745
0.93612,0.91690,1.16875,0.93980,1.00672,0.98575,0.93846,1.10058,0.99748,1.02591,1.01638,1.00038,1.00671,0.99271,1.01791,1.00533,0.95641,0.94039,1.09313,1.00448,1.05205,0.95462,0.97664,1.02171,1.04872,1.04523,1.01029,1.01110,1.00308,0.96126,0.99387,1.02333,1.01606,1.00073,1.01398,1.03204,0.98383,1.01622,0.99988,0.91563,1.00726,0.99827,1.01850,1.04563
0.94843,0.93991,1.14045,0.94320,0.98767,0.97440,0.92690,1.09263,0.98811,1.01600,1.02090,0.99252,1.01715,1.00257,1.00430,0.99753,0.95312,0.94595,1.08990,1.00580,1.01729,0.94263,0.97521,1.02234,1.04890,1.04141,0.99802,1.00864,0.99232,0.97654,0.98947,1.00756,1.01059,0.99971,1.00463,1.04574,1.00988,1.01123,1.02379,0.90359,1.00238,0.99371,1.01685,1.03379
0.97736,0.95928,1.10394,0.94474,0.99031,0.96372,0.90957,1.28777,0.99476,1.02115,1.01977,1.00203,1.00602,0.99961,0.99097,0.98516,0.96111,0.94707,1.08963,1.01102,1.02288,0.96135,0.98588,1.04022,1.04265,1.04879,1.00012,1.00328,0.99847,1.00478,0.99647,1.00236,0.99568,1.00489,1.00335,1.02802,1.00267,1.00388,1.02729,0.93492,0.99290,0.97053,1.02199,1.00871
0.99222,0.98078,1.09057,0.93774,0.98813,0.95536,0.90874,1.38329,1.00508,1.00544,1.02037,0.99342,0.99803,0.99942,0.99497,0.98305,0.97001,0.95786,1.08528,0.99293,1.02075,0.95539,0.98143,1.03746,1.04308,1.04233,0.99427,1.00754,0.99986,0.99010,0.98567,0.98978,1.00310,1.00331,1.00359,1.02717,1.00991,1.01479,1.02217,0.94845,1.00034,0.99132,1.01412,1.00480
1.01985,1.01458,1.06584,0.92370,0.98803,0.95364,0.89878,1.17845,1.00036,1.01845,1.01561,0.99533,1.00251,0.99779,0.99155,0.98102,0.96841,0.96570,1.08212,1.01926,1.01180,0.95977,0.97630,1.05055,1.03373,1.03490,0.99578,0.99823,1.00110,0.99216,0.98087,1.00714,0.99678,1.01617,1.00846,1.01907,1.00346,1.00711,1.00662,0.95885,1.00817,0.98616,1.01792,1.00100
1.03865,1.02555,1.05669,0.92513,0.99284,0.96685,0.90629,1.11524,1.00213,1.03011,1.01209,0.98861,0.99566,0.99806,0.99400,0.97534,0.97831,0.97214,1.08607,1.03956,1.00727,0.94821,0.98473,1.05701,1.03583,1.02061,0.99129,1.01814,0.98222,1.01209,0.99466,1.00341,1.00046,1.02817,1.00899,1.01778,0.98227,1.01344,1.00953,0.95994,0.99540,0.96841,1.00636,0.98480
1.02037,1.02105,1.05449,0.92198,0.99053,0.97278,0.92438,1.00847,1.00621,1.02078,1.01815,0.98819,1.00090,0.98462,1.00419,0.99528,0.98119,0.98234,1.08284,1.05713,0.99931,0.96758,0.98499,1.05644,1.03150,1.02087,0.99679,1.02237,1.00788,1.00499,0.98380,0.99978,0.99864,1.00630,1.02113,1.03293,0.98878,1.00139,1.01255,0.97494,1.00029,0.97735,1.01259,0.99357
1.03649,1.01704,1.04309,0.92510,0.99530,0.98489,0.94532,0.99137,1.01522,1.03070,0.99765,0.98264,1.00875,0.99780,1.00353,0.98090,0.99837,0.99179,1.08009,1.02069,0.99767,0.98499,0.99925,1.05497,1.02318,1.01493,0.99882,1.02829,0.99743,0.99673,0.97599,0.99864,1.00661,1.00343,1.00985,1.01554,1.00019,0.98190,1.01771,0.98403,0.98509,0.99529,1.01198,0.98791
1.02851,1.02126,1.02790,0.93613,0.98855,1.00321,0.96180,0.99891,0.98986,1.02531,1.00828,0.99045,1.00979,0.99509,0.99798,0.99831,0.99888,0.98910,1.05376,1.00524,0.99693,0.97256,0.99455,1.05261,1.01886,1.01312,1.00250,1.01249,0.99617,1.01406,0.99229,1.00877,0.99363,1.00107,1.01101,1.00965,1.00316,1.01900,1.01129,0.98093,1.01350,0.99745,1.00139,0.99820
1.01518,1.00906,1.00965,0.94724,1.00525,0.99351,0.98037,1.00125,1.01237,1.02259,0.99715,1.00001,1.00364,0.99703,1.00806,0.98408,0.98050,0.97244,1.05073,1.00466,1.01536,0.96830,0.97504,1.04720,1.01494,1.00415,0.99491,1.01238,0.97078,1.00113,0.99230,0.99500,0.99989,1.00273,1.01045,1.00988,0.99460,1.00331,1.00662,0.99721,0.98942,0.99516,0.98570,0.98344
1.01021,1.01890,0.99567,0.97040,1.01324,1.00205,0.97799,1.00645,1.01441,1.01937,1.00026,0.99515,1.00219,1.00206,1.01192,0.99404,0.98296,0.98680,1.02731,0.99400,0.98746,0.96573,0.98460,1.03938,1.01932,1.00402,0.99889,1.01272,0.99385,0.98823,0.99563,1.00399,1.00631,0.99786,1.00208,1.00405,1.00000,0.99257,1.03086,0.98533,0.99950,0.96491,1.02655,0.98471
1.00009,1.02499,0.99814,0.98232,1.01033,1.01179,0.97563,0.99119,1.01293,1.02289,0.99764,1.00240,1.01033,0.99401,1.00699,0.99815,0.99991,0.98512,1.01949,0.99092,0.99087,0.98966,0.99695,1.03077,1.00529,1.00146,0.99166,1.01229,0.98194,0.99181,1.00553,1.01042,1.00909,1.00364,1.01356,1.00830,0.99779,0.98868,1.01561,1.00874,1.01008,0.97756,1.02657,0.99680
1.00000,1.00000,1.00000,1.00000,1.00000,1.00000,1.00000,1.00000,1.00000,1.00000,1.00000,1.00000,1.00000,1.00000,1.00000,1.00000,1.00000,1.00000,1.00000,1.00000,1.00000,1.00000,1.00000,1.00000,1.00000,1.00000,1.00000,1.00000,1.00000,1.00000,1.00000,1.00000,1.00000,1.00000,1.00000,1.00000,1.00000,1.00000,1.00000,1.00000,1.00000,1.00000,1.00000,1.00000
0.99155,0.99000,0.96812,0.98799,0.99969,0.99399,0.99356,0.98464,0.99645,1.00441,0.99887,1.00192,1.00642,1.00433,1.02110,0.98543,1.01989,1.01679,0.99021,1.01806,0.97860,0.98881,0.99759,1.00660,1.00138,0.99608,0.99728,1.02342,1.00550,0.98436,1.00874,1.03881,0.99698,1.00231,0.99843,0.99611,1.00769,0.99980,1.00995,1.00500,0.99710,0.97972,0.99728,0.98843
0.97942,0.97979,1.20285,1.00599,1.00236,0.97604,0.99481,0.96452,0.98914,1.00276,1.00102,1.09574,1.00189,1.06863,1.29586,0.98286,1.00703,0.99371,1.02552,0.99791,0.98486,1.09001,1.02272,1.00840,0.99552,0.99557,0.99193,1.02771,0.99841,0.96174,0.98325,1.02764,0.98898,1.00367,1.01392,0.99760,1.00949,1.01136,0.99080,1.01657,1.00700,0.99807,1.02250,0.98743
1.14943,0.99583,1.33310,1.08568,0.94292,1.20588,1.03598,1.11774,1.10258,1.07238,0.98098,1.16625,1.20205,1.14367,1.50342,1.04112,1.35231,1.29155,1.29281,0.96868,1.13182,1.26315,1.37751,1.25609,1.21902,1.32648,0.79947,1.02814,0.84666,0.74982,0.80017,0.83153,0.93033,0.89060,1.02003,1.07343,0.88796,0.88946,1.01270,0.85229,0.86188,0.91060,0.96659,0.95834
1.24075,1.03510,1.37561,1.09445,0.94365,1.29411,1.06697,1.18976,1.11924,1.09596,0.99348,1.17030,1.23745,1.18864,1.53733,1.04701,1.42843,1.34110,1.32131,0.92754,1.19720,1.31199,1.44694,1.28827,1.26784,1.40634,0.79779,1.02391,0.83867,0.60763,0.77540,0.84077,0.95846,0.89914,1.04844,1.09230,0.90034,0.90731,1.00075,0.75819,0.87144,0.94103,1.03589,0.97095
1.29147,1.08557,1.37704,1.07311,0.94342,1.32564,1.08999,1.21131,1.14156,1.08061,0.99638,1.15183,1.22381,1.19621,1.52892,1.03418,1.41981,1.35118,1.30904,0.89980,1.20284,1.29715,1.49832,1.27930,1.26712,1.41035,0.78414,1.00927,0.82847,0.56799,0.75777,0.83952,0.95923,0.91188,1.04692,1.09559,0.89054,0.90118,1.01453,0.70613,0.85335,0.92534,1.02679,0.98534
1.26638,1.10048,1.35059,1.05263,0.92781,1.31510,1.11692,1.20936,1.11036,1.06292,0.97315,1.14553,1.21602,1.19000,1.47349,1.01178,1.37044,1.35950,1.28986,0.88861,1.17922,1.27097,1.48040,1.25230,1.25526,1.38899,0.78413,1.01600,0.82260,0.56806,0.74054,0.85562,0.97090,0.92117,1.03259,1.09138,0.89114,0.90596,1.01663,0.67491,0.84559,0.91026,1.02191,0.98411
1.24875,1.11156,1.31330,1.01004,0.89612,1.29603,1.10295,1.20101,1.07720,1.03269,0.99514,1.13306,1.18558,1.17466,1.46404,1.02293,1.33201,1.34818,1.24361,0.84443,1.13811,1.25859,1.42845,1.17489,1.23635,1.35063,0.77108,1.01443,0.83266,0.55866,0.73301,0.88807,0.97126,0.90118,1.03977,1.07682,0.89160,0.89493,1.02606,0.64807,0.85977,0.91482,1.03892,0.97483
1.21239,1.11259,1.26355,0.98119,0.85582,1.27617,1.10369,1.20099,1.07095,1.01440,1.00116,1.10665,1.17901,1.15411,1.36744,0.99721,1.27545,1.32947,1.19452,0.82024,1.12594,1.19360,1.41004,1.13203,1.20186,1.29879,0.77766,1.02049,0.82387,0.54769,0.70689,0.89166,0.96516,0.89594,1.02511,1.06052,0.91894,0.89538,1.02394,0.61830,0.83940,0.95399,1.02800,0.97181
1.17471,1.09771,1.20777,0.93668,0.83929,1.26483,1.10129,1.15805,1.05024,0.99118,1.00251,1.08805,1.15453,1.11943,1.30913,0.97217,1.22687,1.32304,1.13897,0.80304,1.07916,1.13563,1.37593,1.08297,1.18029,1.25750,0.75971,1.00380,0.81254,0.54040,0.71346,0.87021,0.95634,0.89019,1.02754,1.03530,0.90546,0.89032,1.04074,0.60148,0.82734,0.93526,1.02909,1.02763
1.14481,1.09899,1.18493,0.88499,0.81154,1.23533,1.09874,1.14139,1.02286,0.97689,0.99886,1.06281,1.13862,1.08870,1.26294,0.96507,1.17623,1.32082,1.09872,0.79019,1.04193,1.10913,1.31934,1.04819,1.15035,1.21620,0.76387,1.01919,0.81517,0.53451,0.69957,0.86896,0.96514,0.88892,1.00119,1.01989,0.89987,0.89665,0.95108,0.60245,0.80788,0.93641,1.00888,1.01673
1.12323,1.08594,1.14822,0.85415,0.79655,1.21273,1.09037,1.15184,1.01054,0.94179,1.00049,1.04739,1.11541,1.06126,1.20164,0.93681,1.14393,1.30834,1.06183,0.77403,1.02862,1.08384,1.28957,1.00402,1.11541,1.16592,0.75364,0.83358,0.79697,0.53175,0.67853,0.87065,0.94418,0.87709,0.98926,0.99931,0.88736,0.89130,0.95812,0.58153,0.80984,0.94275,0.99177,1.00050
1.06841,1.07505,1.09225,0.83386,0.76785,1.17305,1.07395,1.12977,0.98725,0.91900,1.00300,1.02946,1.10193,1.02455,1.12161,0.91375,1.09951,1.30039,1.02115,0.75870,1.01472,1.03943,1.28729,0.95249,1.07265,1.13418,0.74517,0.84764,0.79383,0.52303,0.67450,0.85045,0.95262,0.86780,0.97759,0.97649,0.88149,0.88260,0.95054,0.56896,0.80065,0.94345,0.99433,0.99649
1.03908,1.05252,1.06462,0.81725,0.75279,1.17033,1.07230,1.09294,0.97963,0.91408,0.99135,1.00714,1.09111,0.99828,1.05640,0.88517,1.06588,1.28410,0.97936,0.73831,0.96735,1.02438,1.26084,0.92982,1.04318,1.08249,0.73877,0.85413,0.80285,0.51283,0.66218,0.85257,0.92833,0.86298,0.96732,0.95703,0.88632,0.88068,0.92067,0.56794,0.81911,0.89973,1.01802,1.01385
0.98703,1.04463,1.03027,0.80139,0.73439,1.11124,1.05857,1.06056,0.96648,0.91127,0.99190,0.99363,1.06854,0.96607,1.00220,0.87004,1.03588,1.26967,0.94466,0.72202,0.95819,0.99839,1.22142,0.89096,1.01856,1.03827,0.73575,0.85546,0.79047,0.51039,0.64985,0.84407,0.92786,0.87397,0.95417,0.94317,0.88077,0.88791,0.96351,0.55796,0.80412,0.89486,0.97698,1.00221
0.99230,1.03680,1.00557,0.76440,0.72968,1.09690,1.04416,1.07730,0.94123,0.87896,0.98942,0.96982,1.05693,0.91964,0.93084,0.86816,0.98793,1.26224,0.90144,0.70241,0.91117,0.96953,1.20642,0.88431,0.99035,1.00351,0.72671,0.84772,0.78951,0.50717,0.64375,0.83925,0.92870,0.87135,0.93171,0.92617,0.87650,0.86062,0.95054,0.53977,0.77712,0.89993,0.97373,0.98507
0.94871,1.01717,0.95571,0.73144,0.71509,1.05458,1.02141,1.05570,0.91635,0.87316,0.98256,0.94744,1.04155,0.89197,0.88037,0.84493,0.95455,1.23960,0.87620,0.67733,0.90484,0.92871,1.18801,0.84797,0.95947,0.96327,0.73607,0.83859,0.79041,0.49956,0.63239,0.82490,0.92596,0.86150,0.93079,0.90918,0.85739,0.85625,0.94625,0.53262,0.78555,0.87891,0.95208,0.99018
0.93556,0.99281,0.92753,0.71367,0.72142,1.02622,1.00759,1.04096,0.91407,0.85642,0.98335,0.92491,1.02362,0.86218,0.84452,0.82796,0.91780,1.21413,0.83056,0.66607,0.87683,0.92049,1.16700,0.82563,0.92934,0.93166,0.72459,0.82373,0.78860,0.49543,0.62719,0.81288,0.91362,0.85776,0.92292,0.88498,0.84572,0.86577,0.93586,0.52109,0.77537,0.85861,0.97262,1.00084
0.89831,0.97370,0.89788,0.68740,0.71031,1.01487,0.99036,1.01494,0.88842,0.84927,0.96661,0.90688,1.01963,0.83938,0.79569,0.81216,0.86419,1.19396,0.79716,0.65241,0.86721,0.90957,1.16860,0.79839,0.90665,0.89193,0.72518,0.82109,0.78336,0.48969,0.61117,0.81416,0.89822,0.84955,0.89660,0.87125,0.86025,0.84845,0.94628,0.52236,0.78720,0.85706,0.95757,0.99587
0.89146,0.96809,0.87565,0.66858,0.70940,0.98468,0.96520,0.99410,0.89982,0.85923,0.95062,0.89452,0.99865,0.81926,0.76518,0.81108,0.83459,1.18093,0.76673,0.64399,0.84688,0.89182,1.15532,0.77223,0.87786,0.86682,0.71062,0.81790,0.78414,0.48671,0.60957,0.79461,0.87443,0.84791,0.89704,0.86588,0.84821,0.84395,0.93103,0.51450,0.78629,0.85248,0.94613,0.98246
0.87850,0.95814,0.86277,0.65905,0.71981,0.98455,0.95151,0.95974,0.87552,0.84412,0.95836,0.88438,0.99598,0.80418,0.73685,0.80283,0.80206,1.16377,0.72908,0.62313,0.82842,0.85097,1.14945,0.76262,0.85279,0.84172,0.71011,0.80210,0.78817,0.47579,0.60429,0.79468,0.84977,0.83362,0.87965,0.84665,0.85411,0.85952,0.91174,0.51796,0.76957,0.87860,0.95214,0.96725
0.86222,0.95316,0.84339,0.63482,0.70471,0.95188,0.95763,0.94084,0.85459,0.84291,0.95441,0.87372,0.98325,0.78678,0.69162,0.80260,0.76295,1.15877,0.71063,0.62776,0.82823,0.85914,1.11427,0.73949,0.82976,0.81679,0.71468,0.81065,0.78581,0.47987,0.60702,0.79519,0.86281,0.82641,0.88107,0.84399,0.86427,0.84853,0.91677,0.50555,0.77109,0.86585,0.95850,0.95806
0.82707,0.91252,0.83191,0.63672,0.70615,0.93521,0.93452,0.91088,0.85789,0.84479,0.96050,0.86272,0.95990,0.75834,0.66119,0.79834,0.74076,1.13669,0.67249,0.61008,0.81638,0.83103,1.12131,0.73392,0.80999,0.78762,0.71372,0.79738,0.76905,0.47208,0.58920,0.78590,0.85289,0.81631,0.86775,0.82094,0.85995,0.85118,0.92052,0.50789,0.76273,0.84774,0.94617,0.97912
0.81067,0.93584,0.81706,0.63568,0.69870,0.93813,0.93923,0.88853,0.84463,0.83178,0.97366,0.84755,0.94631,0.75126,0.64912,0.80149,0.72415,1.13618,0.66197,0.60439,0.79604,0.80523,1.10341,0.71883,0.78562,0.76366,0.69634,0.79208,0.76249,0.46074,0.58609,0.77563,0.84130,0.79772,0.86552,0.80161,0.85360,0.83852,0.91114,0.49976,0.75902,0.86443,0.90072,0.98302
0.79323,0.94679,0.80576,0.62823,0.68985,0.90084,0.92971,0.89071,0.82642,0.81250,0.98039,0.83243,0.94636,0.73010,0.63357,0.80059,0.70333,1.11897,0.63102,0.57960,0.80005,0.81127,1.07820,0.71090,0.76543,0.73546,0.69208,0.78657,0.78811,0.45702,0.58223,0.77342,0.82679,0.80003,0.85214,0.80421,0.85787,0.84502,0.90758,0.50722,0.76041,0.86399,0.90425,0.99708
0.79977,0.94452,0.78421,0.63464,0.69484,0.90363,0.93015,0.86446,0.82449,0.81033,0.97771,0.81872,0.93639,0.71465,0.62524,0.80882,0.68261,1.10590,0.62814,0.54836,0.79379,0.80182,1.08280,0.69392,0.75596,0.71217,0.69463,0.77211,0.78605,0.45000,0.57490,0.77260,0.82133,0.79329,0.84700,0.78567,0.84906,0.84036,0.90203,0.50364,0.74583,0.87180,0.89640,0.98436
0.77957,0.92633,0.76263,0.63305,0.71671,0.87914,0.93170,0.86477,0.82397,0.79727,0.97487,0.81085,0.93065,0.69405,0.59911,0.80335,0.67378,1.09741,0.61721,0.55180,0.77774,0.78034,1.06567,0.71080,0.73943,0.69215,0.68673,0.77292,0.78772,0.44195,0.56837,0.78387,0.83456,0.80392,0.83860,0.77217,0.83378,0.84379,0.90851,0.49773,0.76090,0.86605,0.91373,0.97456
0.77024,0.91075,0.74999,0.62218,0.71701,0.87149,0.90762,0.86396,0.81498,0.79042,0.95749,0.79137,0.93136,0.68302,0.58428,0.78866,0.67056,1.07538,0.61389,0.54429,0.75691,0.77246,1.06120,0.68891,0.71941,0.66204,0.68797,0.77869,0.79010,0.43244,0.56679,0.76749,0.83229,0.79537,0.82732,0.76595,0.83851,0.84065,0.91950,0.48428,0.74106,0.85716,0.87596,0.99223
0.73956,0.90759,0.73787,0.61554,0.71494,0.85385,0.90233,0.84398,0.80578,0.78525,0.93082,0.78396,0.90809,0.66602,0.55375,0.78005,0.66075,1.06683,0.59509,0.53031,0.74056,0.74782,1.04378,0.68562,0.70413,0.64104,0.70278,0.76289,0.79291,0.43121,0.57041,0.75157,0.80886,0.77510,0.82124,0.76071,0.82201,0.82949,0.91315,0.48036,0.75187,0.85830,0.89160,0.99112
0.72674,0.88404,0.74448,0.60924,0.71265,0.83354,0.90642,0.82667,0.81563,0.78255,0.92136,0.78429,0.90275,0.65591,0.54475,0.77581,0.65961,1.05468,0.58810,0.50616,0.75179,0.71806,1.02399,0.67797,0.68979,0.62255,0.70617,0.76988,0.79432,0.43181,0.55738,0.75018,0.81041,0.77127,0.81035,0.74655,0.81848,0.81867,0.87354,0.47097,0.75302,0.88697,0.87407,1.00576
0.70882,0.87721,0.72878,0.60332,0.71672,0.82842,0.89615,0.82906,0.79454,0.78203,0.91446,0.76058,0.89230,0.63876,0.53705,0.75865,0.64769,1.04121,0.59419,0.48483,0.73737,0.72845,1.01146,0.66267,0.67392,0.60737,0.69489,0.76005,0.79397,0.42258,0.54493,0.73765,0.81426,0.76687,0.81314,0.73786,0.83217,0.82361,0.89344,0.47160,0.72698,0.90382,0.87300,1.00010
0.68676,0.87450,0.74329,0.61357,0.71948,0.81902,0.89306,0.82108,0.79218,0.76849,0.90000,0.76548,0.88146,0.62959,0.51448,0.73986,0.63580,1.01818,0.60733,0.47774,0.74617,0.72141,1.00511,0.65672,0.65893,0.58758,0.70170,0.74750,0.77760,0.41940,0.55009,0.72375,0.79103,0.76033,0.79462,0.73279,0.83336,0.82320,0.89389,0.47319,0.74254,0.86992,0.86089,1.01096
0.69466,0.85951,0.72231,0.61255,0.70655,0.81078,0.88560,0.81536,0.78834,0.76522,0.87414,0.75045,0.86583,0.61355,0.50023,0.72932,0.62514,1.01422,0.61023,0.48118,0.73111,0.71001,0.98070,0.65725,0.64953,0.56776,0.71645,0.76112,0.79540,0.41245,0.54569,0.70301,0.78992,0.76594,0.78236,0.72334,0.83788,0.82937,0.88640,0.46891,0.72395,0.88788,0.85813,1.02982
0.67327,0.83980,0.72647,0.60117,0.70979,0.82362,0.89809,0.81281,0.76541,0.76920,0.84911,0.74927,0.84376,0.60766,0.48194,0.70316,0.60939,1.00661,0.60382,0.47779,0.71869,0.70117,0.95730,0.64749,0.63435,0.55004,0.69735,0.75411,0.78556,0.40836,0.53995,0.70332,0.79844,0.75503,0.79224,0.72106,0.84401,0.82810,0.88963,0.46207,0.72152,0.88566,0.85740,1.02329
0.68341,0.83939,0.71000,0.60375,0.71563,0.80133,0.89290,0.80203,0.76223,0.76806,0.83352,0.74106,0.83943,0.60122,0.48169,0.70111,0.60439,0.99679,0.58977,0.47275,0.70073,0.69715,0.95502,0.62945,0.62095,0.53057,0.69897,0.73753,0.80065,0.39877,0.53354,0.69643,0.78923,0.75289,0.77271,0.70565,0.83787,0.83243,0.89023,0.46140,0.72032,0.86180,0.86727,1.02187
0.66495,0.83711,0.69503,0.60783,0.72667,0.80339,0.87973,0.79083,0.77179,0.76666,0.81967,0.73146,0.83745,0.59785,0.47701,0.67994,0.59986,1.00311,0.59766,0.47227,0.69719,0.67657,0.92418,0.62884,0.60823,0.51801,0.69565,0.74141,0.79460,0.39668,0.52203,0.68706,0.76703,0.74904,0.75164,0.70111,0.84264,0.81912,0.88673,0.45690,0.72074,0.84318,0.87050,1.03260
0.66617,0.82753,0.69935,0.60743,0.73531,0.78552,0.86555,0.80392,0.76979,0.76083,0.79353,0.72120,0.81854,0.58698,0.46567,0.67411,0.57384,0.98334,0.61266,0.47423,0.70780,0.68113,0.90177,0.61428,0.59848,0.50493,0.69297,0.73640,0.78674,0.39993,0.52742,0.66794,0.77421,0.75485,0.75057,0.70279,0.83690,0.82484,0.89526,0.45786,0.71842,0.85284,0.85750,1.03820
0.66852,0.83403,0.70581,0.60193,0.75112,0.77789,0.85296,0.78664,0.76118,0.75295,0.77892,0.71675,0.81333,0.59406,0.46182,0.65114,0.56922,0.97156,0.61664,0.46749,0.70751,0.67387,0.88565,0.60563,0.58722,0.49286,0.68902,0.73495,0.78650,0.39281,0.52098,0.66319,0.80876,0.74097,0.73060,0.68850,0.83398,0.81891,0.86120,0.44885,0.71907,0.83841,0.84039,1.04839
0.67434,0.82861,0.71338,0.60955,0.76280,0.78048,0.86352,0.81279,0.76667,0.75112,0.76727,0.71913,0.80440,0.59179,0.46400,0.63874,0.55997,0.95167,0.62617,0.45842,0.69566,0.67052,0.88431,0.59784,0.57743,0.48038,0.67737,0.72941,0.77882,0.38383,0.52287,0.65681,0.80210,0.73566,0.72736,0.69670,0.84364,0.82492,0.86788,0.45379,0.71638,0.84413,0.87140,1.04952
0.67953,0.81890,0.73352,0.61208,0.75879,0.79800,0.85576,0.80559,0.76347,0.74526,0.74815,0.71958,0.79572,0.59109,0.44836,0.63898,0.55016,0.97170,0.60962,0.45493,0.68940,0.65861,0.87492,0.59179,0.57438,0.46793,0.68896,0.71889,0.77933,0.38522,0.51826,0.63339,0.81638,0.72750,0.71626,0.68392,0.85856,0.82443,0.90149,0.45085,0.70578,0.84217,0.87124,1.06054
0.67622,0.80217,0.73703,0.61252,0.76059,0.78996,0.85369,0.79808,0.76206,0.75557,0.74318,0.71901,0.79060,0.59860,0.43622,0.61083,0.54166,0.96068,0.61170,0.44148,0.69393,0.65859,0.87866,0.59331,0.56264,0.45810,0.68450,0.71872,0.77656,0.37987,0.51112,0.63268,0.83030,0.72094,0.71766,0.67520,0.85717,0.80760,0.87678,0.44706,0.69170,0.83011,0.86789,1.08754
0.66838,0.80482,0.75877,0.61986,0.74781,0.81472,0.86177,0.80418,0.76651,0.74067,0.72754,0.71452,0.77888,0.60559,0.43829,0.57387,0.53734,0.96586,0.60706,0.44159,0.68824,0.63757,0.88692,0.58874,0.55672,0.44686,0.69400,0.72171,0.76381,0.38143,0.51673,0.63277,0.81231,0.71852,0.71291,0.67529,0.85966,0.83578,0.88625,0.44559,0.68854,0.81236,0.86013,1.07704
0.67707,0.78648,0.76971,0.62440,0.75744,0.81537,0.86291,0.78329,0.74054,0.74094,0.71761,0.71701,0.78458,0.61060,0.44915,0.57035,0.53265,0.94101,0.58421,0.43937,0.68361,0.63951,0.86578,0.56747,0.54043,0.43043,0.69005,0.71831,0.73962,0.37600,0.51177,0.63114,0.83708,0.71412,0.70798,0.65913,0.83383,0.82663,0.87267,0.44862,0.70674,0.82790,0.86791,1.04778
0.67982,0.78558,0.75924,0.62412,0.76841,0.80699,0.86669,0.76496,0.74002,0.74352,0.71197,0.70722,0.74549,0.60138,0.43429,0.57753,0.51164,0.90414,0.56213,0.44521,0.66528,0.62157,0.84829,0.56569,0.52028,0.40693,0.68919,0.69620,0.74259,0.37693,0.51692,0.63917,0.79747,0.72691,0.70783,0.66723,0.83567,0.82206,0.87279,0.44907,0.71943,0.81545,0.87836,1.04776
0.67141,0.78832,0.74470,0.61575,0.77548,0.77922,0.85011,0.76309,0.73973,0.73163,0.70783,0.68498,0.71605,0.58120,0.42869,0.55437,0.49823,0.85187,0.55784,0.44958,0.66400,0.61426,0.81373,0.54688,0.51281,0.39355,0.68712,0.70521,0.74567,0.37785,0.51325,0.63424,0.78779,0.72175,0.70929,0.66011,0.85461,0.83754,0.89703,0.44799,0.72366,0.82097,0.88879,1.00959
0.68466,0.79586,0.73406,0.61660,0.77168,0.78508,0.84249,0.75823,0.74402,0.73394,0.69180,0.66838,0.69427,0.56440,0.41811,0.53105,0.47776,0.81429,0.55461,0.46610,0.66226,0.59308,0.77335,0.53948,0.50172,0.38146,0.68070,0.69348,0.73760,0.37939,0.50522,0.64089,0.77229,0.72371,0.69744,0.65679,0.84734,0.83243,0.88274,0.47880,0.72601,0.83148,0.87881,0.98632
0.70159,0.80265,0.75463,0.61922,0.77215,0.75186,0.83500,0.76998,0.75846,0.73945,0.67011,0.65072,0.67411,0.55334,0.41470,0.51391,0.47437,0.78487,0.55342,0.47186,0.64126,0.60001,0.74933,0.53222,0.49094,0.36824,0.68624,0.70156,0.74347,0.38155,0.51072,0.64723,0.76821,0.72258,0.69525,0.63173,0.84595,0.83333,0.89341,0.48361,0.72904,0.83534,0.89237,0.97327
0.71419,0.80831,0.77573,0.62474,0.78264,0.74954,0.86588,0.76980,0.76803,0.74652,0.66556,0.65029,0.67099,0.54277,0.40618,0.50064,0.46500,0.77305,0.55214,0.47274,0.62602,0.58466,0.73883,0.53312,0.47969,0.36004,0.68482,0.70292,0.72838,0.37851,0.52015,0.64539,0.76235,0.72883,0.68667,0.62896,0.84301,0.83574,0.88280,0.50745,0.72575,0.83016,0.89059,0.96026
0.78436,0.81303,0.79042,0.63733,0.78113,0.78831,0.89658,0.76910,0.76669,0.75511,0.65548,0.65069,0.65912,0.54724,0.40963,0.47269,0.46863,0.75144,0.55628,0.48998,0.63827,0.58441,0.75130,0.52829,0.47614,0.35342,0.67871,0.70530,0.72264,0.38049,0.53046,0.65563,0.73817,0.72008,0.68409,0.62475,0.84462,0.84428,0.89802,0.53964,0.73283,0.82620,0.87017,0.92910
0.88185,0.84092,0.82313,0.64010,0.79045,0.81409,0.93989,0.77622,0.79403,0.76545,0.64734,0.64646,0.66187,0.54420,0.42091,0.43054,0.46055,0.74312,0.56708,0.48804,0.63495,0.59244,0.71532,0.53959,0.46530,0.34733,0.67652,0.67081,0.72209,0.39374,0.52868,0.64194,0.73929,0.72071,0.68008,0.61856,0.83914,0.85556,0.89655,0.55697,0.74281,0.83774,0.88726,0.93004
0.92755,0.87055,0.81730,0.64254,0.81937,0.86247,0.98188,0.78976,0.78708,0.77814,0.63794,0.65012,0.65632,0.53960,0.42538,0.42909,0.45941,0.73146,0.57092,0.49941,0.63698,0.57984,0.71081,0.56146,0.45905,0.33795,0.68775,0.68658,0.70997,0.40361,0.53136,0.65392,0.71893,0.71800,0.67533,0.61023,0.84399,0.84379,0.90164,0.57384,0.74171,0.82844,0.87824,0.90938
0.99554,0.91895,0.82979,0.64554,0.81210,0.86800,1.03039,0.78402,0.81840,0.78020,0.62010,0.64138,0.65481,0.56221,0.42248,0.42459,0.46572,0.72292,0.57736,0.50849,0.64515,0.59243,0.72161,0.56931,0.45275,0.33266,0.69210,0.67600,0.71398,0.41098,0.53515,0.65526,0.73142,0.71746,0.67311,0.61405,0.84531,0.84939,0.88274,0.57353,0.74341,0.84305,0.87481,0.90993
1.03537,0.98002,0.83594,0.63497,0.84162,0.89484,1.07290,0.77253,0.82968,0.80601,0.61393,0.64388,0.64922,0.56063,0.44160,0.43263,0.46077,0.70522,0.57622,0.51260,0.64787,0.58794,0.70335,0.55682,0.45831,0.32977,0.68899,0.68568,0.70268,0.42298,0.54256,0.65467,0.71039,0.73155,0.67910,0.60937,0.85204,0.82700,0.91087,0.59205,0.74753,0.85544,0.88238,0.89228
1.07373,1.04521,0.82475,0.64196,0.88056,0.93704,1.13313,0.80023,0.80021,0.79631,0.60628,0.64114,0.64940,0.57069,0.44739,0.41823,0.46602,0.70728,0.57492,0.52862,0.64423,0.58165,0.71838,0.57536,0.45382,0.32726,0.68139,0.67985,0.71504,0.43556,0.54260,0.65670,0.72204,0.73412,0.68127,0.60687,0.84732,0.85862,0.88532,0.60798,0.73395,0.84472,0.88262,0.89788
1.11363,1.12245,0.82452,0.64186,0.88837,0.95117,1.20356,0.80117,0.80641,0.79855,0.60126,0.64496,0.65132,0.57547,0.45644,0.42220,0.45318,0.70238,0.58480,0.54514,0.66679,0.58864,0.71216,0.56701,0.45397,0.32239,0.68938,0.68252,0.70801,0.45346,0.54273,0.68275,0.69608,0.73282,0.68771,0.61224,0.85033,0.84669,0.87906,0.61677,0.74369,0.86410,0.88756,0.88084
1.13857,1.22075,0.80099,0.63016,0.90240,0.97563,1.30696,0.81151,0.81561,0.81301,0.59281,0.63791,0.64860,0.58426,0.46006,0.42557,0.46198,0.69946,0.58359,0.54291,0.64349,0.57499,0.71010,0.56908,0.44788,0.32083,0.69521,0.68182,0.70127,0.45654,0.55184,0.68148,0.70749,0.75187,0.67260,0.60028,0.84417,0.85952,0.88247,0.63378,0.75902,0.85613,0.88113,0.85855
1.15704,1.30662,0.81188,0.63362,0.90545,0.96933,1.43910,0.80600,0.83200,0.80573,0.59083,0.64127,0.65016,0.59173,0.45552,0.42340,0.46385,0.70266,0.59483,0.54170,0.66140,0.58314,0.70401,0.57520,0.44774,0.31880,0.68787,0.68522,0.70545,0.46642,0.55972,0.68492,0.68837,0.75775,0.67613,0.60591,0.85153,0.84587,0.89239,0.64845,0.76080,0.86435,0.90752,0.85943
1.18892,1.42128,0.81404,0.62840,0.91703,0.99398,1.51225,0.80073,0.84315,0.81666,0.58971,0.64459,0.64407,0.59123,0.46226,0.42051,0.46554,0.70486,0.60174,0.55200,0.65828,0.58080,0.70857,0.57981,0.44613,0.31516,0.67791,0.68895,0.70046,0.47056,0.56242,0.69958,0.72726,0.75344,0.68222,0.60819,0.84250,0.85482,0.88559,0.67251,0.74550,0.85866,0.91311,0.86020
1.21830,1.50740,0.82561,0.63475,0.94102,0.98407,1.56676,0.79810,0.86131,0.81380,0.58046,0.64127,0.65041,0.59647,0.45091,0.41786,0.45853,0.71984,0.60088,0.54688,0.66088,0.58156,0.71247,0.56987,0.44287,0.31067,0.67509,0.69145,0.71215,0.48282,0.56036,0.71104,0.72883,0.75222,0.68415,0.60819,0.85314,0.83444,0.90182,0.68821,0.75772,0.86477,0.92549,0.85810
1.22364,1.57687,0.80021,0.63730,0.95743,0.98969,1.67223,0.79314,0.85971,0.81029,0.57253,0.63739,0.65016,0.59511,0.43942,0.42252,0.45589,0.70567,0.59851,0.55779,0.67327,0.57503,0.70279,0.56816,0.44683,0.30638,0.68209,0.68646,0.70999,0.47960,0.55893,0.69721,0.72974,0.74752,0.69181,0.61467,0.84248,0.84869,0.84826,0.70304,0.76576,0.84549,0.92368,0.86089
1.24190,1.67152,0.80996,0.63544,0.94944,0.99330,1.76806,0.80541,0.86734,0.82869,0.56870,0.64021,0.64939,0.59801,0.44703,0.43058,0.46208,0.69202,0.59369,0.54881,0.66454,0.58413,0.69465,0.58385,0.44755,0.30827,0.68752,0.68823,0.68814,0.48656,0.55473,0.69808,0.74210,0.74237,0.68872,0.60509,0.83758,0.84453,0.85931,0.72658,0.76670,0.86049,0.90834,0.85033
1.23260,1.74504,0.78873,0.63754,0.94740,1.00523,1.79502,0.78882,0.86244,0.83804,0.56781,0.65142,0.64097,0.59622,0.44812,0.43062,0.45651,0.69058,0.59636,0.56395,0.66254,0.58102,0.70639,0.57205,0.44456,0.30598,0.67518,0.69264,0.69881,0.48883,0.55797,0.68764,0.73600,0.75000,0.68973,0.60717,0.84354,0.85878,0.86599,0.74586,0.76490,0.86487,0.91192,0.84694
1.22915,1.84474,0.78725,0.63663,0.92899,0.98791,1.77565,0.80304,0.85821,0.82565,0.55054,0.65636,0.64635,0.59454,0.44263,0.42307,0.44638,0.67875,0.58886,0.55092,0.65798,0.58730,0.68920,0.57528,0.44281,0.30633,0.67582,0.68014,0.69806,0.49825,0.55854,0.68671,0.73859,0.75063,0.69109,0.60269,0.84578,0.84020,0.90572,0.75711,0.76315,0.85763,0.92442,0.85686
1.23414,1.90143,0.79545,0.63512,0.94084,0.98216,1.80691,0.79727,0.84350,0.84181,0.55903,0.66414,0.64525,0.59200,0.43671,0.41867,0.44863,0.65740,0.57987,0.55722,0.66137,0.59179,0.69330,0.57753,0.44143,0.30097,0.68411,0.68672,0.69584,0.49306,0.56311,0.68858,0.71874,0.75062,0.68611,0.60298,0.84734,0.83693,0.88214,0.75241,0.75863,0.84472,0.90153,0.85970
1.23259,1.98714,0.79227,0.63647,0.92781,0.98084,1.79569,0.79862,0.85430,0.83612,0.55852,0.66376,0.64838,0.59906,0.43348,0.42084,0.44121,0.65865,0.57944,0.56885,0.65316,0.58748,0.68955,0.57453,0.43903,0.30038,0.68137,0.70174,0.70233,0.49861,0.56265,0.68666,0.71868,0.75037,0.68474,0.60898,0.84859,0.84726,0.88352,0.75504,0.75278,0.84253,0.90173,0.85655
1.22361,2.04691,0.77414,0.63063,0.92544,0.97849,1.84538,0.76751,0.83521,0.83145,0.55224,0.67060,0.66029,0.59732,0.44111,0.41510,0.44021,0.66564,0.57907,0.55946,0.64839,0.58165,0.68629,0.58373,0.43745,0.29719,0.68090,0.70750,0.70349,0.49743,0.55862,0.68168,0.71465,0.74126,0.68382,0.60572,0.84891,0.82222,0.87714,0.75414,0.76077,0.84439,0.92955,0.85548
1.23338,2.07679,0.75211,0.62297,0.91563,0.99055,1.87946,0.78360,0.84874,0.82782,0.54731,0.67305,0.65571,0.59797,0.44327,0.41019,0.44094,0.66494,0.60070,0.56141,0.64777,0.58287,0.68022,0.57986,0.43447,0.29752,0.68110,0.69637,0.70744,0.51154,0.56232,0.69014,0.71580,0.76189,0.68462,0.61326,0.84686,0.83627,0.87264,0.75575,0.76751,0.83702,0.91264,0.86259
1.22564,2.09178,0.75718,0.62649,0.90697,0.97766,1.95802,0.78061,0.83389,0.81234,0.54806,0.67431,0.65751,0.60832,0.45191,0.40550,0.44651,0.66942,0.58554,0.55349,0.63990,0.58459,0.67926,0.57589,0.43330,0.29699,0.68545,0.69994,0.70771,0.52064,0.56271,0.69862,0.71881,0.77491,0.69234,0.61494,0.83699,0.82970,0.89799,0.76444,0.75247,0.83506,0.89925,0.85333
1.23421,2.14102,0.76211,0.63691,0.89628,1.00175,2.01853,0.77432,0.82343,0.80971,0.54283,0.67635,0.65315,0.60466,0.44866,0.41265,0.44138,0.66282,0.59398,0.55964,0.63577,0.58484,0.68446,0.57573,0.43263,0.29774,0.68055,0.70313,0.69527,0.53614,0.56691,0.70473,0.72211,0.78762,0.68866,0.60664,0.85269,0.81846,0.88214,0.76881,0.75740,0.84366,0.90223,0.84097
1.20831,2.14771,0.75188,0.62186,0.88161,1.00844,2.07357,0.76816,0.82628,0.81764,0.54436,0.68125,0.66381,0.58976,0.44100,0.40679,0.44283,0.66167,0.59200,0.56045,0.64742,0.58357,0.70572,0.57692,0.42633,0.29894,0.67466,0.70721,0.70416,0.53519,0.56638,0.69935,0.72648,0.80131,0.68875,0.60888,0.86020,0.82271,0.88454,0.77990,0.75685,0.84325,0.88522,0.84016
1.20612,2.14740,0.75697,0.61840,0.86705,1.01356,2.11180,0.75462,0.81259,0.80359,0.55966,0.68047,0.65671,0.61237,0.43740,0.41583,0.44022,0.66628,0.60628,0.55997,0.63980,0.58138,0.70089,0.58430,0.42657,0.29850,0.68885,0.70127,0.71044,0.53815,0.57422,0.70201,0.72567,0.79951,0.69008,0.60796,0.86774,0.84093,0.89356,0.76225,0.75030,0.83375,0.89493,0.83673
1.19741,2.16834,0.75933,0.61142,0.85964,1.01526,2.15353,0.73222,0.79119,0.79302,0.56058,0.68968,0.65674,0.60104,0.44188,0.40831,0.43651,0.65079,0.61302,0.56855,0.63416,0.58317,0.70416,0.58575,0.42865,0.30062,0.69104,0.70281,0.70911,0.55683,0.57475,0.69951,0.72474,0.78223,0.69727,0.61714,0.85683,0.83558,0.87279,0.76929,0.75035,0.83233,0.89892,0.82564
1.20570,2.19780,0.76379,0.59684,0.85964,1.03034,2.17100,0.74038,0.80835,0.79060,0.56907,0.70190,0.65716,0.59882,0.44587,0.41086,0.42414,0.64625,0.60200,0.56657,0.63288,0.57229,0.68965,0.57019,0.42477,0.29787,0.68759,0.69849,0.71302,0.55097,0.57297,0.69815,0.73351,0.75895,0.69373,0.61484,0.85267,0.85033,0.89134,0.76147,0.75931,0.84596,0.89622,0.85440
1.18239,2.20139,0.74978,0.60565,0.85446,1.03226,2.17900,0.73151,0.79805,0.78040,0.56499,0.70277,0.64943,0.59572,0.43579,0.42324,0.43133,0.64947,0.59597,0.56183,0.64895,0.57152,0.68954,0.58282,0.42381,0.30190,0.68877,0.70484,0.71885,0.56160,0.56809,0.70577,0.73661,0.76822,0.69261,0.60028,0.85134,0.83235,0.87717,0.77075,0.76085,0.82362,0.90193,0.85653
1.20257,2.21148,0.75975,0.59322,0.84836,1.02086,2.19138,0.72717,0.79486,0.77487,0.56284,0.70353,0.65979,0.60651,0.43008,0.42056,0.42802,0.64084,0.59013,0.55558,0.63649,0.57061,0.67315,0.58562,0.42122,0.30145,0.68882,0.69762,0.73756,0.55880,0.57648,0.70065,0.72446,0.75986,0.68890,0.60730,0.86085,0.83529,0.88502,0.77012,0.76103,0.82844,0.88528,0.85906
1.18451,2.18756,0.75445,0.59044,0.83089,1.03005,2.17736,0.74565,0.78865,0.77572,0.57097,0.70469,0.65531,0.59257,0.43809,0.42407,0.41696,0.62703,0.59406,0.56861,0.63649,0.56972,0.66500,0.58510,0.42007,0.30075,0.69280,0.69362,0.71602,0.56810,0.57687,0.70781,0.73618,0.77497,0.68572,0.60825,0.87527,0.83783,0.86405,0.77863,0.76425,0.83140,0.86493,0.84366
1.17032,2.17346,0.75256,0.58956,0.82476,1.01120,2.15533,0.73786,0.79184,0.78737,0.56835,0.71833,0.65985,0.59393,0.42918,0.41630,0.41495,0.61983,0.58430,0.57043,0.62845,0.55588,0.65988,0.57112,0.41560,0.30246,0.68753,0.69327,0.71787,0.56447,0.57703,0.70738,0.74892,0.79079,0.68602,0.61026,0.85487,0.82778,0.89784,0.79599,0.76469,0.83140,0.86126,0.83911
1.17163,2.15090,0.74161,0.58524,0.82425,1.01080,2.17177,0.71761,0.80389,0.78351,0.57628,0.70918,0.66066,0.59594,0.42879,0.41873,0.41209,0.62335,0.57453,0.55927,0.64220,0.55931,0.66605,0.57521,0.41987,0.30112,0.69158,0.67281,0.70968,0.56927,0.57390,0.69641,0.74087,0.79101,0.69026,0.60898,0.86685,0.85351,0.88451,0.80722,0.75195,0.84397,0.85068,0.86607
1.15385,2.14421,0.72798,0.57324,0.80905,0.99589,2.15176,0.72808,0.79276,0.77599,0.57493,0.70547,0.67474,0.58739,0.42309,0.42430,0.40761,0.62430,0.57024,0.57087,0.62847,0.56288,0.65348,0.60260,0.42038,0.30217,0.69639,0.68006,0.71618,0.56174,0.58005,0.69881,0.74521,0.78527,0.68827,0.61043,0.86184,0.84649,0.87729,0.80138,0.76790,0.85253,0.85966,0.85097
1.13422,2.12241,0.72195,0.56802,0.82167,1.00214,2.12678,0.72860,0.79506,0.76575,0.57457,0.70965,0.66541,0.58898,0.41402,0.41648,0.40283,0.61006,0.56714,0.56606,0.63203,0.55857,0.64577,0.58390,0.41895,0.30014,0.69022,0.69837,0.70410,0.56447,0.57541,0.70223,0.75665,0.78702,0.68575,0.60134,0.84838,0.82790,0.88076,0.81110,0.75296,0.82937,0.86202,0.84247
1.13410,2.10624,0.69796,0.56757,0.80517,1.00482,2.13180,0.72832,0.79058,0.77172,0.57885,0.70976,0.67015,0.57657,0.41541,0.40997,0.40525,0.60657,0.58019,0.57064,0.60965,0.55340,0.64546,0.60113,0.41666,0.29668,0.70202,0.69232,0.71042,0.55604,0.56874,0.69175,0.75382,0.78512,0.68430,0.60753,0.86678,0.83362,0.90575,0.81193,0.77704,0.84299,0.87824,0.84985
1.13462,2.09717,0.69538,0.56586,0.80557,1.00487,2.10571,0.71350,0.79032,0.77005,0.58824,0.71744,0.66120,0.58428,0.41441,0.41715,0.39381,0.59304,0.58412,0.56979,0.60507,0.54843,0.63666,0.59082,0.41506,0.29880,0.70335,0.69574,0.71036,0.55738,0.58685,0.69759,0.73200,0.78317,0.68513,0.61332,0.85149,0.82778,0.88876,0.81592,0.77767,0.84382,0.87738,0.81712
1.13556,2.09521,0.68915,0.55565,0.80190,0.97813,2.08315,0.71995,0.78265,0.76030,0.59248,0.71795,0.66863,0.57948,0.40873,0.40402,0.39566,0.59962,0.58344,0.55604,0.62647,0.54757,0.63918,0.58610,0.41870,0.30044,0.71174,0.69440,0.69117,0.55821,0.57814,0.71213,0.74204,0.76655,0.67961,0.61415,0.84989,0.83043,0.90042,0.83819,0.77399,0.83442,0.87330,0.82288
1.11244,2.07173,0.66863,0.53908,0.80647,0.98545,2.07643,0.70402,0.77973,0.75950,0.60741,0.71137,0.67455,0.56953,0.40078,0.41605,0.38800,0.58653,0.58040,0.55938,0.62382,0.55224,0.62438,0.58571,0.41833,0.29411,0.69103,0.68953,0.69999,0.55024,0.57786,0.70181,0.71693,0.77085,0.68833,0.60690,0.86492,0.83007,0.92181,0.82550,0.76466,0.85446,0.86469,0.81679
1.11255,2.05081,0.67113,0.53331,0.80000,0.98265,2.07672,0.71150,0.79020,0.76070,0.60444,0.71521,0.67162,0.57191,0.40106,0.41715,0.39126,0.59636,0.59038,0.55921,0.61192,0.55063,0.60845,0.57736,0.41830,0.29719,0.69106,0.69753,0.70697,0.54109,0.58085,0.70742,0.71236,0.77224,0.67892,0.60717,0.85609,0.83043,0.92169,0.83196,0.76965,0.81638,0.88185,0.84055
1.09994,2.02428,0.65594,0.53594,0.79175,0.99995,2.07854,0.71137,0.78523,0.75311,0.60618,0.71244,0.67716,0.57684,0.38693,0.42705,0.38728,0.58445,0.58550,0.56081,0.61202,0.55488,0.60860,0.57217,0.41762,0.29426,0.69209,0.69101,0.71378,0.55275,0.57761,0.70522,0.69623,0.77028,0.68020,0.60720,0.85710,0.83517,0.92519,0.83294,0.77378,0.85088,0.84225,0.82854
1.10206,2.01834,0.66180,0.52354,0.78011,0.99688,2.08324,0.70846,0.78820,0.74357,0.61053,0.70924,0.67685,0.58724,0.39304,0.42976,0.38702,0.59461,0.58624,0.56340,0.62689,0.55367,0.60357,0.56827,0.42406,0.29381,0.70056,0.69133,0.69928,0.54065,0.58406,0.70029,0.70811,0.76479,0.68824,0.60575,0.86145,0.84081,0.92606,0.81085,0.76273,0.85003,0.86525,0.82508
1.08429,1.99044,0.65136,0.51750,0.79677,0.98469,2.06937,0.69936,0.78206,0.74549,0.60934,0.70978,0.67635,0.58194,0.38737,0.42263,0.38043,0.60256,0.57059,0.55739,0.63132,0.54999,0.59790,0.57100,0.42101,0.29570,0.69218,0.69116,0.70748,0.54052,0.59002,0.70004,0.68061,0.76153,0.68323,0.61513,0.85074,0.83840,0.93106,0.80289,0.76367,0.83936,0.86448,0.84763
1.06614,1.98735,0.64688,0.51616,0.78710,0.98581,2.05697,0.69463,0.77114,0.74437,0.61191,0.70286,0.67570,0.59668,0.39441,0.43315,0.37962,0.59293,0.57314,0.55012,0.61593,0.54938,0.61626,0.57893,0.42292,0.29243,0.69919,0.68695,0.71970,0.53803,0.58262,0.69346,0.68936,0.75714,0.68287,0.60937,0.85455,0.83513,0.93181,0.80080,0.77923,0.84918,0.86680,0.85173
1.05671,1.98907,0.64652,0.50978,0.78611,0.96740,2.03156,0.68252,0.77485,0.74021,0.62224,0.70140,0.67099,0.59810,0.39571,0.42247,0.37765,0.58583,0.56394,0.56893,0.61076,0.54469,0.60331,0.57293,0.41795,0.29100,0.70084,0.70075,0.69123,0.53445,0.58931,0.70299,0.67452,0.76413,0.68370,0.60443,0.85597,0.85813,0.91785,0.80480,0.79287,0.84104,0.87625,0.85828
1.07939,1.97858,0.64309,0.50510,0.76646,0.96526,2.00524,0.68387,0.76893,0.73936,0.62339,0.69821,0.67573,0.59485,0.39825,0.42757,0.37357,0.59224,0.55661,0.55511,0.62014,0.54288,0.60051,0.55266,0.42219,0.28909,0.69834,0.69350,0.69437,0.53788,0.58888,0.69674,0.70095,0.76361,0.67863,0.60944,0.86426,0.84890,0.90740,0.81696,0.78707,0.84289,0.86164,0.83285
1.06558,1.99287,0.63636,0.51315,0.77030,0.95399,2.00268,0.69068,0.76253,0.73475,0.62729,0.68842,0.68251,0.59959,0.39465,0.43775,0.37031,0.60032,0.55643,0.56663,0.59263,0.55781,0.59698,0.56147,0.41463,0.28440,0.70489,0.70805,0.71027,0.55028,0.58795,0.70539,0.69974,0.75640,0.67967,0.60855,0.87218,0.84232,0.91030,0.82885,0.78689,0.85781,0.86745,0.85672
1.06818,2.00773,0.63805,0.49949,0.75437,0.95028,1.96292,0.68541,0.74746,0.73369,0.63233,0.68394,0.68164,0.60638,0.39340,0.42861,0.36134,0.59536,0.55315,0.57751,0.59359,0.55084,0.60476,0.54842,0.41883,0.28203,0.70027,0.69820,0.70512,0.56033,0.58096,0.71001,0.70873,0.75159,0.68367,0.61207,0.86092,0.85862,0.90836,0.82693,0.78934,0.85150,0.85803,0.82940
1.06791,2.02934,0.62535,0.48899,0.75352,0.95193,1.95924,0.68626,0.76822,0.72793,0.63755,0.68476,0.68099,0.59643,0.40462,0.40645,0.36516,0.59059,0.55652,0.56778,0.59678,0.53920,0.59917,0.54733,0.41988,0.28557,0.69659,0.69174,0.70858,0.56012,0.58962,0.69397,0.69961,0.74638,0.68649,0.60937,0.87394,0.84052,0.92178,0.82598,0.78114,0.83488,0.88549,0.82115
1.08258,2.03713,0.62639,0.47993,0.75060,0.93752,1.90516,0.67132,0.75933,0.73509,0.64182,0.68485,0.68009,0.59747,0.39238,0.42030,0.37096,0.60681,0.56248,0.57331,0.59755,0.54228,0.59677,0.54705,0.41642,0.28378,0.70495,0.68927,0.69598,0.55969,0.59142,0.70618,0.68830,0.74391,0.68712,0.61243,0.87085,0.84326,0.92408,0.82229,0.78749,0.85590,0.89906,0.81234
1.08842,2.07473,0.62056,0.48612,0.74457,0.93539,1.86441,0.68546,0.74007,0.72551,0.63019,0.68347,0.68505,0.60337,0.38940,0.41756,0.36298,0.59624,0.54915,0.57299,0.59077,0.54147,0.58289,0.54932,0.41919,0.28389,0.70014,0.68565,0.69875,0.57124,0.57404,0.70305,0.70291,0.74518,0.68278,0.60367,0.86473,0.84187,0.91327,0.82764,0.77119,0.84562,0.87150,0.81484
1.07834,2.09874,0.60657,0.48381,0.74792,0.92367,1.83407,0.68195,0.74636,0.72640,0.62974,0.68001,0.68358,0.60387,0.38605,0.43153,0.36042,0.59483,0.55733,0.57504,0.59302,0.55012,0.58178,0.53956,0.41956,0.28177,0.69575,0.69988,0.71219,0.56984,0.58809,0.71708,0.69094,0.75284,0.68252,0.60954,0.86732,0.84036,0.91812,0.82313,0.77529,0.83766,0.87766,0.81132
1.07685,2.09191,0.60161,0.48618,0.74038,0.91362,1.83526,0.67288,0.74863,0.72693,0.61111,0.66869,0.68200,0.62027,0.37882,0.43594,0.36177,0.61335,0.54621,0.57293,0.59681,0.54065,0.58653,0.54726,0.42188,0.28300,0.69159,0.68096,0.71111,0.57947,0.58784,0.71352,0.68149,0.76385,0.67990,0.60121,0.88695,0.82790,0.90515,0.80077,0.78104,0.83153,0.85040,0.81745
1.08652,2.10268,0.58392,0.48208,0.73973,0.92161,1.81162,0.66113,0.75010,0.73227,0.61689,0.66839,0.68448,0.60834,0.38234,0.46774,0.36097,0.60626,0.54664,0.57665,0.60341,0.55117,0.57844,0.56012,0.40893,0.28027,0.69694,0.68614,0.71170,0.56004,0.58029,0.69320,0.68531,0.76869,0.67910,0.60252,0.88723,0.84669,0.89787,0.80465,0.78339,0.84493,0.85587,0.81161
1.08805,2.05619,0.58447,0.47803,0.73404,0.91393,1.80538,0.66456,0.73940,0.73475,0.62044,0.67573,0.68685,0.59661,0.37874,0.47120,0.36175,0.61284,0.54266,0.58055,0.58733,0.53870,0.57751,0.56615,0.40793,0.27771,0.69331,0.69956,0.70044,0.56791,0.58046,0.71079,0.70204,0.76877,0.66922,0.60990,0.89552,0.82390,0.92480,0.80282,0.78393,0.85724,0.85242,0.80816
1.07186,2.05190,0.58149,0.47934,0.73173,0.92065,1.77011,0.65731,0.72793,0.72852,0.62483,0.66642,0.68800,0.60372,0.37554,0.48861,0.35252,0.61647,0.55023,0.57294,0.58753,0.53899,0.58019,0.57369,0.40985,0.27884,0.70385,0.68991,0.70976,0.56762,0.58209,0.68675,0.69228,0.75995,0.67676,0.60338,0.89025,0.83766,0.90875,0.79989,0.76727,0.84531,0.86426,0.81865
1.07882,2.05017,0.58271,0.47641,0.71668,0.92953,1.75588,0.65079,0.73006,0.73538,0.62378,0.66971,0.68997,0.60739,0.36879,0.50456,0.36208,0.61212,0.54375,0.58707,0.59955,0.54585,0.57913,0.57185,0.41251,0.27844,0.70907,0.70263,0.72508,0.55452,0.58212,0.68985,0.70270,0.76424,0.67444,0.60993,0.89359,0.83799,0.89248,0.77463,0.78639,0.86067,0.86031,0.81188
1.06187,2.02182,0.58463,0.47134,0.72320,0.91075,1.73014,0.65523,0.72100,0.72588,0.62389,0.67336,0.69346,0.60724,0.36846,0.51832,0.35547,0.61447,0.53364,0.57891,0.58751,0.55569,0.57831,0.57001,0.41523,0.27654,0.70689,0.70374,0.71260,0.55291,0.58923,0.69284,0.69364,0.77815,0.68323,0.61533,0.87626,0.83219,0.91174,0.77423,0.78955,0.85093,0.86412,0.81334
1.05575,2.00082,0.59027,0.46142,0.71955,0.92422,1.71106,0.64213,0.72871,0.72436,0.61896,0.66794,0.68459,0.60865,0.36970,0.52175,0.35496,0.61178,0.53434,0.58412,0.57863,0.55385,0.58056,0.56523,0.41102,0.27641,0.71122,0.71298,0.70614,0.54133,0.58877,0.68318,0.69194,0.79715,0.67866,0.61006,0.88211,0.83819,0.91686,0.77578,0.77088,0.87680,0.87469,0.81741
1.05598,1.95972,0.58355,0.45924,0.72028,0.91810,1.68044,0.64665,0.72636,0.70665,0.61644,0.66832,0.68615,0.61421,0.36061,0.52976,0.35299,0.61355,0.52295,0.58324,0.60247,0.55008,0.57687,0.57885,0.40918,0.28009,0.70439,0.70156,0.70048,0.53613,0.57602,0.68789,0.69734,0.81844,0.67747,0.60812,0.89091,0.82316,0.90452,0.77706,0.76584,0.84841,0.84746,0.82499
1.05811,1.89729,0.58923,0.46042,0.71176,0.89065,1.63784,0.63150,0.73472,0.71957,0.61945,0.66591,0.69192,0.60760,0.36854,0.51506,0.35099,0.61006,0.52090,0.57565,0.59476,0.54331,0.57430,0.56136,0.40918,0.27459,0.70485,0.71266,0.70201,0.54681,0.58232,0.69890,0.70071,0.82029,0.67165,0.60565,0.88170,0.83150,0.90003,0.77316,0.76960,0.85750,0.83374,0.82441
1.03403,1.84265,0.58764,0.45539,0.71869,0.89685,1.61991,0.63771,0.72494,0.71888,0.61222,0.67577,0.68456,0.61124,0.36451,0.53329,0.35589,0.61320,0.52189,0.58748,0.59508,0.54842,0.57791,0.56997,0.40815,0.27599,0.70307,0.71501,0.72386,0.53864,0.58847,0.68962,0.71073,0.81651,0.67625,0.60950,0.88041,0.83754,0.91546,0.78174,0.77840,0.87973,0.86087,0.81102
1.02628,1.76417,0.59069,0.44750,0.72411,0.89893,1.62973,0.62914,0.71966,0.72325,0.61032,0.67734,0.68425,0.61272,0.36538,0.52471,0.36508,0.61364,0.52527,0.58416,0.58986,0.54382,0.57127,0.57003,0.40419,0.27322,0.71283,0.70585,0.72166,0.54278,0.58393,0.70051,0.71841,0.81469,0.67516,0.60038,0.87738,0.84624,0.92429,0.77475,0.77508,0.87638,0.86327,0.80229
1.01637,1.70890,0.59906,0.44624,0.72964,0.87818,1.63007,0.64081,0.71954,0.71623,0.61596,0.68305,0.68395,0.60847,0.36615,0.51211,0.36572,0.61410,0.51690,0.59082,0.58471,0.54456,0.58040,0.57071,0.40412,0.27251,0.69986,0.69206,0.69708,0.55051,0.58662,0.69794,0.71924,0.79652,0.68002,0.60176,0.89871,0.84955,0.92546,0.77832,0.79012,0.85382,0.89414,0.80277
1.01210,1.66492,0.59770,0.44291,0.71782,0.89529,1.60559,0.63259,0.73622,0.71428,0.61028,0.68129,0.68774,0.61729,0.36665,0.51747,0.36618,0.61737,0.51219,0.58529,0.58751,0.54597,0.58545,0.57324,0.39886,0.27306,0.71210,0.71484,0.70960,0.55820,0.59004,0.70892,0.70837,0.80040,0.67326,0.61257,0.88186,0.83705,0.92708,0.77488,0.79151,0.86963,0.85704,0.79841
0.99234,1.61184,0.60866,0.45015,0.71319,0.87487,1.55930,0.63109,0.72660,0.71126,0.61378,0.67832,0.69391,0.61556,0.36836,0.53080,0.36953,0.60919,0.50664,0.59734,0.58266,0.55142,0.59214,0.57389,0.40133,0.27114,0.70135,0.70295,0.71541,0.55943,0.58364,0.70234,0.70599,0.79597,0.68038,0.61000,0.87536,0.84330,0.91767,0.74606,0.78574,0.88079,0.86606,0.80588
0.99693,1.56850,0.60734,0.44558,0.71164,0.87758,1.51325,0.63135,0.70949,0.71167,0.61124,0.67838,0.69298,0.61621,0.37822,0.50877,0.36590,0.60694,0.49665,0.57657,0.58968,0.55644,0.58731,0.56660,0.40023,0.26956,0.71082,0.69988,0.70620,0.54844,0.58587,0.71146,0.70029,0.79894,0.67836,0.61454,0.88148,0.83178,0.92552,0.74874,0.76312,0.86500,0.88680,0.81274
0.97878,1.53544,0.60878,0.44311,0.71667,0.86349,1.47188,0.63472,0.72238,0.70916,0.63677,0.67417,0.69606,0.61676,0.36644,0.51445,0.36632,0.60236,0.50546,0.57665,0.58926,0.56648,0.58544,0.57285,0.40236,0.27489,0.71277,0.69368,0.71932,0.53864,0.58174,0.71311,0.71159,0.80233,0.67919,0.61066,0.86833,0.82251,0.90434,0.75541,0.76829,0.85248,0.87816,0.80497
0.98444,1.49174,0.58782,0.43563,0.70974,0.85044,1.42304,0.64075,0.72537,0.70982,0.64772,0.67039,0.69783,0.62578,0.37229,0.52000,0.37141,0.60137,0.50023,0.58602,0.59953,0.56771,0.57924,0.56199,0.39927,0.27238,0.71350,0.70623,0.72661,0.53450,0.58517,0.71633,0.71116,0.80626,0.67901,0.61362,0.88190,0.83456,0.91782,0.75403,0.76861,0.85928,0.87953,0.80020
0.99238,1.49344,0.59371,0.43049,0.70122,0.81474,1.37248,0.63925,0.72831,0.70624,0.64170,0.67131,0.68671,0.61274,0.36905,0.50364,0.36574,0.59957,0.49475,0.58643,0.58043,0.54968,0.58845,0.57649,0.40272,0.27375,0.70671,0.71165,0.72052,0.53170,0.57713,0.71291,0.70412,0.81293,0.67450,0.61750,0.87344,0.83995,0.90524,0.75718,0.77307,0.87698,0.88202,0.80352
0.97539,1.45279,0.59872,0.44017,0.70449,0.83748,1.34188,0.64198,0.71831,0.70781,0.64472,0.67866,0.69436,0.62999,0.36710,0.51298,0.36905,0.58431,0.49099,0.59360,0.57895,0.55517,0.58316,0.56314,0.39946,0.27372,0.70192,0.71295,0.71235,0.56027,0.57946,0.71325,0.71404,0.79593,0.66720,0.60394,0.87238,0.83378,0.90722,0.76757,0.76550,0.87139,0.87175,0.79565
0.95219,1.42161,0.59288,0.43734,0.70602,0.81177,1.31013,0.63109,0.71871,0.71581,0.64017,0.67591,0.69276,0.63519,0.36471,0.49410,0.37599,0.59682,0.48566,0.60561,0.58805,0.57045,0.57372,0.57320,0.40016,0.26980,0.71285,0.71663,0.71571,0.55928,0.58696,0.70995,0.73059,0.79897,0.67750,0.60720,0.88971,0.83207,0.90928,0.77552,0.77049,0.88540,0.90229,0.79590
0.94664,1.36721,0.57813,0.43836,0.70504,0.79600,1.28470,0.63197,0.73161,0.70907,0.64551,0.67579,0.70199,0.63067,0.38069,0.49931,0.38471,0.59586,0.48774,0.61018,0.57932,0.56475,0.56653,0.56207,0.40248,0.27113,0.70993,0.71310,0.72186,0.56337,0.58423,0.71204,0.72885,0.80764,0.66966,0.61214,0.86399,0.84334,0.91953,0.77034,0.77438,0.88370,0.89426,0.79218
0.93823,1.37795,0.58376,0.42442,0.71641,0.79857,1.26977,0.63402,0.73847,0.70793,0.64299,0.66844,0.68991,0.62452,0.37552,0.50844,0.38100,0.59809,0.49554,0.61273,0.57687,0.56954,0.57515,0.57502,0.39994,0.27179,0.71139,0.70336,0.72420,0.55544,0.58471,0.71191,0.73916,0.79761,0.67892,0.61362,0.86763,0.83840,0.90845,0.77858,0.78054,0.88064,0.89374,0.79638
0.92090,1.35811,0.56652,0.42562,0.72218,0.78556,1.22898,0.63384,0.72388,0.71215,0.62720,0.66715,0.69411,0.63757,0.38046,0.49204,0.38162,0.58741,0.48733,0.62278,0.57882,0.56676,0.59081,0.58258,0.39800,0.27232,0.70939,0.71234,0.71365,0.53187,0.59379,0.69389,0.73043,0.81623,0.67441,0.61253,0.86361,0.83125,0.91884,0.80797,0.78041,0.88715,0.88845,0.79231
0.91677,1.37242,0.55739,0.42534,0.70999,0.76694,1.21509,0.63335,0.72935,0.70841,0.63132,0.67392,0.69310,0.62207,0.37642,0.50889,0.38649,0.58606,0.48309,0.61054,0.58669,0.56630,0.58340,0.58174,0.39699,0.27169,0.71201,0.70962,0.70999,0.52159,0.58473,0.71265,0.72787,0.79821,0.67634,0.61089,0.87566,0.84073,0.92900,0.80334,0.78971,0.87438,0.91143,0.78415
0.90594,1.35661,0.56510,0.42917,0.71035,0.76774,1.19012,0.65528,0.72087,0.71046,0.62117,0.67034,0.69459,0.63557,0.35986,0.50602,0.38193,0.58512,0.49422,0.62094,0.58202,0.56201,0.58824,0.57101,0.39699,0.27537,0.71143,0.70608,0.71758,0.53460,0.58025,0.69801,0.73399,0.81029,0.67317,0.60993,0.86667,0.84869,0.90877,0.79875,0.77237,0.88442,0.88950,0.79302
0.87912,1.33219,0.54587,0.43447,0.71244,0.75884,1.17553,0.64499,0.71802,0.70408,0.62009,0.67741,0.69329,0.63158,0.37444,0.50207,0.38242,0.58179,0.50232,0.62054,0.57328,0.56413,0.57913,0.56468,0.39715,0.27399,0.71565,0.70666,0.71038,0.53203,0.58133,0.70694,0.72683,0.81164,0.67474,0.61046,0.86275,0.83366,0.92636,0.79983,0.77234,0.89313,0.87705,0.81044
0.87624,1.31495,0.54954,0.43108,0.72162,0.76537,1.16129,0.63797,0.72303,0.70813,0.61828,0.68005,0.69706,0.63175,0.38077,0.50288,0.37548,0.56856,0.49307,0.62252,0.58333,0.57514,0.58198,0.58500,0.39295,0.27567,0.72392,0.70527,0.71013,0.53544,0.58727,0.69315,0.71177,0.80675,0.67489,0.61263,0.86120,0.84387,0.87531,0.81056,0.78326,0.88682,0.89767,0.80726
0.87867,1.28889,0.55524,0.42704,0.70779,0.76250,1.15146,0.64042,0.71594,0.71136,0.62059,0.67332,0.70090,0.62152,0.37516,0.50215,0.36528,0.57028,0.49010,0.60978,0.59921,0.57595,0.57584,0.58454,0.39343,0.27300,0.71971,0.70968,0.72090,0.53650,0.59659,0.71222,0.70719,0.81105,0.67993,0.60526,0.87165,0.83513,0.89733,0.82294,0.78937,0.87097,0.87582,0.79331
0.85245,1.27666,0.55780,0.42417,0.71906,0.75454,1.14130,0.63912,0.72937,0.71186,0.61865,0.67043,0.70348,0.62603,0.38413,0.50097,0.37970,0.56736,0.49618,0.61536,0.59095,0.58308,0.57994,0.59192,0.38980,0.27780,0.71877,0.72681,0.72899,0.54675,0.58077,0.70392,0.72165,0.82638,0.67700,0.61421,0.86654,0.85217,0.93059,0.83774,0.78694,0.87538,0.87201,0.79388
0.83822,1.23903,0.54368,0.43102,0.71253,0.74058,1.15484,0.63587,0.71322,0.70694,0.61523,0.67653,0.69462,0.62461,0.38410,0.50513,0.37552,0.56524,0.49230,0.60040,0.59020,0.57184,0.59313,0.59877,0.38924,0.27566,0.72163,0.72229,0.70834,0.54988,0.59796,0.69998,0.72018,0.82376,0.67898,0.60496,0.87644,0.84792,0.93736,0.84467,0.77571,0.86868,0.86186,0.81347
0.83896,1.21211,0.54790,0.42366,0.71088,0.75766,1.16804,0.64808,0.72671,0.71650,0.61518,0.68516,0.70479,0.62048,0.37926,0.49738,0.37150,0.56056,0.49276,0.60754,0.58325,0.57733,0.57964,0.57377,0.38891,0.27755,0.72196,0.69513,0.71306,0.55567,0.58919,0.69587,0.69876,0.82508,0.67296,0.61685,0.87338,0.85212,0.91701,0.85826,0.77480,0.85977,0.85944,0.78772
0.82997,1.20521,0.53601,0.43223,0.71020,0.76110,1.17098,0.63415,0.70895,0.70454,0.61117,0.68707,0.69808,0.62299,0.37862,0.50318,0.36422,0.56054,0.49044,0.58901,0.58404,0.56140,0.58805,0.58487,0.38779,0.27682,0.72440,0.70684,0.72190,0.55419,0.59433,0.70377,0.69553,0.82385,0.67468,0.61161,0.84387,0.84277,0.90931,0.83733,0.76409,0.87206,0.85528,0.78105
0.82574,1.16765,0.53684,0.43025,0.70134,0.74782,1.17894,0.64140,0.72481,0.71906,0.61219,0.67574,0.69837,0.62223,0.38240,0.56804,0.36499,0.56263,0.48461,0.60602,0.60510,0.56011,0.58181,0.58041,0.38708,0.27485,0.71173,0.70974,0.72135,0.57088,0.59521,0.69224,0.70261,0.83476,0.67409,0.60637,0.85732,0.84518,0.93325,0.82901,0.77944,0.87149,0.84798,0.78567
0.84448,1.15644,0.54658,0.43279,0.70838,0.75039,1.19246,0.62999,0.72602,0.72404,0.61460,0.68163,0.70414,0.62930,0.37544,0.59303,0.36412,0.57068,0.48514,0.57506,0.58150,0.56551,0.58578,0.58191,0.38946,0.27225,0.71714,0.71339,0.70921,0.57696,0.59335,0.70071,0.70041,0.84046,0.68076,0.60545,0.85253,0.83738,0.92441,0.82630,0.77271,0.86889,0.84602,0.80154
0.84248,1.16116,0.54095,0.43262,0.70132,0.76024,1.20050,0.64694,0.72253,0.72679,0.62020,0.67769,0.70289,0.63364,0.37819,0.49788,0.36407,0.57400,0.47248,0.58938,0.60398,0.57152,0.58525,0.59022,0.38907,0.27553,0.72361,0.71052,0.72465,0.58454,0.59086,0.69380,0.70028,0.83427,0.68427,0.60987,0.85749,0.83484,0.91549,0.81879,0.76840,0.85990,0.86269,0.78870
0.83054,1.16137,0.53814,0.42717,0.70855,0.76837,1.22203,0.62261,0.71462,0.73171,0.62186,0.67824,0.69931,0.62046,0.37807,0.48622,0.36720,0.57781,0.48252,0.59737,0.60141,0.57762,0.58733,0.59284,0.38474,0.27776,0.72398,0.71165,0.71062,0.59025,0.60056,0.69317,0.70626,0.84057,0.67593,0.61013,0.85518,0.85449,0.91561,0.80145,0.75994,0.86392,0.83117,0.79590
0.82822,1.15553,0.52723,0.43041,0.70569,0.75597,1.19513,0.63862,0.72350,0.72141,0.63425,0.67571,0.69958,0.63761,0.38429,0.49608,0.36561,0.58105,0.49091,0.60234,0.59584,0.56038,0.58783,0.58193,0.38447,0.27635,0.71700,0.70745,0.71282,0.59572,0.59811,0.70484,0.69124,0.84749,0.67429,0.60499,0.85518,0.83391,0.91659,0.79921,0.76511,0.86487,0.82940,0.79158
0.82014,1.15242,0.53170,0.43206,0.71101,0.74048,1.20165,0.62901,0.72264,0.71673,0.62319,0.67845,0.70407,0.62107,0.38268,0.50968,0.36154,0.57688,0.50331,0.59602,0.59203,0.55597,0.58982,0.57838,0.38730,0.27700,0.73456,0.69962,0.71905,0.59395,0.60147,0.69665,0.69810,0.85184,0.67174,0.61612,0.85491,0.83636,0.92921,0.78376,0.77075,0.87579,0.84316,0.78916
0.80551,1.14453,0.53175,0.42540,0.70085,0.75878,1.18013,0.63176,0.72076,0.71822,0.62137,0.67737,0.69707,0.63285,0.37809,0.49386,0.36468,0.57999,0.50263,0.60278,0.59107,0.55998,0.57013,0.57253,0.39056,0.27669,0.73907,0.70707,0.70836,0.59689,0.58674,0.69705,0.68316,0.86517,0.67061,0.61010,0.85582,0.84089,0.93304,0.76772,0.77709,0.88538,0.85052,0.79166
0.79054,1.11139,0.52326,0.43027,0.70483,0.73730,1.17080,0.63548,0.72961,0.71671,0.61892,0.66917,0.70458,0.63894,0.37978,0.52571,0.36609,0.57844,0.51606,0.61763,0.60725,0.55879,0.56851,0.56628,0.38965,0.27955,0.73441,0.71521,0.70543,0.60605,0.59338,0.69991,0.68235,0.87787,0.67979,0.60950,0.84960,0.85204,0.90746,0.77795,0.78487,0.89504,0.85046,0.78149
0.80943,1.10049,0.51877,0.43232,0.69872,0.74056,1.15306,0.63548,0.70761,0.71271,0.62212,0.67470,0.70351,0.63501,0.38479,0.51622,0.37304,0.58510,0.51281,0.61533,0.58610,0.56428,0.57609,0.57368,0.38958,0.27659,0.73627,0.70872,0.71048,0.60588,0.59315,0.68958,0.68680,0.88660,0.66889,0.61938,0.83957,0.84792,0.89820,0.77448,0.77668,0.88989,0.84292,0.78064
0.80844,1.07889,0.53776,0.44299,0.70664,0.74352,1.18147,0.62511,0.72364,0.70999,0.61843,0.67630,0.70211,0.61529,0.38369,0.50763,0.36568,0.57922,0.50063,0.61487,0.59891,0.55807,0.57246,0.58787,0.38634,0.27954,0.73110,0.69649,0.71082,0.61132,0.58522,0.70446,0.69902,0.88150,0.67634,0.61075,0.85537,0.83480,0.90877,0.75476,0.77362,0.89710,0.86253,0.77615
0.79512,1.05736,0.52042,0.44425,0.70388,0.75503,1.17147,0.63977,0.71934,0.70562,0.61576,0.67251,0.70275,0.62949,0.38444,0.51179,0.37124,0.58172,0.51770,0.61050,0.59243,0.56176,0.57213,0.56561,0.38843,0.28115,0.73009,0.70991,0.71651,0.62963,0.58702,0.71487,0.69881,0.88171,0.66863,0.61411,0.85276,0.84085,0.91222,0.77221,0.78908,0.87376,0.85827,0.78473
0.77947,1.03508,0.51548,0.43639,0.71182,0.75214,1.17301,0.62825,0.70129,0.70411,0.61791,0.67596,0.69929,0.62016,0.38187,0.50694,0.36688,0.59355,0.51329,0.61050,0.61425,0.55265,0.57113,0.57942,0.39168,0.27899,0.73153,0.71965,0.71840,0.62387,0.58088,0.69134,0.70537,0.88332,0.67156,0.61415,0.85839,0.84771,0.91132,0.78540,0.77020,0.90019,0.85950,0.77928
0.79615,1.04374,0.52025,0.43624,0.72011,0.74815,1.16090,0.63257,0.70365,0.70719,0.61412,0.67631,0.70723,0.62120,0.38681,0.51270,0.36996,0.58993,0.51096,0.60726,0.59839,0.54947,0.55598,0.57266,0.38915,0.27844,0.72880,0.70585,0.71038,0.62767,0.58864,0.70491,0.71705,0.88577,0.67070,0.61704,0.83657,0.83154,0.90470,0.77410,0.78271,0.89331,0.85169,0.77788
0.78083,1.07010,0.50371,0.44523,0.73473,0.73889,1.16416,0.63446,0.70468,0.70584,0.62321,0.67911,0.70335,0.61664,0.38751,0.50261,0.36444,0.57946,0.51675,0.62659,0.59928,0.54485,0.55126,0.58091,0.39044,0.28022,0.73117,0.72710,0.71095,0.61007,0.58878,0.69362,0.70821,0.87478,0.66483,0.61523,0.84773,0.84199,0.91405,0.79321,0.76999,0.88437,0.84588,0.78093
0.79515,1.08008,0.50098,0.45608,0.75311,0.74440,1.16069,0.62719,0.70070,0.70939,0.62245,0.68078,0.69610,0.61765,0.38900,0.51622,0.37150,0.57774,0.50801,0.63305,0.59100,0.54664,0.54977,0.58163,0.38795,0.27861,0.73061,0.73411,0.67329,0.60708,0.59170,0.69525,0.72648,0.86557,0.67091,0.60499,0.84859,0.83489,0.91941,0.79707,0.78673,0.89406,0.84358,0.76414
0.78321,1.07373,0.50023,0.47941,0.76737,0.72888,1.18624,0.63652,0.68726,0.70912,0.62346,0.68787,0.70228,0.60402,0.38605,0.52116,0.37307,0.57543,0.50711,0.63346,0.60032,0.55477,0.56457,0.57336,0.38807,0.27827,0.73845,0.72194,0.67447,0.62158,0.58919,0.69346,0.72315,0.86682,0.66358,0.62047,0.83768,0.83905,0.91603,0.78385,0.77936,0.88684,0.83809,0.76694
0.80409,1.09614,0.49742,0.50933,0.75543,0.72709,1.20140,0.62867,0.69003,0.70928,0.62972,0.68506,0.70320,0.61905,0.38393,0.52519,0.37622,0.57942,0.50298,0.64462,0.60876,0.55081,0.56451,0.58234,0.38684,0.27858,0.74025,0.72626,0.68730,0.62155,0.59421,0.69842,0.72881,0.85252,0.66800,0.61876,0.85042,0.84069,0.90581,0.79519,0.78707,0.87494,0.85403,0.76644
0.79618,1.09776,0.51435,0.52327,0.75770,0.72668,1.20749,0.63641,0.69281,0.71597,0.63651,0.68815,0.70348,0.60708,0.38300,0.52840,0.37333,0.57032,0.51196,0.62052,0.61660,0.56855,0.55642,0.58787,0.38781,0.27675,0.74130,0.71414,0.67455,0.62208,0.58815,0.70970,0.76929,0.85596,0.67887,0.62123,0.85199,0.85772,0.91489,0.79044,0.76983,0.89107,0.84534,0.76742
0.79100,1.08572,0.54347,0.51205,0.75870,0.73103,1.20981,0.64143,0.70010,0.70173,0.64258,0.68350,0.70448,0.60854,0.38661,0.51477,0.38004,0.57074,0.50377,0.61006,0.60745,0.56065,0.56875,0.57807,0.38531,0.27272,0.73272,0.72675,0.66625,0.61813,0.59402,0.69824,0.84536,0.85444,0.67409,0.61866,0.85057,0.82659,0.90752,0.81403,0.76772,0.85366,0.84068,0.75988
0.78235,1.08787,0.60141,0.48545,0.75576,0.73740,1.20794,0.63272,0.69601,0.71627,0.63957,0.68195,0.70151,0.61349,0.38483,0.52666,0.38011,0.56982,0.51486,0.59122,0.61541,0.56031,0.56897,0.57842,0.38573,0.28023,0.72403,0.73683,0.67095,0.63358,0.59944,0.69005,0.91250,0.84708,0.67545,0.62294,0.84771,0.82802,0.89499,0.81484,0.78756,0.87878,0.85768,0.76341
0.77517,1.07185,0.67743,0.48113,0.76726,0.74889,1.21028,0.63496,0.70675,0.70790,0.66593,0.67878,0.70540,0.60830,0.38405,0.53045,0.37985,0.58003,0.50641,0.58771,0.59335,0.55044,0.56925,0.56841,0.38477,0.27592,0.72795,0.70591,0.66160,0.63534,0.59707,0.69023,0.75952,0.84312,0.67524,0.62442,0.84037,0.84142,0.90692,0.83736,0.77769,0.87267,0.84744,0.77318
0.75217,1.01095,0.67584,0.47221,0.76807,0.74991,1.20291,0.62872,0.69933,0.70461,0.69256,0.68732,0.70501,0.61654,0.38565,0.53534,0.38318,0.57193,0.50115,0.59267,0.61180,0.55008,0.58350,0.57228,0.38557,0.27851,0.73115,0.71805,0.67482,0.63430,0.59946,0.70665,0.70223,0.84318,0.67070,0.62343,0.83504,0.86176,0.90743,0.82368,0.77362,0.86791,0.84846,0.77245
