frame,NIT2MO1_NOS,NIT2MO1_NOS,NIT2MO1_NOS,NIT2MO1_NOS,NIT2MO1_NOS,NIT2MO1_NOS,NIT2MO1_NOS,NIT2MO1_NOS,NIT2MO1_NOS,NIT2MO1_NOS,NIT2MO1_NOS,NIT2MO1_NOS,NIT2MO2_NOS,NIT2MO2_NOS,NIT2MO2_NOS,NIT2MO2_NOS,NIT2MO2_NOS,NIT2MO2_NOS,NIT2MO2_NOS,NIT2MO2_NOS,NIT2MO2_NOS,NIT2MO2_NOS,NIT2MO2_NOS,NIT2MO2_NOS,NIT2MO2_NOS,NIT2MO2_NOS
1,1.072924119,0.886934577,1.044299466,1.124807232,1.035403953,0.908340644,0.916827055,0.933311561,0.980549013,1.011200932,1.000531955,1.071296541,1.104826803,1.003076757,0.953844305,1.003280705,1.008862494,1.218383149,1.033107936,1.044360979,0.98166223,1.007928809,1.05650575,0.950192802,1.029006868,0.977557884
2,1.055277341,0.886858104,1.033943154,1.097101835,1.02962454,0.926568541,0.918957932,0.961005879,1.001218225,0.954065904,0.996504294,1.0879324,1.117546848,1.009931987,1.021795745,1.028552389,0.965417999,1.186634474,1.007782598,1.043244341,0.962141378,1.021213783,1.037125679,0.948127066,1.076850514,0.973030656
3,1.049601755,0.898405537,1.067612574,1.103217229,1.022996403,0.918640543,0.922669783,0.948203788,1.00743117,1.010515859,1.012766928,1.085621864,1.09346962,1.009122315,0.996073561,1.030346525,0.95678392,1.181639053,1.028770094,1.042838291,0.947648625,1.014676732,1.015002043,0.938211531,1.077204257,0.92892252
4,1.01945915,0.888808167,1.069391852,1.095825578,1.017216991,0.909607824,0.926587847,0.96159373,0.988832941,0.992498459,0.996200319,1.076115659,1.109142533,1.019432149,1.000600986,1.028706172,0.969894929,1.180695474,1.029726971,1.036544513,0.959538598,1.027118215,0.999357889,0.970666544,1.089378887,0.966886561
5,1.001812372,0.880969678,1.068844382,1.068013826,0.99401851,0.943139357,0.905072862,0.936120183,0.989685698,1.006747962,1.010867087,1.053142329,1.101760363,1.033088632,1.002684402,1.062794751,0.950571037,1.159159659,1.025708089,1.099583799,0.946702159,0.95753026,1.031288308,0.935503122,1.067653215,0.970702367
6,0.993895169,0.887087523,1.082439892,1.025791013,1.016247019,0.946843422,0.915039868,0.922860875,0.994396167,0.993628828,1.011171062,1.081330869,1.108801817,0.999460218,0.996474218,1.011482469,0.986934673,1.138539672,1.0318321,1.04923358,0.95942029,1.028341276,1.031113187,0.948632024,1.068124871,0.971219765
7,0.972242095,0.907582304,1.080979972,1.014889657,0.996120115,0.953374273,0.91497113,0.952188112,1.002070982,0.989689662,1.025153887,1.067269607,1.1040318,0.993900464,1.000641051,0.994873898,0.984696208,1.14694863,1.036169941,1.067404324,0.948950015,0.973261355,1.054287549,0.915901579,1.065177019,0.974130125
8,0.97672533,0.909417658,1.039189744,1.042063281,1.007193954,0.953406765,0.916414627,0.949967342,0.999918785,0.985202439,1.020366289,1.049577502,1.063032368,0.979866134,1.017668977,1.018300185,0.949931476,1.167485361,1.0364889,1.048624505,0.990653653,0.977647505,1.034090246,0.95987881,1.038705303,0.989458026
9,0.965278771,0.90299392,1.014644829,1.065301781,1.016044942,0.966955844,0.909953258,0.947615937,1.000040607,0.970370624,1.029181549,1.065025086,1.07370812,0.956655511,0.980968789,1.015788395,0.965692097,1.116643077,1.058050523,1.070246675,0.980834073,1.019442453,1.045881735,0.945556372,1.062789258,0.967856681
10,0.967425001,0.900393836,1.000821205,1.092954002,1.010184699,0.959190304,0.913527633,0.959111692,0.983269715,0.973727478,1.033361198,1.083047267,1.068824532,0.98418439,0.99066469,0.961554234,0.97268159,1.110482058,1.051033427,1.059181809,0.984619935,0.978617519,1.068413986,0.991645244,1.054328921,0.963588152
11,0.938093194,0.895805453,1.028924677,1.14129221,1.022349755,0.966630926,0.911053066,0.971195297,0.999228458,0.98417483,1.019910328,1.077898072,1.057808064,0.952229299,0.971272888,0.993746155,0.974189127,1.127855022,1.029216637,1.091564308,0.974977817,1.02323816,1.049092289,0.980214837,1.032632727,0.954533696
12,0.932560691,0.887814018,1.069756832,1.05291146,1.0214202,0.980569906,0.922807259,0.974330503,0.981523593,0.952079194,1.01155103,1.058951677,1.065530948,0.948234913,1.002724468,0.996924339,0.934582001,1.131823606,1.072084715,1.097553548,0.992428276,0.977731854,1.024750452,0.965525156,1.018099814,0.966110464
13,0.931463729,0.903643941,1.073862859,1.021855889,1.030594512,0.948110602,0.911465494,0.992945787,0.979046536,0.944063849,1.019226385,1.060205968,1.058716638,0.927183418,0.967186185,1.013379127,0.968570123,1.119362806,1.056009186,1.100497411,0.967997634,1.002066551,1.01447668,0.962403599,1.048462695,0.962165308
14,0.917823246,0.91534432,1.05433642,1.004094656,1.033706503,0.942067128,0.895861974,0.97642064,0.992690652,0.963177365,1.033437191,1.056707156,1.052356616,0.925564072,0.944909652,1.04669879,0.955824577,1.119668082,1.044080122,1.082225155,0.966873706,1.004892244,1.002568443,0.941470804,1.011614539,0.984995473
15,0.921066438,0.91060299,1.042520188,0.988088274,1.021986016,0.937193359,0.896755568,0.972044415,0.981604808,0.966739741,1.007371381,1.061526274,1.04520159,0.952283278,0.950478785,0.999179824,0.954591138,1.131573835,1.015756571,1.106283626,0.972552499,1.045421956,1.017453739,0.963826662,1.027503464,0.944573794
16,0.910239901,0.926088785,1.032620101,0.979526722,1.0214202,0.976735874,0.904660434,0.957086871,0.983269715,0.947831746,1.008207311,1.043570108,1.033390119,0.95401058,0.912937217,1.031525528,0.974737323,1.090777898,1.056583312,1.094000609,0.957882283,1.074438025,1.03163855,0.982923246,1.042714383,0.958026129
17,0.908761387,0.930485986,1.02372371,0.966498272,1.031847391,0.979497677,0.9234259,0.973220118,0.981117518,0.938000959,1.017174557,1.05228413,1.04770017,0.947803088,0.963059417,0.961810539,0.960575605,1.105764161,1.055626435,1.098467161,0.960189293,1.008730125,1.007938824,0.954966948,1.049317572,0.950653214
18,0.900510326,0.93970099,1.014051736,0.961074182,1.019076102,0.991779576,0.921982403,0.970019595,0.96751401,0.932349113,0.995440383,1.069250066,1.066780239,0.941811508,0.949196683,1.02009432,0.971037003,1.101795576,1.072403674,1.11125774,0.997633836,1.015984142,1.040861596,0.97254866,1.049199658,0.937394904
19,0.887251395,0.949566015,1.006569643,0.961978197,1.01026553,0.980504923,0.923632114,0.962704115,0.976204012,0.943276016,1.013526864,1.047531027,1.04770017,0.96145957,0.966545134,0.999128563,0.982183646,1.145699775,1.050395509,1.098162623,1.005442177,0.988233309,0.994746366,1.004269188,1.04097515,0.980662269
20,0.891114609,0.965395939,1.032483234,0.965700612,1.026552964,1.00542613,0.93765466,0.965774004,0.976285227,0.956292389,1.021734174,1.04706892,1.03838728,0.977437115,0.941023278,0.991798237,0.965235267,1.117808675,1.060602194,1.054207695,1.026264419,0.978027076,0.997840173,0.979526258,0.995018129,0.965981115
21,0.886631373,0.975031545,1.018978968,0.972294602,1.009295558,1.014036456,0.923288425,0.962834749,0.971615366,0.971843529,1.032753249,1.07538949,1.040318001,0.952067365,0.964662046,0.984109083,0.96372773,1.09424694,1.071000255,1.072581464,1.006625259,0.983762811,1.079680112,0.989625413,1.022963771,0.946255336
22,0.882481996,0.993002715,1.009580729,0.970646105,0.986177909,1.019202651,0.925556778,0.966884389,0.986315277,0.968555183,1.031005396,1.053736467,1.037251562,0.971823383,0.929003566,0.977291368,0.993650069,1.096689146,1.057029855,1.085270531,1.011475895,0.977520982,1.010273773,0.98994675,1.03876426,0.984348726
23,0.883722039,0.999235269,0.994799033,0.937410263,1.001454957,1.059070085,0.941778939,0.957805356,0.980467798,0.955401795,1.038984725,1.049247425,1.032708688,0.968692648,0.884089907,0.972472832,0.965372316,1.111619904,1.063409033,1.084356918,1.004140787,1.008392729,1.024225089,0.990222181,1.035669015,0.955115768
24,0.887060619,1.004703093,0.992746019,0.944057432,0.997009255,1.046268317,0.938616992,0.960352711,0.977909527,0.955744331,1.049015883,1.045220491,1.044293015,0.961081723,0.957610481,0.983698995,1.00324349,1.098770571,1.04650421,1.081210029,0.997219757,0.997596052,1.013776195,0.971263313,1.022138372,0.943344975
25,0.884628225,1.016059343,0.989871801,0.944376496,0.97938811,1.013906489,0.943634864,0.963879817,0.977665882,0.952524491,1.034729083,1.042381833,1.071663827,0.974738206,0.947193397,0.974318228,1.002740978,1.070213415,1.07080888,1.101207999,0.983318545,0.967778668,1.027260522,0.951340433,0.985879787,0.963911525
26,0.893785472,1.014376936,1.001961768,0.954214305,0.977973568,1.006758294,0.927275227,0.964010451,0.973848778,0.956977461,1.030701421,1.05228413,1.064622374,0.979758178,0.974077487,0.992669674,0.982183646,1.100851997,1.061750447,1.088620445,0.995622597,1.01007971,0.98032806,0.987376056,0.995253957,0.95873755
27,0.889826871,0.987343708,1.025685478,0.988885935,0.983470072,1.010787276,0.957726148,0.983082952,0.973199058,0.950880318,1.008359298,1.023897544,1.077910278,1.000107956,0.930606194,0.968474472,0.98688899,1.120805928,1.040954325,1.091564308,1.012599823,0.971743073,1.079271496,0.943031583,1.001562362,0.962424007
28,0.881480422,0.987993729,1.038140426,1.01122042,0.986177909,1.021542061,0.926862799,0.98922273,0.967432795,0.965164075,1.04392431,1.026604172,1.050653038,0.986775343,0.992667975,0.982622514,0.950890818,1.067327172,1.074253636,1.111968328,1.004436557,0.983762811,1.010565641,0.960246052,0.963269758,0.963394128
29,0.873038584,0.987343708,1.037684201,1.030842861,0.995392636,1.01085226,0.969480341,0.970803396,0.97413303,1.016887032,1.033057223,1.025613942,1.052129472,0.988178776,0.933050202,0.976573713,0.960255825,1.056781284,1.059964277,1.093290021,1.028867199,0.948926659,1.009981904,0.991002571,0.99360316,1.009119131
30,0.875423284,0.987190762,1.031662028,1.013772933,0.988926161,1.005556097,0.987352213,0.961854997,0.967879477,1.009077208,1.038604757,1.016569844,1.060533788,0.983698586,0.967907368,1.000922698,0.965417999,1.08617101,1.050586884,1.079687341,0.983673469,0.966091687,1.060767031,0.972319133,1.010966011,0.973160005
31,0.878189536,0.968225443,1.016013504,0.995001329,0.978781878,0.989082757,0.986252406,0.96525147,0.971859011,1.005720353,1.031385364,1.039411143,1.039068711,0.96475224,0.983492928,1.009790855,0.965189584,1.059195737,1.025006379,1.084965993,1.001419698,1.002783518,1.020722667,0.941838046,0.993278896,0.974065451
32,0.879143416,0.961954651,1.01738218,0.996437118,0.98795619,0.987490659,0.986664834,0.988112345,0.957443353,0.99678016,1.0214302,1.013995247,1.03838728,0.977868941,0.991626267,1.017531269,0.948104157,1.079399439,1.052373054,1.082326667,0.993256433,1.066340517,1.017920729,0.976129269,1.012174631,0.950847238
33,0.881480422,0.967766604,1.004516629,0.986865195,0.961039486,0.965136303,1.000893594,0.975310255,0.949849752,1.007090498,1.002051828,1.007129654,1.030550823,0.9725251,0.937337233,1.038753332,0.98565555,1.052396414,1.032278643,1.071363313,0.992960663,0.981991481,0.994687993,0.94624495,1.031954721,0.953369551
34,0.905327419,0.980422896,1.008303299,0.972081893,0.960029099,0.966923352,1.000962332,0.980927498,0.974742142,1.025073645,1.018390455,1.031027198,1.039068711,0.952931016,0.920108979,0.979803158,0.955687529,1.079066411,1.041783618,1.062531723,0.985980479,0.964362532,0.980970171,0.990084466,1.008047637,0.972319234
35,0.892736205,0.986923106,1.021442584,0.995426748,0.990704442,0.957923124,1.001374759,0.965186153,0.961382279,1.01185175,1.017098564,1.021851069,1.008404316,0.974144446,0.906486638,1.000666393,0.985792599,1.0830905,1.055754019,1.069536088,0.979177758,1.035047025,0.997314809,0.978424532,0.987176842,0.97736386
36,0.902370392,0.974802126,1.023586842,1.000159532,0.976882351,0.98697079,1.018215562,0.983605487,0.965605458,1.011886004,1.023710008,1.001188276,1.012947189,0.961351614,0.948956288,0.993643633,1.031110096,1.065828546,1.070489921,1.090752208,0.959006211,1.01223061,0.975541416,0.972365039,0.989358253,0.990428146
37,0.908522917,0.959698696,1.022355034,0.992927413,0.989936548,0.99077233,1.013128952,0.973873285,0.954844473,1.034390628,1.036096968,0.999405862,1.005451448,0.981647414,0.931968428,0.992874718,1.01667428,1.041878278,1.027494259,1.078672216,0.969180716,0.984015858,1.015527406,0.980903415,1.018600949,0.973548053
38,0.930128297,0.973005009,1.041698983,1.004307365,1.024410945,0.994606362,1.016084685,0.991508818,0.971087469,1.011166678,1.055399346,1.022907314,1.009653606,0.979056461,0.995152049,1.007432848,1.007903152,1.053922793,1.049119673,1.071870876,0.993078971,1.053139893,1.018971455,1.014643775,0.986911535,0.974388824
39,0.932131445,0.98038466,1.036771751,1.019941505,1.000363739,0.990837314,1.013678856,1.003984324,0.958702185,1.004692745,1.017402538,0.998019541,0.999659284,1.007233078,0.987419368,0.968166906,1.022156236,1.088807482,1.070553713,1.07684499,0.971783496,0.987980262,1.030120834,1.008676093,0.995814049,0.971219765
40,0.946773501,0.961610523,1.061955381,1.048125499,1.01927818,1.010364883,0.989139401,0.998236447,0.969828636,0.996745907,1.029941485,0.988315289,1.022827939,0.979218396,0.975039064,0.995642813,0.999086341,1.028085366,1.040571574,1.06923155,0.969890565,1.008687951,1.006070866,0.976358795,0.974383162,1.011641444
41,0.94353031,0.983940657,1.060677951,1.075299123,0.999030029,1.008057965,0.98542755,0.999934683,0.966092748,0.9853052,1.029713504,0.997425403,1.004429302,0.990337903,0.981930366,0.995283986,1.011009593,1.087503122,1.053393723,1.053598619,0.961431529,1.05516427,1.027494017,0.970987881,1.029478525,0.984478075
42,0.946248867,0.967001874,1.051872804,1.074288753,1.005860243,0.997758066,0.993882321,0.998628347,0.984934622,0.98246215,1.023026066,0.961182994,1.018171493,0.974198424,1.007772747,0.988825097,1.002695295,1.062276247,1.029152845,1.05603492,0.95220349,1.026316899,1.038643395,0.967728608,0.992748283,0.965657742
43,0.946487337,0.96791955,1.044162599,1.07455464,1.014145415,0.981512168,0.994363486,0.999738733,0.971128076,0.993252038,1.020518276,0.988513335,1.010562181,0.992766922,0.981810169,0.977291368,1.058200091,1.046873699,1.028004593,1.055831895,0.946820467,1.039306651,1.056272255,0.972273228,1.003301595,0.944573794
44,0.958792388,0.978472833,1.033121949,1.0492954,1.012569211,0.994183969,1.006598845,1.019529719,0.98140177,0.988216757,1.006611445,1.000594138,0.994548552,0.998920436,0.974357947,0.989388969,1.038921882,1.042627591,1.026282215,1.065983149,0.974977817,1.00177133,1.045414745,0.988890929,1.009551042,0.990234122
45,0.947822769,0.997935227,1.014736074,1.036426482,1.010467607,0.998992754,0.997731647,1.00751143,0.977503452,0.975097623,1.002127821,1.016833905,0.987734242,0.983914499,0.997716255,0.97190896,1.025262677,1.029334221,1.0318321,1.031265861,0.959065365,0.988022437,1.052536338,0.957721263,0.990272087,1.004656577
46,0.957361568,0.977249264,1.012272458,1.027545865,1.00214202,1.003151704,1.012235359,1.033180927,0.960448307,0.989449887,1.020670264,0.970755215,1.011357183,0.968260823,1.019111343,1.007330326,1.019735039,1.018066772,1.038147487,1.05644097,0.959124519,0.967652145,1.049209036,0.963734851,1.001886626,1.013775708
47,0.961654028,0.988337858,1.002326748,1.011805371,1.015277048,1.001104721,0.983021721,1.001306336,0.97413303,0.991642118,1.009803177,0.975046211,1.033276547,0.979812156,1.023198045,0.948226369,0.996984925,1.013126856,1.024751212,1.031976449,0.94599231,1.031251318,1.02848637,0.946749908,1.003448987,0.982861208
48,0.976629942,0.990096738,1.001596788,0.997553842,0.998019642,0.991324691,0.993676107,0.992096669,0.972021441,0.972220319,1.028725587,0.988513335,0.993867121,0.983806542,0.969870588,0.988876358,1.013476473,1.03549524,1.010334269,1.026088722,0.945814848,0.998102147,1.091179733,0.993802791,0.998496595,0.978980727
49,0.982496304,1.001605934,0.993384735,0.995107684,1.003920301,0.973779121,0.995394556,1.015610712,0.982741818,0.991744879,0.997720192,0.983694217,0.990005679,1.002752888,1.049601346,0.974266967,0.995294655,1.017178697,0.998532789,1.004974114,0.968470867,1.011091898,1.008697683,0.957858979,1.0087846,0.996895615
50,1,1,1,1,1,1,1,1,1,1,1,1,1,1,1,1,1,1,1,1,1,1,1,1,1,1
51,1.007726427,0.985737774,1.015967882,1.002180271,0.996403023,0.985671118,0.98508386,1.017243632,1.026922765,1.001678427,1.023634015,0.993596514,0.981487791,0.980729785,1.021996074,0.990619233,1.027912289,1.034829184,1.014034192,1.019388895,0.998284531,0.949727974,1.047107583,0.920400294,1.042006898,0.983766654
52,1.001335432,0.953427905,1.011177517,1.009837809,0.994220588,1.00597849,0.991682706,1.015480078,1.020181922,1.003459615,1.002203815,0.975112226,1.016354344,1.012037137,1.014423655,0.952224728,1.05833714,0.979990564,1.008356724,1.044462491,1.009997042,0.983298891,1.039635748,0.971309218,0.956961354,0.979239426
53,1.063719178,0.937636218,1.075505269,1.014464238,0.956715031,1.063846379,1.007011273,0.973350751,1.01713636,1.066760293,1.007219394,0.983628202,0.884951732,0.991255533,0.994150407,0.821457863,0.857332115,0.977992396,0.893084971,0.963455487,0.957763975,0.915397917,1.066604401,0.990451708,0.950417121,0.974259475
54,1.087136929,0.917714985,1.090925681,1.036107418,0.926847997,1.110894499,1.05217212,0.977857609,0.980345976,1.148318148,1.020670264,0.938473726,0.865190233,0.967397172,0.941904724,0.83734878,0.877204203,1.000721561,0.88734371,0.990660847,0.994025436,0.942727004,1.00992353,0.965203819,1.024761961,0.8454275
55,1.113416321,0.922226896,1.094849218,1.061579367,0.943660833,1.144945901,1.06640088,1.003984324,0.99191911,1.176097828,1.062010791,0.949234222,0.845315162,1.00566771,1.004166834,0.846216937,0.862631339,1.036938362,0.914263843,0.989036646,1.015261757,0.937033444,0.864572996,0.858933162,1.028564691,0.879446385
56,1.125292126,0.904293962,1.088827045,1.059452273,0.966859314,1.14419859,1.097058015,0.994774657,0.993421587,1.186476673,1.067634319,0.93418273,0.859284497,0.97878657,0.991025281,0.828634406,0.859936044,1.036383315,0.932380709,1.034920313,1.005442177,0.932014677,0.898021131,0.881702167,1.006013619,0.881709999
57,1.124576716,0.899323213,1.084766641,1.0685456,0.964434385,1.13968223,1.095064614,0.99634226,1.004101356,1.19497157,1.080705221,0.94448112,0.890971039,1.022508906,0.967867302,0.864517121,0.856966651,1.067216163,0.94207706,1.007511928,1.061283644,0.975370081,0.857684899,0.809814543,1.020251747,0.879640409
58,1.12414747,0.909455894,1.08910078,1.07795799,0.976074041,1.089514897,1.087640913,0.990725016,1.02505482,1.186887717,1.092408238,0.981449696,0.862123793,1.013548526,0.985856805,0.856520402,0.840246688,1.080093248,0.937292677,0.992894122,1.085536823,0.93829868,0.838479949,0.821612192,1.053031866,0.946384685
59,1.130252301,0.904943983,1.069483097,1.085190109,0.981570545,1.106865516,1.088946934,0.982887002,1.025460895,1.206309516,1.089976442,0.95926855,0.852470187,1.029526071,1.002644337,0.87000205,0.853129283,1.083479033,0.987433019,1.042635265,1.059449867,0.947155329,0.844200572,0.821061329,1.032898034,0.969990946
60,1.10015739,0.89549956,1.070213057,1.05551715,0.983267995,1.079669883,1.103931812,1.000457218,1.033826038,1.200178119,1.086404742,0.972933721,0.866666667,1.034222174,1.015345166,0.892659422,0.849291914,1.068853551,0.970145445,1.01360268,1.045785271,0.955843279,0.897612515,0.81844473,1.020517053,0.959319622
61,1.112987075,0.884334493,1.058214335,1.040414783,0.990785273,1.086233226,1.122903492,1.002743305,1.034678795,1.19904775,1.143247967,0.998481648,0.860988075,1.002860844,1.014143195,0.863799467,0.848835085,1.063303083,0.971548865,1.006598315,1.060159716,0.951794526,0.883953068,0.84213184,1.021047667,0.946643384
62,1.096675729,0.863151455,1.052922122,1.025525126,0.996443439,1.105273418,1.11417377,0.997517962,1.029196784,1.197198054,1.150923322,0.985872722,0.853038047,1.048526395,0.976601627,0.848421161,0.841708543,1.057058807,0.95815259,1.009745204,1.079089027,1.016026317,0.884828673,0.847181418,1.068567049,0.962618031
63,1.112605523,0.856574772,1.048086135,1.014198352,1.010831346,1.067258017,1.104550454,1.016133246,1.029887111,1.221107077,1.138460369,0.991219963,0.866439523,1.069577891,1.00793301,0.903834324,0.842530836,1.060278078,0.990176065,1.009745204,1.091807158,1.004006579,0.848053237,0.845207492,1.054387878,0.950006467
64,1.131635427,0.855083547,1.04726493,0.99920234,1.013781676,1.057023102,1.121185043,1.008752449,1.045236742,1.208193464,1.132760848,0.982637972,0.856785917,1.068768218,0.992708041,0.883586221,0.853586112,1.074515028,0.957195713,1.004669577,1.105944987,0.999072161,0.907769541,0.808070143,1.028535212,0.955374466
65,1.130395383,0.839597752,1.021807564,0.99377825,1.014630401,1.026805732,1.120635139,1.037622469,1.017055145,1.2165856,1.156698837,0.986070768,0.859965928,1.064072115,1.028086061,0.875384458,0.81758794,1.062692532,0.96102322,1.001624201,1.108606921,1.002403948,0.920611756,0.811145795,1.051646376,0.951170612
66,1.130299995,0.828929759,1.017290935,0.979526722,1.014953724,1.024466322,1.125996701,1.018941868,1.034069682,1.203809002,1.133900752,0.989833641,0.881658149,1.042750729,1.083537001,0.847139635,0.853677478,1.060333583,0.950688951,1.010963354,1.088257912,1.003795707,0.884887047,0.81302791,1.043893524,0.943344975
67,1.11985501,0.825985547,1.009626352,0.967030045,1.034757305,1.026123404,1.132664284,1.039647289,1.036424917,1.190826882,1.144691846,0.988909427,0.846337308,1.032656807,1.054769823,0.883381177,0.861169484,1.09519052,0.938440929,0.990559334,1.071103224,0.977099237,0.88383632,0.848558575,1.012734723,0.927370327
68,1.113368627,0.823806064,1.019343948,0.96373305,1.022066847,0.995451149,1.11211163,1.014761594,1.070535207,1.196238953,1.127821263,0.995444943,0.865530948,1.002860844,1.094675267,0.850574123,0.858839653,1.069769378,0.963574892,1.015632931,1.130848861,0.974821813,0.885178915,0.811329416,1.005512484,0.940305265
69,1.106023752,0.816770543,1.017884028,0.956447753,1.037020571,0.977125776,1.095064614,1.019856303,1.068748477,1.224566692,1.143703929,0.994322683,0.856785917,1.01522185,1.10248808,0.866259996,0.872727273,1.077762051,0.947244195,1.004568064,1.11422656,0.99299903,0.887980853,0.823586118,1.00179819,0.92465399
70,1.094434111,0.811455665,1.026278571,0.982611008,1.056541244,0.964161549,1.079323618,1.035467015,1.089539511,1.221209838,1.113078501,1.000792184,0.86564452,1.005343841,1.158660203,0.882150912,0.842804934,1.052424167,0.936846134,0.999492437,1.083880509,0.999620429,0.894635456,0.824274697,1.003743773,0.923748545
71,1.102923642,0.814667533,1.03439938,0.966976868,1.058077032,0.950807421,1.080492164,1.014043109,1.091285633,1.226758923,1.116802189,1.032941642,0.854628052,0.986937277,1.181938379,0.876460939,0.854819552,1.048705353,0.95706813,1.008527053,1.097131026,0.984648475,0.898196252,0.82211715,1.034430917,0.939787867
72,1.115324081,0.812908653,1.024681783,0.9575113,1.059734066,0.966078565,1.057808633,1.011561071,1.105620076,1.226210865,1.099551638,1.003300766,0.871095968,1.013872396,1.190191915,0.919212631,0.840109639,1.02908445,0.955983669,0.983961019,1.073528542,0.990763781,0.907185804,0.79466581,1.051616897,0.942698228
73,1.126961416,0.79761404,1.008303299,0.938739697,1.056177505,0.952432011,1.083722849,1.024755062,1.084991472,1.244707817,1.114978342,1.004885133,0.863827371,0.996977221,1.091630274,0.883740004,0.843124714,1.022257375,0.931806583,0.97157649,1.080212955,0.980473198,0.886579884,0.793196842,1.008961472,0.972513258
74,1.124338246,0.806446679,1.001003695,0.917894177,1.094168048,0.950514995,1.077055265,1.053102547,1.088483716,1.216414332,1.091040353,0.994652759,0.877683135,0.969394365,1.168997155,0.904193152,0.839515761,1.056531513,0.921791273,0.990254796,1.074001775,1.011808865,0.924873037,0.798705472,1.03776199,0.940499289
75,1.105976058,0.798684663,0.99927004,0.901462377,1.103059451,0.963121812,1.095820731,1.056694971,1.096117924,1.247722135,1.09833574,0.995642989,0.879840999,0.983428695,1.109379382,0.94228009,0.824257652,1.064107901,0.922237816,0.993097147,1.047441585,0.954114124,0.893526356,0.838964378,1.021666716,0.94632001
76,1.120236562,0.790502046,0.980519184,0.899282106,1.13725094,0.995548624,1.114517459,1.045656434,1.118411435,1.257587175,1.100463561,1.0146554,0.846791596,0.979596243,1.088384951,0.926235391,0.88117862,1.075819388,0.929063537,1.016140493,1.056196392,0.945215301,0.938065495,0.790213,1.037850426,0.929245893
77,1.100443554,0.831644553,0.972124641,0.889603829,1.116194479,0.970724892,1.127165246,1.044741999,1.105376431,1.269301911,1.097119842,1.017296013,0.859625213,0.980190003,1.062061781,0.902142711,0.836455002,1.040213138,0.930466956,1.025175109,1.046850044,0.974695289,0.890957913,0.829232464,1.029301654,0.926658906
78,1.106691468,0.829618017,0.976413158,0.904227599,1.143677,0.955616207,1.109155898,1.039908556,1.094980914,1.277214496,1.101755453,1.028518616,0.857126633,0.959732268,1.127569214,0.905936026,0.831064413,1.060083812,0.924917071,1.007917978,1.016208222,0.997806925,0.920028019,0.775431509,1.06175751,0.92161428
79,1.135689417,0.836997668,0.992563529,0.930124967,1.163116841,0.981837086,1.111767941,1.052057479,1.120035735,1.291121463,1.113838438,1.033997888,0.883816014,0.97581777,1.110861813,0.886713143,0.837460027,1.04248883,0.943289104,0.996447061,1.025081337,0.94922188,0.903216391,0.817985678,1.022993249,0.920191437
80,1.148805265,0.83906244,0.984944569,0.928636001,1.16598634,0.979400201,1.140087985,1.066884389,1.150044668,1.281941495,1.094004104,1.025613942,0.883816014,0.977814963,1.092030931,0.901732623,0.841297396,1.064080149,0.909607043,1.032991574,1.004081633,0.971321328,0.884887047,0.784015791,1.037732512,0.938494373
81,1.138694138,0.861813176,0.968337972,0.918904547,1.209150063,0.969912597,1.130945834,1.062508165,1.165069439,1.287148044,1.070218102,1.009638236,0.866098807,0.971553492,1.107776754,0.932130408,0.84892645,1.04806705,0.902462363,1.000101513,0.99408459,0.995824723,0.878874555,0.851680132,1.054830056,0.904798862
82,1.138884914,0.890261156,0.958072905,0.901143313,1.22390171,0.975956071,1.131908166,1.062312214,1.191301876,1.294615332,1.075309674,1.012080803,0.889381034,0.970365972,1.049721543,0.928900964,0.82530836,1.072267089,0.911839755,1.002842351,1.048920438,1.032811775,0.91232269,0.799256335,1.033104383,0.931638857
83,1.113893261,0.891064123,0.962087686,0.893432598,1.233843915,0.952756929,1.106062689,1.077661659,1.20433688,1.259436871,1.068546242,1.033337734,0.841113004,0.971607471,1.088144557,0.93274554,0.845134765,1.103183193,0.930147997,0.986194295,1.002011239,1.075323689,0.907769541,0.823769739,1.012675766,0.907709223
84,1.131778509,0.939471571,0.948629043,0.876788088,1.246372711,0.950385028,1.1422876,1.049575441,1.213920247,1.257655683,1.095675963,1.065223132,0.871550256,0.966155673,1.040546496,0.925568997,0.84490635,1.075403103,0.889959173,1.014110243,1.033599527,1.088313441,0.920378262,0.82666177,1.017510244,0.942374854
85,1.131683121,0.946698276,0.939458917,0.881839936,1.228953643,0.972966826,1.114792411,1.058981058,1.220904735,1.260635747,1.093244167,1.062120412,0.864735945,0.979866134,1.098120918,0.87748616,0.85262677,1.099325618,0.896721102,0.983250431,1.064300503,1.047404158,0.925807017,0.791590158,1.056127111,0.946255336
86,1.112939381,0.98026995,0.936721566,0.867322521,1.219496423,0.988367937,1.130189717,1.061659046,1.246243807,1.265842296,1.072877878,1.050105625,0.87677456,0.988286732,1.110861813,0.946022145,0.875833714,1.095301529,0.933528961,0.989341184,1.085832594,1.009067521,0.885062168,0.801367976,1.056510332,0.912171776
87,1.08284447,0.985317172,0.937314659,0.854453603,1.234813887,0.971667154,1.114105032,1.091312867,1.225290344,1.252586148,1.090736378,1.047002905,0.891198183,0.989744143,1.12340238,0.89306951,0.858428506,1.045569339,0.911010462,0.98558522,1.089618456,1.048922441,0.896036425,0.828038928,1.032514813,0.937588928
88,1.077025802,0.987458418,0.924859711,0.846370646,1.258376106,0.967768139,1.130602145,1.082429784,1.225330951,1.27848188,1.085188844,1.03353578,0.878364566,0.967343193,1.118314035,0.894761124,0.874371859,1.046013377,0.895317683,0.995837986,1.048683821,1.085614272,0.912556185,0.808575101,1.053415087,0.930539387
89,1.06123909,0.991932092,0.916830147,0.827120447,1.242290749,0.984696364,1.13788837,1.093403005,1.262283765,1.275775844,1.056691238,1.01663586,0.861669506,0.985048041,1.127408951,0.876204634,0.849931476,1.059251242,0.879369737,0.969749264,1.050990831,1.024967315,0.91389878,0.818582446,1.055095363,0.947548829
90,1.049172509,0.990249685,0.922441717,0.823557564,1.266742109,0.987068265,1.133214188,1.130176355,1.312230975,1.289443036,1.061174861,1.059413784,0.884951732,0.977814963,1.143034577,0.832376461,0.828871631,1.098243277,0.884217913,1.005278652,1.037207927,1.029226941,0.889381822,0.820648182,1.028741562,0.935389988
91,1.033242715,0.992773296,0.905424518,0.81483648,1.268803298,0.951099847,1.149230135,1.084650555,1.308941769,1.266082072,1.056007295,1.04706892,0.869278819,0.936305732,1.107496294,0.8955813,0.824029237,1.102489385,0.897167645,0.986498833,1.032298137,1.067141833,0.8994221,0.830196474,1.057040946,0.921808304
92,1.020126866,0.987343708,0.90528765,0.811592662,1.304207251,0.991357182,1.155966456,1.118811234,1.322626492,1.242926629,1.063226689,1.053142329,0.873026689,0.959408399,1.106013863,0.852368259,0.852992234,1.06635584,0.872033682,0.946299868,1.083288968,1.018092868,0.886229642,0.815690415,1.072635085,0.931186134
93,1.021271522,0.977593393,0.915872074,0.834299388,1.343329427,0.979205251,1.141394006,1.094121489,1.297571672,1.219873947,1.059351015,1.009044098,0.90153322,0.971391558,1.082054569,0.882099651,0.859707629,1.033330558,0.878604236,0.971068927,1.049926057,1.00261482,0.894110093,0.800403966,1.04315656,0.925300737
94,0.987170315,0.961725232,0.903645239,0.832757245,1.318110173,0.977450694,1.098707726,1.090398432,1.30439373,1.184010413,1.026293791,1.019738579,0.875979557,0.977221203,1.048840098,0.914752922,0.859707629,1.056309494,0.871395764,0.947518018,1.058858326,1.047615031,0.899947464,0.817205288,1.068891313,0.911783728
95,0.975914532,0.990096738,0.889684748,0.831746876,1.318110173,0.966403483,1.066332142,1.087851078,1.284658491,1.16616428,1.018314462,0.992078162,0.891879614,0.986343517,1.098080853,0.878460119,0.844495203,1.053423251,0.865271753,0.937671302,1.022478557,1.062376112,0.927032864,0.808666911,1.053739351,0.920385461
96,0.98101779,0.984170076,0.916602035,0.856846583,1.299155317,0.951359782,1.056296398,1.080731548,1.27012101,1.174111119,0.985181245,1.009638236,0.876320273,0.954172514,1.089026003,0.853854829,0.901187757,1.017483973,0.865144169,0.939701553,0.996036676,1.032685252,0.926098885,0.81390011,0.991657577,0.893998189
97,0.958315448,0.97939051,0.926730234,0.86652486,1.268560805,0.943236833,1.052653286,1.055519268,1.257126614,1.151503734,0.98130557,0.985278585,0.863600227,0.95638562,1.061300533,0.885175313,0.896208314,1.034190881,0.875924981,0.95036037,0.96433008,1.056724727,0.921895978,0.809125964,0.997111105,0.894709611
98,0.962560214,0.944709976,0.913408458,0.848444563,1.273814816,0.926308607,1.029901017,1.075767472,1.226995858,1.164999657,0.973706209,0.991880116,0.885406019,0.910450178,1.030089347,0.930900144,0.90123344,1.028973441,0.857680531,0.901938889,0.967465247,0.972080469,0.881559745,0.812017995,1.013648557,0.887724745
99,0.947155053,0.936680304,0.902322186,0.841265621,1.232429374,0.915423855,1.007904867,1.049510124,1.234061561,1.146948003,0.973250247,1.000594138,0.869619534,0.882597431,1.012901158,0.861082633,0.922750114,0.968001554,0.848175555,0.908740229,0.954865424,0.963982961,0.932811862,0.846217407,0.994575951,0.898913465
100,0.964992607,0.908002906,0.91797071,0.85870779,1.223740048,0.918867986,0.992645037,1.0455258,1.250304556,1.166335548,0.968842617,1.007591761,0.864622374,0.887779337,1.034736969,0.899989748,0.901827318,1.010712403,0.866930339,0.868033702,0.91191955,0.949727974,0.937131516,0.838183988,0.983904725,0.902211874
101,0.973195975,0.898290827,0.914184041,0.861845254,1.230044861,0.897098483,0.99931262,1.053690398,1.279948022,1.160512434,0.972034349,0.987589121,0.870528109,0.893447047,1.026363236,0.912548698,0.896482412,0.951350151,0.834587905,0.914323419,0.909612541,0.985491966,0.911680579,0.823999266,0.949296937,0.898784116
102,0.974865264,0.897220204,0.929148228,0.878223877,1.232146466,0.886993534,0.978278801,1.045787067,1.306952002,1.165068165,0.962155179,0.954515448,0.876433844,0.887779337,1.009175047,0.887430798,0.918912746,0.980268088,0.862975249,0.859100599,0.932150251,0.933490785,0.965384391,0.83933162,0.957108746,0.890570431
103,0.957361568,0.882613849,0.947032255,0.887157671,1.210645435,0.894759073,0.971473742,1.053559765,1.339559815,1.179112146,0.956835626,0.968444679,0.873594549,0.877415524,1.011899515,0.895273734,0.884467794,0.985929565,0.864825211,0.875647142,0.938952972,0.962928599,0.962290584,0.85769372,0.966866138,0.892187298
104,0.973577527,0.868695752,0.958301017,0.899867057,1.243988199,0.901159957,0.980753368,1.059503592,1.34658491,1.166061519,0.9357094,0.975112226,0.902441794,0.857713484,1.030289675,0.891224113,0.893558703,0.983709378,0.849578974,0.844787331,0.937119196,0.92298933,0.89626992,0.813946015,0.970963653,0.89483896
105,1.001860066,0.855198256,0.98170537,0.91863866,1.242573657,0.884881567,0.959788287,1.069888961,1.360066596,1.180036994,0.940572992,0.975706364,0.886882453,0.858145309,1.009215113,0.877178593,0.870580174,0.967529764,0.870311304,0.865191351,0.898432416,0.956096327,0.930535287,0.870822622,0.934764024,0.893933514
106,1.008537225,0.850839292,0.986039509,0.949800585,1.259346078,0.890762582,0.98474017,1.04350098,1.348452855,1.192916353,0.926286192,0.968180618,0.883248154,0.844704739,0.977763532,0.903680541,0.883371402,0.925818,0.829229395,0.872297229,0.897840875,0.968242588,0.951608196,0.865222181,0.916192554,0.887854094
107,1.047932465,0.846862693,1.002326748,0.96091465,1.270945318,0.918835494,0.94308496,1.041606793,1.340168927,1.173391793,0.924386352,0.978412992,0.887109597,0.855500378,0.99178653,0.895376256,0.87670169,0.961091222,0.848111763,0.870876053,0.874120083,0.979629708,0.943727745,0.818811972,0.954190372,0.897231923
108,1.046978585,0.851489313,1.016332862,0.964371178,1.299114901,0.953796666,0.950233709,1.047746571,1.323194997,1.184010413,0.912835322,1.006403486,0.879954571,0.86052035,0.95696943,0.942895222,0.932389219,0.939222379,0.864825211,0.844584306,0.902336587,0.960904222,0.889790438,0.868022402,0.948972673,0.907321174
109,1.040969142,0.854815891,1.001779278,0.954427014,1.310148325,0.947818176,0.94342865,1.055192685,1.322301632,1.169349866,0.914127213,0.98646686,0.84826803,0.838767138,0.996674546,0.897631741,0.91265418,0.959204063,0.854618525,0.86793219,0.8945874,0.912993969,0.927032864,0.869950422,0.912949916,0.894127538
110,1.028568703,0.849692196,0.999133172,0.944057432,1.295356262,0.979952562,0.93023096,1.035662965,1.297084382,1.167363157,0.896648682,0.979601267,0.907893242,0.854690705,0.951640691,0.888661062,0.962585656,0.95620681,0.833886195,0.84834027,0.885714286,0.924465438,0.935321931,0.867609254,0.922530437,0.884102962
111,1.046501645,0.856383589,0.97536384,0.917468758,1.279957968,0.981512168,0.938823206,1.024363161,1.284496061,1.152257313,0.915039137,0.984816477,0.896876775,0.85512253,0.965783886,0.922134509,0.89506624,0.911664308,0.857489155,0.883362095,0.869565217,0.956771119,0.93199463,0.898273963,0.937977184,0.909649463
112,1.068345495,0.855007074,0.990464893,0.935814943,1.260679788,0.970270007,0.936486115,1.042847812,1.280760172,1.130540522,0.895052816,0.962503301,0.870755253,0.840656375,0.923234104,0.943407833,0.930744632,0.909333111,0.87624394,0.842452543,0.878911565,0.979292312,0.9626992,0.876698494,0.922943136,0.909002716
113,1.08475223,0.840821321,1.014964186,0.945918639,1.282989128,0.970854859,0.918957932,1.033834095,1.262243158,1.148694937,0.919598754,0.993860576,0.888699602,0.835582425,0.997435795,0.904193152,0.910598447,0.933144617,0.831653483,0.84793422,0.906299911,0.970309139,0.946237814,0.888312523,0.958789022,0.887854094
114,1.067582391,0.828509158,1.003877914,0.959691571,1.246898113,0.968482958,0.92411328,1.041345526,1.250629416,1.146913749,0.908351698,0.980987589,0.903804656,0.84200583,1.009014784,0.895273734,0.907446323,0.94077651,0.880836948,0.840828342,0.896125407,0.953186285,0.986282179,0.846446934,0.947410312,0.896649851
115,1.074831879,0.836385883,1.044025731,1.022174953,1.261326436,0.971439711,0.91868298,1.030829523,1.263136522,1.182674522,0.891709096,0.972075522,0.874389551,0.847187736,0.988581273,0.877229854,0.945271814,0.937945772,0.875606022,0.826413562,0.901271813,0.959849859,0.978401728,0.886476313,0.941426171,0.905574958
116,1.070873277,0.839521279,1.048451115,1.013879287,1.260154387,0.956331026,0.934423976,1.015349445,1.257532689,1.141844215,0.891557109,0.973857935,0.903577513,0.882111627,1.009655836,0.915111749,0.947281864,0.913884495,0.881411074,0.867323114,0.925170068,0.989582894,0.97670889,0.889092912,0.948618931,0.896779201
117,1.104497544,0.833250488,1.028833432,1.004466897,1.249848442,0.980244988,0.919095408,1.031613325,1.277998863,1.144858533,0.908275705,0.978545022,0.871095968,0.872827378,1.010216755,0.889840066,0.916080402,0.914467294,0.879688696,0.865597401,0.920733511,0.984606301,0.937423385,0.866599339,0.929782154,0.901565127
118,1.130299995,0.848965702,1.048223003,1.032119117,1.253809158,0.979432693,0.911877921,1.036120183,1.308616909,1.155271631,0.898472528,1.006535516,0.922430437,0.877955306,1.054088705,0.865593603,0.969666514,0.936419393,0.877838734,0.834940615,0.923336291,0.901016406,0.994396124,0.869078223,0.90328096,0.914112017
119,1.114560977,0.845906779,1.041972718,1.040361606,1.294790446,0.978555415,0.905347814,1.04898759,1.322951352,1.162567651,0.914279201,0.987985213,0.868143101,0.869858577,1.008133339,0.862261636,0.954773869,0.916548719,0.894615973,0.85392346,0.89198462,0.994896883,0.979394081,0.863294161,0.966158653,0.91967404
120,1.115180999,0.858830727,1.024590538,1.013507046,1.309582508,1.008122949,0.921088809,1.04389288,1.323032567,1.149140234,0.89368493,0.988777396,0.896763203,0.844812696,0.942465644,0.900912446,0.930973047,0.913717981,0.884281705,0.846310019,0.913812482,0.954156299,0.96678536,0.908097686,0.930902338,0.923619195
121,1.147803692,0.851145184,1.036634883,1.030683329,1.293658813,1.010234916,0.91902667,1.043958197,1.298465037,1.141501678,0.892317045,0.977092686,0.896536059,0.854420814,0.930806523,0.905423416,0.931978072,0.920739322,0.888938505,0.834027002,0.897012718,0.961789887,0.997723425,0.887164892,0.9364443,0.912236451
122,1.162064196,0.837991817,1.046215612,1.047327838,1.276441822,1.016570816,0.9288562,1.045656434,1.302647608,1.118894293,0.892849001,0.976960655,0.915956843,0.843463241,0.991586201,0.862415419,0.95107355,0.944883856,0.886642001,0.835752715,0.940668441,0.960904222,1.018270971,0.883859714,0.932553135,0.936295434
123,1.213716793,0.839330096,1.044618824,1.047168306,1.266944186,1.001364655,0.924869398,1.023252776,1.311012751,1.122319655,0.887529448,0.988051228,0.908688245,0.832235777,1.022236468,0.888302235,0.948423938,0.925207449,0.880390406,0.804080804,0.890328305,0.980473198,0.972272488,0.894647448,0.951743655,0.906545078
124,1.242905518,0.845142049,1.062046626,1.081786759,1.249929273,1.036845696,0.91497113,1.013063357,1.299195972,1.124580393,0.885021658,0.972471613,0.915729699,0.83990068,0.987619696,0.858519582,0.900593878,0.894790886,0.892383261,0.825804487,0.93256433,0.964067311,0.964041796,0.882528461,0.941013472,0.94632001
125,1.245767158,0.845447941,1.043158903,1.088487104,1.250333428,1.028755239,0.948309046,1.024363161,1.299358402,1.12094951,0.870810852,0.955901769,0.914480409,0.838983051,1.0014023,0.865747386,0.882275011,0.919934504,0.904631283,0.830880114,0.97054126,0.947703597,0.969820793,0.900247888,0.937210742,0.912430475
126,1.22692803,0.860054296,1.046945572,1.078915182,1.233237683,1.023556552,0.92548804,1.048465056,1.276293348,1.121874358,0.913443271,0.942962767,0.921749006,0.844434848,0.996754678,0.803003896,0.923435359,0.925290706,0.920834397,0.829763476,0.980715765,0.974231369,0.938065495,0.888587954,0.961471568,0.905510283
127,1.210759765,0.866936871,1.072311693,1.086944961,1.224022956,1.016538324,0.939098158,1.035205748,1.24587834,1.120127423,0.886769511,0.982637972,0.920613288,0.828349347,0.942305381,0.850984212,0.920146185,0.91904643,0.913243174,0.832199777,0.955161195,1.003753532,0.994396124,0.911632391,0.931698258,0.907967921
128,1.192731435,0.865369174,1.063460924,1.078064345,1.205027685,0.99330669,0.914421226,1.018549967,1.247989929,1.115468932,0.88380576,0.945999472,0.927314026,0.837093814,1.000721183,0.906756203,0.920191868,0.903532873,0.902270987,0.838087504,0.962732919,0.969507823,0.956628335,0.904103929,0.928396663,0.927693701
129,1.18753279,0.865828012,1.051005977,1.071204467,1.188659419,1.006465867,0.900329942,1.03801437,1.225655811,1.141912722,0.882893837,0.950422498,0.93128904,0.825650437,0.985896871,0.878101292,0.917405208,0.959814614,0.902398571,0.827022637,0.948181012,1.007549239,0.970462904,0.934952259,0.9140701,0.902664597
130,1.166833596,0.877107789,1.045531274,1.065567668,1.17588813,0.989635117,0.915383558,1.058719791,1.219564688,1.132081935,0.892165058,0.966002112,0.908801817,0.815016733,1.01045715,0.864260816,0.948880767,0.921460883,0.917134473,0.827428687,0.933924874,0.962295981,0.927616601,0.917462358,0.962061138,0.912171776
131,1.16115801,0.880319657,1.05232903,1.060834884,1.168734592,0.988530396,0.915727248,1.038994121,1.259197596,1.13108858,0.894824835,0.981581727,0.937762635,0.822357767,0.971232822,0.878767685,0.960073093,0.916076929,0.939397806,0.839711704,0.96793848,1.053435115,0.985756815,0.923980903,0.936002122,0.928405122
132,1.154623933,0.884334493,1.07190109,1.091358681,1.141777472,0.96182214,0.911465494,1.0361855,1.279460733,1.151572241,0.898700509,0.997425403,0.909937535,0.828835151,1.026162907,0.942690178,0.926267702,0.945549913,0.907629497,0.846513044,0.939840284,1.005398338,0.950090479,0.910806096,0.926185774,0.927435002
133,1.133686269,0.88701105,1.083169853,1.096410529,1.143192014,0.960424993,0.903973055,1.050424559,1.259725493,1.123724053,0.901588267,1.007129654,0.946166951,0.825488503,0.974958933,0.888404757,0.932069438,0.924180612,0.917772391,0.830169526,0.939071281,0.989372021,0.980211313,0.916544253,0.934881939,0.911589704
134,1.159107168,0.885060987,1.066700123,1.077692103,1.124560482,0.93469149,0.914146274,1.001436969,1.252619183,1.127765979,0.904324037,1.022577238,0.925837592,0.81868725,1.004928082,0.835810949,0.932891731,0.937668249,0.902207196,0.856055223,0.925702455,0.957319388,1.009573288,0.90777635,0.917017952,0.890376407
135,1.169218295,0.877298971,1.056845659,1.067694762,1.135149335,0.927250869,0.907135001,1.00365774,1.260131568,1.183633623,0.91154343,0.974121996,0.920613288,0.83693188,0.98441444,0.887840886,0.932297853,0.945771931,0.921089564,0.841843468,0.938716356,1.009700139,0.978693596,0.92604664,0.935589423,0.90628638
136,1.154576239,0.879554927,1.076098362,1.076096783,1.130137817,0.935178867,0.904935386,1.046897453,1.240152684,1.146571213,0.904324037,0.990031687,0.918001136,0.814746842,0.942305381,0.882561001,0.942119689,0.956428829,0.916496555,0.856258248,0.956462585,1.072076252,0.990835328,0.912229159,0.950918256,0.926012159
137,1.137167931,0.89660842,1.067612574,1.071895772,1.109485511,1.05283166,0.920538906,1.01463096,1.222204174,1.137048709,0.902804164,0.984024294,0.937308348,0.816636079,0.992708041,0.914240312,0.948332572,0.957455666,0.91522072,0.846513044,0.908488613,1.031251318,0.975774911,0.918334557,0.951448869,0.953498901
138,1.142748128,0.89748786,1.070213057,1.050571656,1.113082488,0.997660591,0.901842178,0.992292619,1.212052302,1.11649654,0.899232464,0.973989966,0.966269165,0.832397711,0.961737249,0.884611441,0.948104157,0.96048067,0.905907119,0.840016242,0.921620822,1.074944119,0.999357889,0.921961072,0.990095216,0.9330617
139,1.134878619,0.876801897,1.072585428,1.050997075,1.094329709,0.997920525,0.893456145,1.018354017,1.195200195,1.129170377,0.912759328,0.984024294,0.942646224,0.825704415,0.942505709,0.886149272,0.953997259,1.006993589,0.933018627,0.868642777,0.906595682,1.038758382,1.009106299,0.954324275,0.951301477,0.9225844
140,1.125435208,0.867969258,1.055887586,1.040361606,1.096956715,0.997205706,0.882251856,0.997256695,1.197677252,1.13071179,0.888745345,0.953129126,0.942646224,0.832073842,0.935414079,0.909165471,0.954225674,1.001692893,0.903865782,0.859100599,0.893759243,1.048374172,1.057556477,0.989028645,0.97122896,0.940046566
141,1.112796299,0.871104653,1.065970163,1.041106089,1.100230368,0.981447185,0.89703052,0.994186806,1.186916267,1.123484278,0.888137396,0.968840771,0.941396934,0.834934686,0.932849874,0.918802543,0.908542714,0.971526101,0.936909926,0.859100599,0.888671991,1.045759352,1.031405055,0.961347778,0.950977213,0.934549217
142,1.135355559,0.869728138,1.057712487,1.025791013,1.101119509,0.96851545,0.885070113,0.979098628,1.185698043,1.129170377,0.892469033,0.966794296,0.935150483,0.831480082,0.909932289,0.919520197,0.945089082,1.006910332,0.932572085,0.856461273,0.907246377,1.02753996,1.005545502,0.943307014,0.974353683,0.948583624
143,1.123622836,0.874392995,1.088963913,1.066418506,1.102251142,0.963479221,0.889675557,0.999673416,1.185291968,1.139343701,0.894976822,0.941840507,0.955934128,0.84589226,0.941183541,0.893940947,0.943444495,0.95881553,0.950433784,0.83433154,0.889855072,1.047108937,0.946237814,0.933529196,0.977065708,0.952787479
144,1.108456145,0.874469468,1.097997171,1.068864664,1.091419795,0.95857296,0.900948584,1.004768125,1.176195891,1.13430842,0.887833422,0.943028783,0.966042022,0.828349347,0.888497135,0.879280295,0.928643216,0.96866761,0.918346517,0.847832707,0.876841171,1.027118215,1.001342595,0.969610723,0.960911476,0.939335144
145,1.088472361,0.871066417,1.103836854,1.080882744,1.100432446,0.987490659,0.892768765,0.979033312,1.149597986,1.126395835,0.877118322,0.939001848,0.968654174,0.841574004,0.921270884,0.891787984,0.940292371,0.991480032,0.914327635,0.856968836,0.880449571,0.976466619,0.948397642,0.923934998,0.94864841,0.960289743
146,1.093480231,0.871066417,1.130617273,1.111778782,1.083457948,0.965948598,0.913390157,0.959177008,1.143588078,1.135130506,0.879322137,0.91741484,0.971607041,0.817175861,0.927080412,0.903424236,0.954773869,1.014764244,0.937994386,0.82154096,0.869387755,0.981021467,0.982196019,0.958409842,0.968133715,0.954533696
147,1.102828254,0.876343058,1.117614855,1.100611539,1.103140282,0.951359782,0.909403354,0.999934683,1.129091204,1.139960266,0.878942169,0.943358859,0.963657013,0.829428911,0.912616691,0.937974164,0.955230699,1.018927095,0.949285532,0.856664298,0.875835552,1.063388301,0.981437161,0.925908924,0.970698346,0.967662657
148,1.118519578,0.870339923,1.099822072,1.093007179,1.091662288,0.963381746,0.911602969,0.998432397,1.166693738,1.131979174,0.890189224,0.924808556,0.937421919,0.805786462,0.952642333,0.919110109,0.947693011,1.068659285,0.945713192,0.840929855,0.864537119,1.03285395,0.95324266,0.946887624,0.9636235,0.940693313
149,1.092669433,0.891790617,1.096582873,1.060888062,1.084387504,0.959807649,0.918064339,0.986675376,1.132421018,1.143385627,0.895432784,0.936823343,0.972061329,0.836176185,0.892904363,0.899425877,0.950845135,1.088502206,0.913625925,0.846106994,0.867376516,0.998439543,0.933745841,0.969427102,0.953748194,0.926400207
150,1.148328325,0.891255305,1.082531137,1.048444563,1.106252273,0.981089775,0.912359087,1.007446114,1.12836027,1.15232582,0.904628011,0.970623185,0.964338444,0.824948721,0.915381225,0.891224113,0.943992691,1.111703161,0.937356468,0.865191351,0.940668441,0.991354224,0.966259996,0.978608153,0.982342364,0.956473936
151,1.153097725,0.888961113,1.052922122,1.02164318,1.091621873,1.000454885,0.904179269,0.978380144,1.147851864,1.159039529,0.901284292,0.960786903,0.984440659,0.818309403,0.961977643,0.908345294,0.918775697,1.04878861,0.950178617,0.848543295,0.953386572,1.007043145,0.959897262,0.94518913,0.94844206,0.962488682
152,1.152573091,0.888502275,1.055020758,1.023344855,1.093885139,0.995126231,0.922532307,0.999020248,1.172703647,1.122319655,0.904779998,0.949564299,0.99068711,0.804437007,0.941824592,0.855854009,0.896345363,1.052424167,0.939078847,0.84834027,0.93256433,1.011893214,0.986048684,0.984484025,0.939215282,0.940305265
153,1.151380741,0.891790617,1.071672978,1.045041212,1.049468537,1.014621308,0.902254605,0.986936643,1.185332575,1.119202576,0.900220381,0.975508318,0.9399205,0.845244521,0.970351376,0.853701046,0.908908177,1.054422335,0.93563409,0.817480459,0.946643005,0.992450761,1.026618411,0.954737422,0.962562273,0.955245117
154,1.131110793,0.899973234,1.071216753,1.023610742,1.063250212,1.029275108,0.907203739,1.004964076,1.167221636,1.133965883,0.912911315,0.939926063,0.976604202,0.835258556,0.947473857,0.879587861,0.958108725,1.055920961,0.915731054,0.861435387,0.935522035,1.022985112,0.986690794,0.925449871,0.95902485,0.958284827
155,1.123575142,0.89561427,1.062913454,1.011433129,1.061997333,1.022061929,0.909128403,0.982168517,1.184357996,1.13146537,0.910707501,0.963823607,0.972515616,0.838929073,0.944108338,0.935206069,0.942530836,1.019537646,0.927660117,0.881433357,0.94469092,1.050609422,1.014068064,0.955655527,0.995489786,0.951235287
156,1.136070969,0.915382556,1.060814818,1.002180271,1.06219941,1.026578289,0.922257355,1.014957544,1.184154958,1.126156059,0.915571092,0.952733034,0.97149347,0.856148116,0.970070916,0.91967398,0.933668342,1.017039936,0.964659352,0.84874632,0.952735877,0.997553878,1.01716187,0.982234668,0.988297026,0.937265554
157,1.134878619,0.914656062,1.06446462,1.00941239,1.036697248,1.037917926,0.90074237,0.988242978,1.181718509,1.129889703,0.923854396,0.955637708,0.998523566,0.859386808,0.951320165,0.91116465,0.982594792,1.000138762,0.944309773,0.85473556,0.948713398,1.043186707,0.993754013,0.969197576,0.976535094,0.942116156
158,1.143177374,0.918059114,1.06031297,0.998723744,1.047366932,1.030737239,0.908509761,1.016067929,1.175180703,1.113996027,0.942320845,0.939595986,0.987961386,0.853611141,0.968468288,0.889378716,0.956646871,1.018816085,0.950944118,0.852603797,0.94699793,1.024376871,1.015877649,0.965479251,0.996698405,0.941016686
159,1.155816283,0.907238175,1.048998586,1.011645839,1.050115184,1.004451376,0.907203739,0.999542782,1.155486072,1.101459204,0.946272513,0.989899657,0.964906303,0.887671381,0.892022918,0.912702481,0.945317497,0.996308939,0.934485838,0.831489189,0.939899438,1.006621399,1.023991594,0.930315828,0.965893347,0.957896779
160,1.166308962,0.907085229,1.051690314,0.999787291,1.033827749,1.019755012,0.897649161,1.003265839,1.134370178,1.100328835,0.916103047,0.980525482,0.981828507,0.866565907,0.943427221,0.901066229,0.935175879,1.012044515,0.939397806,0.866917064,0.939485359,1.026780819,0.95546086,0.944730077,0.98481856,0.943150951
161,1.169456765,0.926509387,1.051005977,0.995001329,1.068585054,1.03239432,0.888369535,0.995950359,1.152887192,1.101253682,0.9392811,0.986070768,0.971947757,0.877415524,0.938979927,0.907320074,0.933576976,1.015569062,0.930403164,0.860014212,0.927003845,1.010332757,1.010565641,0.988707308,0.998172331,0.953110852
162,1.178423237,0.925935839,1.054108308,0.983727732,1.128319121,1.034148877,0.908853451,1.01097322,1.116543491,1.081009797,0.952200015,0.992738315,0.960704145,0.865918169,0.92700028,0.937615337,0.974463225,1.024283296,0.956812962,0.871992691,0.937651582,1.023069461,1.028661491,0.978516342,0.965215341,0.957185358
163,1.193160681,0.957136849,1.063962772,1.004679606,1.15875197,1.018617799,0.899917514,1.037557152,1.12706083,1.070596698,0.932593662,0.966728281,0.972402044,0.870236424,0.961617052,0.875948329,0.948652353,0.987344934,0.938887471,0.887727134,0.912866016,1.064948758,0.997314809,0.968876239,0.981074787,0.95155866
164,1.205227262,0.975834512,1.066882613,0.984099973,1.14581902,1.029729993,0.90582898,1.03089484,1.109193535,1.061793519,0.970894445,0.989041458,0.981828507,0.87396092,0.941343804,0.906346114,0.94892645,1.021313796,0.933528961,0.864785301,0.92043774,1.026991692,1.010507268,0.957537642,0.980043039,0.963329453
165,1.189679019,0.98975261,1.04635248,0.979845786,1.142302874,1.028170387,0.918820456,1.034160679,1.121497604,1.07573474,0.942244851,0.99366253,0.985576377,0.895984022,0.945751032,0.887994669,0.916491549,1.006577304,0.959045675,0.84955842,0.918130731,1.023575556,1.011149378,0.947622108,0.936532736,0.93720088
166,1.176467783,1.00650021,1.052465897,0.975325711,1.144364063,1.039672483,0.929474842,1.036446767,1.118086575,1.067513873,0.948172354,0.99788751,0.959227712,0.907805247,0.974918867,0.910446996,0.951027867,0.997224766,0.964978311,0.844584306,0.906536528,1.017797647,1.025100695,0.97071245,0.954779943,0.951817359
167,1.175323127,0.994723359,1.073132898,1.00861473,1.144242816,1.04324658,0.938616992,1.035662965,1.117436855,1.056415702,0.952352002,0.984684447,0.985917093,0.913365001,0.941864658,0.89409473,0.942302421,1.002525463,0.97531258,0.870977566,0.904170364,1.040993632,1.036133326,0.966580977,0.986882056,0.932997025
168,1.166022798,0.974305051,1.087595237,1.021696357,1.148082286,1.047340547,0.929131152,1.058785108,1.099325916,1.06597246,0.940421005,0.974650119,0.959454855,0.896847674,0.945310309,0.883996309,0.947144815,0.964171731,0.954133708,0.863364125,0.904702751,1.002530471,1.002801938,0.97360448,0.991451228,0.962747381
169,1.18490962,0.955225022,1.086545919,1.018612071,1.120842258,1.043311564,0.93868573,1.039255389,1.097539186,1.056073166,0.959115434,0.985476631,0.992844974,0.88232754,0.995913298,0.923364773,0.95386021,1.007076846,0.947818321,0.866917064,0.93356995,1.06393657,1.002334948,0.96171502,0.993544203,0.983313931
170,1.178089379,0.939089206,1.068388156,0.997341133,1.13252233,1.062839133,0.92514435,1.035401698,1.112848209,1.077413167,0.962003192,0.979469237,0.956729131,0.905376228,0.969309668,0.862159114,0.958611238,1.002886243,0.95993876,0.871891179,0.942147294,1.044367593,1.023641352,0.966030114,0.961560004,0.973418704
171,1.161825726,0.952280809,1.063232812,0.988035097,1.123792588,1.047697956,0.940472917,1.047289353,1.100300495,1.078063986,0.968386656,0.987787167,0.991368541,0.901489798,0.995352378,0.906089809,0.924349018,0.960341909,0.953750957,0.865698914,0.939603668,1.011302771,1.028603117,0.971630555,0.979158683,0.986677015
172,1.171889159,0.974228578,1.045394407,0.980377559,1.129652831,1.081749358,0.937792136,1.007968648,1.108218956,1.063369185,0.978265826,1.001320306,1.027030097,0.922595272,0.972915582,0.878870207,0.949063499,0.967113479,0.944628732,0.859506649,0.916060337,1.018008519,1.051252116,0.936008079,0.984494296,0.964040874
173,1.162207278,0.99525867,1.048040513,0.952034034,1.120518935,1.077005556,0.930299698,1.033442195,1.098594981,1.054771528,1.007827343,0.992738315,0.974219194,0.925078268,0.990344164,0.878306336,0.956829603,0.973718536,0.951582036,0.879606131,0.913457557,0.975749652,1.064152706,0.950927286,0.987117885,0.99172164
174,1.165593552,0.982181776,1.08312423,0.990215368,1.093400154,1.074503688,0.921569975,1.033703462,1.099650776,1.054017949,0.988524964,1.005941378,1.007382169,0.915740041,0.933731319,0.895837605,0.937094564,0.985152499,0.960193927,0.856562786,0.916237799,0.998355194,1.06281011,0.96800404,0.975739174,0.974776872
175,1.159393332,0.980767025,1.077010813,0.978994948,1.091500626,1.060272281,0.926450371,1.034030046,1.0948997,1.053641159,0.997796185,1.026670187,0.989778535,0.931501673,1.006089988,0.912497437,0.942074006,1.019482141,0.955154376,0.859709674,0.932386868,0.940196533,1.074543226,0.947576203,0.965067948,0.986418316
176,1.16139648,0.968875464,1.07733017,0.97053975,1.100715354,1.055690938,0.923288425,1.028412802,1.126167465,1.043878879,0.997796185,1.022247161,1.01362862,0.923135053,0.976040707,0.851753127,0.951256281,1.002275692,0.957897423,0.865800426,0.911032239,1.039433174,1.099994163,0.963367609,0.961648439,0.941728108
177,1.16258883,0.977363974,1.05903554,0.94969423,1.102331973,1.046430776,0.937585922,1.048791639,1.110939657,1.034287867,0.99810016,0.97379192,0.971947757,0.924970312,1.003806242,0.902501538,0.97391503,1.013792912,0.991707068,0.857780936,0.904998521,1.015478048,1.064794816,0.98723834,0.937564484,0.988746605
178,1.150426861,0.983290636,1.065605183,0.939218293,1.099219981,1.049127595,0.944597195,1.05793599,1.117599285,1.027985202,0.984193328,0.984090309,0.999204997,0.900518191,1.016066349,0.916290753,0.955687529,0.98978714,0.960704261,0.859709674,0.891274771,1.011513643,1.072733641,0.963780757,0.956076998,0.961195188
179,1.144846664,0.980193477,1.063734659,0.936506248,1.090288162,1.050817169,0.946109431,1.044611365,1.127101438,1.030040419,0.997416217,1.012410879,0.989437819,0.869318795,1.024319885,0.895786344,0.943490178,1.006938085,0.969507527,0.891178561,0.919964508,1.04592805,1.097775962,0.940139552,0.969696076,0.992109688
180,1.14360662,0.951821971,1.050640996,0.921137995,1.062158994,1.035156123,0.919507836,1.075702155,1.103021197,1.045728574,1.002279808,0.97702667,0.989437819,0.885944079,0.984614768,0.885329096,0.928049338,0.989454112,0.941311559,0.869048828,0.880035492,1.047319809,1.084116514,0.952166728,0.977478407,0.96287673
181,1.121905852,0.959469277,1.055522606,0.938739697,1.069595441,1.022776749,0.927618917,1.035597649,1.102209047,1.043673358,0.983737366,1.012146818,1.04088586,0.871100076,1.026443367,0.871232315,0.926404751,0.984014653,0.958343965,0.867729165,0.88577344,0.995866897,1.0757107,0.973971722,0.956961354,0.965269693
182,1.126722946,0.970634344,1.05378895,0.937569795,1.068746716,1.131884199,0.921707451,1.034487263,1.091326241,1.039597178,0.997720192,0.976168471,0.997728563,0.873852963,0.964221323,0.904398196,0.96697122,0.983542863,0.945139066,0.840929855,0.912806862,1.015688921,1.025917927,0.952717591,0.966188132,0.977751908
183,1.131396957,0.973349138,1.040056572,0.923584153,1.067534252,1.17152419,0.925831729,1.050032658,1.094371802,1.039665685,1.005927502,1.019276472,1.033162976,0.900140343,1.009375376,0.878716424,0.968433074,0.97341326,0.958662924,0.868135215,0.910973085,1.025262536,1.023174362,0.949320602,0.999469387,0.961971284
184,1.142080412,0.971054946,1.030475843,0.923318266,1.050236431,1.072781623,0.929474842,1.041149575,1.089701941,1.031102281,0.993920511,0.993134407,1.00431573,0.897009608,0.982371089,0.908806643,0.972864322,0.993339439,0.951582036,0.857476398,0.906654836,1.033106997,1.03052945,0.992012486,1.008283465,0.960742465
185,1.153574665,0.974878599,1.027829737,0.915394842,1.063048135,1.03346655,0.91091559,1.048922273,1.108828068,1.035760773,0.98024166,0.989503565,1.013515048,0.853071359,1.012179975,0.901578839,0.959296482,0.95798296,0.976715999,0.854431022,0.911268855,1.045337607,1.098885062,0.983382299,0.980278867,0.970378994
186,1.16783517,0.969219592,1.041014645,0.970592927,1.070929152,0.946843422,0.927275227,1.04389288,1.097011289,1.055011304,1.004711604,0.989833641,1.014764338,0.868940948,1.008053207,0.888814845,0.947418913,0.965920129,0.962618015,0.861435387,0.902987282,1.018725486,1.079271496,0.966626882,0.952097397,0.948842323
187,1.143177374,0.955645624,1.048952963,0.972454135,1.065998464,0.905903759,0.91971405,1.05610712,1.091204418,1.041755155,1.002127821,0.998151571,1.053605906,0.872233618,0.997956649,0.907832684,0.93750571,0.980379097,0.964914519,0.869759415,0.904761905,0.992703808,1.097017103,0.946382666,1.000854877,0.974518174
188,1.138407974,0.960119298,1.036315525,0.965913321,1.046194883,0.898723072,0.938479516,1.044480732,1.082555023,1.028807289,0.990348811,0.990823871,1.084043157,0.888696966,0.985376017,0.908396555,0.974737323,0.986484611,0.95745088,0.866815552,0.900325348,1.024165999,1.074017862,0.942618436,0.933997583,0.951623335
189,1.135832499,0.96505181,1.026552306,0.966498272,1.042112921,0.900087728,0.941572725,1.049771391,1.089336474,1.028670275,0.999012083,0.984684447,1.049971607,0.876875742,0.966264674,0.929464835,0.949931476,0.953681348,0.952028579,0.866612527,0.893226856,0.994475138,1.070281945,0.969610723,0.953158624,0.971349114
190,1.116325655,0.962719382,1.016560974,0.939058761,1.045144081,0.885953797,0.92988727,1.04350098,1.086818809,1.04113859,0.996808268,0.999537893,1.09346962,0.862355608,0.973917224,0.878921468,0.967656464,1.016512641,0.964467977,0.873921429,0.89719018,1.030365653,1.054054054,0.980536173,0.985585001,0.987388436
191,1.103782134,0.941153979,1.012363703,0.927944696,1.029543709,0.901549859,0.922738521,1.009079033,1.07613904,1.032643694,1.003951668,1.001254291,1.104940375,0.857875418,0.978204255,0.921570638,0.965646414,1.028140871,0.954388875,0.865394376,0.898846495,1.011471469,1.047632946,1.002478884,0.94923798,0.981309016
192,1.095244909,0.952624938,1.029791505,0.947460782,1.023602635,0.926503558,0.9234259,1.034944481,1.092747503,1.033088991,1.000151987,0.968774756,1.116297558,0.897117565,1.004287031,0.900246053,0.960255825,0.994449532,0.945904567,0.883666633,0.876013014,1.063219603,1.095149145,0.963138083,0.980131474,0.983119907
193,1.091620165,0.948686575,1.023997445,0.958096251,1.035080629,0.912759528,0.919301622,1.02540823,1.085397547,1.023943276,1.004179649,1.01353314,1.11947757,0.890424269,0.938779599,0.919212631,0.902923709,0.969167152,0.936590967,0.872906304,0.879798876,1.020960736,1.028719865,0.986320235,0.950741385,0.9639762
194,1.078361234,0.943601117,1.052739632,0.991970221,1.01240755,0.910290152,0.936211163,1.034225996,1.096199139,1.021202987,1.004787598,0.994322683,1.115843271,0.886052035,0.968668617,0.883278655,0.947967108,0.971970138,0.937739219,0.865495889,0.909257616,1.031251318,1.045064503,0.959557473,0.975444389,0.987000388
195,1.079219726,0.947883608,1.057347507,1.001063547,0.995433052,0.931312344,0.929612318,1.031025474,1.114797369,1.041207097,0.995288396,0.999933985,1.119023282,0.879088848,0.971272888,0.896503998,0.943581544,0.924041851,0.952538913,0.889249822,0.892043774,1.016237189,1.020839414,0.998301506,0.98540813,0.986288966
196,1.089283159,0.940006883,1.047310552,0.988566871,1.003435315,0.953244306,0.916689579,1.01299804,1.102533907,1.020928958,0.999316057,0.991418009,1.13310619,0.909532549,0.963820666,0.91916137,0.931521243,0.936197375,0.960959428,0.877372856,0.897249335,1.009404918,1.090479248,1.012991186,0.987884326,0.959772345
197,1.098535794,0.944939395,1.047584288,0.954427014,1.008648911,0.956201059,0.911602969,1.027171783,1.106838301,1.038261287,0.974238164,0.99590705,1.115729699,0.897927237,0.908770383,0.897375436,0.941936958,0.980434602,0.963574892,0.864785301,0.88938184,1.067563578,1.09287257,0.953452075,0.988886596,0.946837408
198,1.115944103,0.943180515,1.027784114,0.945599575,0.995796791,0.96724827,0.91394006,1.043762247,1.132948916,1.015174351,0.992552626,0.995312913,1.125156161,0.885080428,0.965984214,0.890455198,0.941251713,0.934060445,0.945458025,0.861232362,0.896125407,1.049133314,1.064269453,0.935503122,0.981369572,0.976652438
199,1.12295512,0.941039269,1.039007254,0.955277852,0.990623611,0.923579296,0.915727248,1.053102547,1.132299196,1.031855861,0.971350407,0.982968049,1.136286201,0.877469502,0.947874514,0.900912446,0.915029694,0.943301973,0.966317938,0.861638412,0.882934043,1.013200624,1.07728679,0.955288285,0.978628069,0.984284051
200,1.133113941,0.959698696,1.027556002,0.957936719,0.97340662,0.935568769,0.905897718,1.061463096,1.119548445,1.026957594,0.960027358,0.993464484,1.130607609,0.874284789,0.900196322,0.917315973,0.927089995,0.986429107,0.942714978,0.883463608,0.8873706,0.994686011,1.060358415,0.975578406,0.959850249,0.960613116
