frame,WT_MC,WT_MC,WT_MC,WT_MC,WT_MC,WT_MC,WT_MC,WT_MC,WT_MC,WT_MC,WT_MC,WT_MC,WT_MC,WT_MC,WT_MC,WT_MC,WT_MC,WT_MC,NOS11_MC,NOS11_MC,NOS11_MC,NOS11_MC,NOS11_MC,NOS11_MC,NOS11_MC,NOS11_MC,NOS11_MC,NOS11_MC,NOS11_MC,NOS11_MC,NOS11_MC,NOS11_MC
1,1.00282644,2.222771483,0.978411016,1.053848451,0.333057891,0.971202391,1.049092898,1.731121155,0.991151494,0.307146291,1.024287647,1.575652906,0.979109572,1.91202125,0.989038484,1.287197035,0.999328039,1.612128059,0.758757214,1.01722241,0.999151262,1.060606981,0.971630025,1.856414776,0.826381522,1.301105859,1.015174126,1.012972062,1.035714863,0.465562759,0.999574999,1.003120444
2,0.994487043,2.218983725,0.986242452,1.055029793,0.334632771,0.966557615,1.040067463,1.683359056,0.987113249,0.310519148,1.021370551,1.537278854,0.974009938,1.851394522,0.968763652,1.282149986,1.012950519,1.618729055,0.762425625,1.028323178,0.979558369,1.046439378,0.962324674,2.330778663,0.827538818,1.317982503,1.027112484,1.00344181,1.035132556,0.454705928,0.989045941,0.994127025
3,0.993787429,2.22299618,0.982964177,1.058989238,0.337520051,0.95003837,1.057419394,1.604977401,0.994774036,0.316463708,1.017293063,1.480960404,0.970847764,1.846728167,0.94549029,1.243512974,0.990348198,1.617827765,0.762984834,1.049593771,0.978565777,1.043271907,0.954078468,2.477391171,0.825344778,1.336998139,1.025767941,1.009399701,1.02198211,0.436460205,0.989484652,0.991497132
4,1.018945542,2.203158604,0.98279606,1.05726266,0.340835075,0.94131427,1.07762786,1.537289163,0.999465526,0.317425092,1.021402785,1.429823083,0.963961251,1.797516063,0.921303467,1.213715426,1.032376298,1.590801767,0.767704559,1.074320131,0.959361289,1.05098313,0.945438865,2.634503372,0.824862571,1.326870013,1.034928562,0.996807425,1.012923993,0.445051941,0.990554009,0.995598676
5,1.02034477,2.186948287,0.999887922,1.061637523,0.342254411,0.953511854,1.041161455,1.480184103,0.987172635,0.317240827,1.020790356,1.376242628,0.958118757,1.75727772,0.889729537,1.212403764,1.016127062,1.55268102,0.767055876,1.079045362,0.938804575,1.052096299,0.940067483,2.769504905,0.820016395,1.299865244,1.053397556,0.987728168,1.001568995,0.423197688,0.998066931,0.990625043
6,1.001427212,2.189548358,0.984687373,1.068504888,0.339542118,0.950361485,1.025070654,1.416850402,1.002375438,0.312682262,1.009814982,1.342249368,0.961993676,1.714742094,0.896739346,1.19546621,1.001405009,1.530085305,0.77369928,1.064432408,0.925253542,1.062185656,0.933561302,2.921252299,0.811023242,1.269373917,1.063947046,1.002646633,0.995098911,0.391689448,1.000836292,0.992205704
7,1.008367381,2.175841813,0.987307191,1.056613571,0.337947796,0.932509391,1.012216246,1.357512953,0.999049825,0.309734017,1.006398271,1.295577085,0.95854038,1.676334398,0.880217642,1.179726262,1.004886988,1.500393521,0.776517693,1.042583503,0.931079623,1.064715585,0.928553056,3.045064378,0.822716752,1.256261898,1.079756505,0.998658881,0.989405238,0.367663829,0.997943543,0.981631624
8,0.99280797,2.171957757,0.986018297,1.052264673,0.341807223,0.933357567,1.030935667,1.331578657,1.008373419,0.307803237,1.022853275,1.24915754,0.963158159,1.639183029,0.873724135,1.166295979,1.010995724,1.471628415,0.764640093,1.034515346,0.925526865,1.070746936,0.921456779,3.136725935,0.819148423,1.264144082,1.072221155,1.013790975,0.988580302,0.355838475,1.003427428,0.991551637
9,1.013348632,2.153596764,0.998809173,1.044228947,0.378019735,0.94563593,1.077612666,1.29012788,1.004335174,0.307442718,1.030299123,1.227927548,0.966009135,1.623963531,0.8693157,1.170202452,1.000610874,1.472351985,0.770455867,1.037082487,0.936128893,1.067862817,0.944137628,3.168263335,0.812180538,1.24297876,1.067419217,1.019547105,1.014460638,0.350199172,1.004208881,0.994290542
10,0.999664185,2.142747087,0.994059877,1.048551882,0.45111554,0.941152712,1.046114808,1.267831551,1.014430786,0.305183464,1.05571493,1.208972199,0.961562014,1.647797839,0.85620954,1.167807243,0.990714722,1.463415253,0.770925603,1.046293162,0.944846436,1.069360535,0.952913407,3.14097946,0.8130244,1.221364249,1.073846427,1.028875596,1.052682659,0.344122471,1.010008089,0.995326148
11,0.996501931,2.112669727,0.983692683,1.054458595,0.563738881,0.940142978,1.03395934,1.24765737,0.999109211,0.302267265,1.053539195,1.183361415,0.970215329,1.683333932,0.842408356,1.223153693,0.979230299,1.453247182,0.765847985,1.02764613,0.958972884,1.067741381,0.941368719,3.116224709,0.808057672,1.205674745,1.071290318,1.033278739,1.057874901,0.337873936,1.003687912,0.984002616
12,0.984356635,2.11324752,0.969977164,1.042190806,0.686365625,0.937800396,1.011532501,1.222522324,0.987766494,0.302747957,1.023481821,1.177759056,0.979029263,1.713019132,0.84574447,1.713173653,1.020952963,1.440476795,0.758108531,1.024881517,0.970107171,1.053189229,0.930096382,3.082196505,0.811529559,1.201364677,1.08582911,1.032258065,1.051243065,0.336749199,1.002166134,0.98693229
13,0.965998769,2.113536417,0.965438013,1.042632187,0.819540174,0.936629105,1.00571307,1.198241649,0.986756933,0.303444961,1.020339092,1.142333614,0.974019977,1.657776661,0.838079352,2.090191046,1.01270617,1.414136285,0.760747998,1.002383773,0.984679566,1.071758908,0.912000121,2.999156959,0.807792458,1.19807063,1.0813079,1.035474376,1.035326658,0.340342107,1.00519598,0.981250085
14,0.956092237,2.120951433,0.982417798,1.035453259,0.962630632,0.931822772,0.996095056,1.171645905,1.004453946,0.303068419,1.006011474,1.12358888,0.983677157,1.619225385,0.830990111,2.229854577,1.010568112,1.4022418,0.766496667,0.971352404,1.003035316,1.056306101,0.926071629,2.949149295,0.81087858,1.18894783,1.096422925,1.022229343,1.020364589,0.340201515,1.002166134,1.000095385
15,0.941792131,2.117805669,0.983748721,1.022640236,1.090856948,0.899834404,1.047056857,1.151830008,0.99720886,0.303108476,1.019484914,1.108972199,0.983667118,1.596396138,0.832697883,2.154918734,0.998045205,1.384012897,0.760882208,0.92993963,1.002359203,1.067012761,0.929294458,2.873313918,0.804634005,1.175333148,1.103367267,1.02863823,1.003429144,0.339967195,1.013819388,0.996838677
16,0.923518218,2.119956344,0.997128007,1.01801872,1.197696009,0.883153601,1.061005257,1.149156653,0.995783598,0.30328473,1.005930892,1.117607414,0.979129649,1.587242902,0.830692244,2.019389792,1.004581552,1.370061948,0.768241399,0.895297337,1.00878947,1.075523442,0.926207804,2.741186389,0.801644324,1.155419135,1.10357412,1.034667331,0.992494703,0.337858314,1.01137906,0.995653181
17,0.933648626,2.137579045,0.990683534,1.009684413,1.264579789,0.894947292,1.076321147,1.131132179,1.01187719,0.304438391,1.001128158,1.096293176,0.994528936,1.58609426,0.816076889,1.897120046,0.996884545,1.355197014,0.76003221,0.865239224,1.012745451,1.06596031,0.914027629,2.509158492,0.800535249,1.157247973,1.096836631,1.015405065,0.98500558,0.341451222,1.012503256,0.99471296
18,0.934879946,2.149809007,0.992448759,1.017239813,1.314791231,0.911628095,1.092108062,1.115147172,1.042817269,0.300128185,1.004432052,1.081255265,0.983968278,1.634085933,0.831625561,1.789791845,0.990714722,1.344597339,0.761754574,0.885353193,1.014572394,1.048766913,0.90526698,2.276325874,0.80863632,1.143323137,1.114448664,1.016235847,0.976384194,0.341388737,1.018247625,0.991429
19,0.926092797,2.136198761,1.038694854,1.021043476,1.331687163,0.905125409,1.090755766,1.111288722,1.019122276,0.302820061,0.991812789,1.063016007,0.976780605,1.693528124,0.82763414,1.695038494,1.038912645,1.352378897,0.751398023,0.91572162,1.02879954,1.007437991,0.904192704,2.099478847,0.804513454,1.135601378,1.125456184,1.020306677,0.965465927,0.333406233,1.021579084,0.988226798
20,0.923993955,2.093634642,1.03638325,1.027845932,1.336042386,0.911022255,1.081684748,1.112914783,1.051071916,0.301482134,1.005012248,1.059646167,0.962144255,1.767687282,0.866356885,1.615625891,1.016127062,1.352074236,0.747528296,0.960308057,1.043400705,0.985953834,0.897247734,1.940910484,0.794387115,1.129269962,1.118157238,1.003880937,0.963169047,0.327704444,1.014422616,0.991769659
21,0.929394974,2.08320226,1.041819023,1.025846737,1.334059204,0.91316289,1.0930805,1.122009701,1.044955164,0.305880468,1.015085095,1.056823926,0.946403654,1.829534441,0.915445411,1.535101226,1.026511912,1.34898954,0.745246723,0.978066464,1.053556786,1.005758119,0.895462317,1.7972103,0.795568522,1.119719364,1.102924011,0.987372119,0.957847403,0.325454971,1.00049355,0.991878671
22,0.930794202,2.009854589,1.021280769,1.025755865,1.31754241,0.894583788,1.078114079,1.122175063,1.015499733,0.337974684,1.011152655,1.03652064,0.919279225,1.79464446,0.91445252,1.486398631,1.024984728,1.353597542,0.748758556,0.983341796,1.031000503,1.020553144,0.900046905,1.671290619,0.814012923,1.109601934,1.116103485,0.992131311,0.949306892,0.328454269,1.000520969,0.991660648
23,0.936111267,1.864443232,1.014387985,1.030987525,1.300597871,0.892806656,1.071413377,1.118978062,1.00748263,0.459701971,1.014440433,1.010825611,0.901350198,1.798664704,0.943782517,1.450128315,1.012828345,1.31906926,0.74965329,0.981381178,1.029619507,1.023872411,0.899305503,1.544144697,0.795496191,1.125847575,1.085356304,1.007904294,0.945861573,0.325517457,1.003729041,1.001021979
24,0.931885599,1.73896575,1.006304375,1.034219989,1.271102902,0.88133608,1.066323275,1.104426193,1.021082012,0.614460824,1.030347473,1.003664701,0.894473724,1.77009225,0.951904365,1.40402053,1.023457544,1.295292983,0.750257236,0.98575378,1.029130404,1.018104172,0.89922985,1.611549663,0.794146012,1.121879746,1.084410691,1.010289824,0.938550378,0.321596501,1.007650019,0.999209669
25,0.916885879,1.609957307,0.996147326,1.033480028,1.256015166,0.879760895,1.040690431,1.092933524,1.013896312,0.775140202,1.029847859,1.004170177,0.889805752,1.726802829,0.950534175,1.361961791,1.016799023,1.271516706,0.738625688,1.003455766,1.02487233,1.004128844,0.933591563,1.517665543,0.788046099,1.109409424,1.078899543,1.006100311,0.934959481,0.321268453,1.009048409,1.011160015
26,0.95057928,1.505184091,0.982417798,1.035583077,1.251241919,0.869582778,1.0123378,1.084444934,1.008432805,0.913980131,1.045948298,1.001979781,0.89026753,1.709250153,0.938639342,1.319275734,1.02400733,1.246483701,0.747550664,1.011114872,1.021419837,0.996832529,0.935664463,1.614921827,0.786237824,1.104660863,1.086804273,1.008011109,0.93452275,0.317706787,1.014367777,1.007330999
27,0.955672469,1.418001477,0.98330041,1.02739157,1.23429738,0.863443596,0.976934999,1.072842024,1.027436309,1.017160711,1.033022821,1.006823926,0.888350148,1.615241035,0.943008062,1.291787853,1.006414172,1.234690769,0.847559612,1.021214173,1.013061929,0.995769959,0.929143151,1.579935622,0.783103482,1.099602148,1.09908246,1.007655059,0.935978519,0.315910334,1.015066972,1.001226375
28,0.944590586,1.325329824,0.991285952,1.030844725,1.220745637,0.861868411,0.962713101,1.086815125,0.994774036,1.099198846,1.0240459,1.005181129,0.89413241,1.528985247,0.930100481,1.257085828,1.028649969,1.212018889,0.863195097,1.022737531,1.011983025,1.019763806,0.919989106,1.596758124,0.775436397,1.104703643,1.088902351,1.014965938,0.924251492,0.31598844,0.998012092,1.00313407
29,0.943359266,1.259621866,0.992784992,1.020991549,1.21083945,0.865180338,0.960601088,1.068790652,1.015084031,1.15771511,1.011668386,0.983698399,0.873151634,1.432176316,0.923785694,1.234587967,1.020219914,1.18712552,0.847939874,1.032004626,1.021017047,1.018013095,0.906946483,1.478579093,0.783561578,1.100778593,1.08318435,1.010895108,0.920838523,0.315972819,1.007677438,1.003120444
30,0.939357475,1.188232273,1.004286975,1.024496631,1.201292957,0.865947736,0.966298964,1.065483409,0.983787636,1.187678257,1.044320525,0.98399326,0.87778949,1.348289601,0.913280909,1.214485315,1.030665852,1.186566975,0.843376728,1.0461239,1.031129972,1.030541304,0.89945681,1.362086143,0.787997878,1.103420248,1.076831016,1.004023357,0.925674911,0.319222057,1.001384681,1.001158243
31,0.964263726,1.159085802,0.999341543,1.0296504,1.189549409,0.864332162,0.937186617,1.055093154,0.991567195,1.19765262,1.033844764,0.986436394,0.875490639,1.297498116,0.92710195,1.185828343,1.025656689,1.184586676,0.830604393,1.074066238,1.036596418,1.015432567,0.901408664,1.260269773,0.791517986,1.093623666,1.078352861,1.006931093,0.917975511,0.322361946,0.996270959,0.992846144
32,0.967006213,1.099765673,1.003712576,1.030714907,1.178039178,0.869744335,1.001428268,1.039907397,0.997921492,1.19520109,1.030573105,0.983445661,0.865773227,1.25076277,0.87950276,1.171913316,1.025717776,1.190832233,0.806670246,1.084348905,1.039315256,1.017800581,0.902498071,1.194320969,0.791638538,1.083773609,1.069339992,1.010349166,0.916050661,0.319300164,0.990499171,1.00181231
33,0.939469413,1.096716207,0.995586937,1.021562747,1.175472707,0.868573044,1.070182636,1.041340536,0.98622246,1.192557282,1.033619133,0.984288121,0.887727752,1.198930328,0.905417213,1.136698033,0.988821014,1.167627196,0.845456986,1.068410065,1.046723729,1.013449103,0.896370156,1.145003066,0.792602951,1.07570961,1.06916269,1.004201381,0.913349401,0.317644302,0.988360456,0.995666807
34,0.925169307,1.084710943,0.991874361,1.01997897,1.164954066,0.859727776,1.071398183,1.024611399,0.99501158,1.182038135,1.038969829,0.990943555,0.886452843,1.190961628,0.877655983,1.132477901,1.045998778,1.173618869,0.939560685,1.050863236,1.057944329,1.017446391,0.901514578,1.098789086,0.795857846,1.074233706,1.067832922,0.998207885,0.911877457,0.314738733,0.987839487,0.992287462
35,0.937510494,1.064744968,0.997324143,1.008905506,1.153764643,0.865866957,1.043440605,1.019209569,0.999465526,1.174363083,1.037180892,1.010362258,0.89160267,1.151836031,0.865781008,1.122754491,1.047464875,1.171930537,0.955665906,1.030382532,1.03684097,1.020634101,0.903088166,1.102276211,0.791614428,1.065602875,1.057859665,1.010978186,0.908448312,0.318175428,0.989265297,1.003992533
36,0.938657861,1.044971592,0.989086426,0.996689644,1.15157731,0.894826124,1.021059349,1.012953368,0.975651761,1.158051594,1.056456291,1.020556024,0.896812729,1.1129617,0.858135748,1.104818934,1.029077581,1.169734437,0.94564488,1.026348454,1.036222398,1.019308419,0.902679639,1.067519926,0.809673064,1.053346452,1.060445324,1.019155451,0.908593889,0.319050223,0.985248351,1.002929674
37,0.93527173,1.029050172,0.972078622,0.98452571,1.135517426,0.92006947,1.007232504,1.010500496,0.995902369,1.142917802,1.032684373,1.014279697,0.901440546,1.092860476,0.862365463,1.103735386,1.013133781,1.144802986,0.94946987,1.029733694,1.012227577,1.024074805,0.902437548,1.029659718,0.811047353,1.039635516,1.053456657,1.01972513,0.909014444,0.317894244,1.007787116,1.00362462
38,0.953013936,1.019901775,0.975623082,0.985979671,1.13843387,0.947695787,0.981022275,1.003031639,0.981412198,1.145737863,1.025157941,1.029949452,0.904171059,1.083743135,0.882123992,1.075705731,1.022113622,1.132502285,1.022905203,0.994611826,1.002416745,1.025946952,0.899169327,0.997164316,0.818690327,1.047464225,1.049585556,1.030584633,0.908011581,0.31867531,0.998395964,1.006131876
39,0.960961549,1.022277148,0.964065061,0.987745193,1.127438876,0.948826689,0.991779864,1.002948958,1.01876596,1.111881109,1.019307632,1.025695029,0.91158962,1.060052407,0.945549863,1.076161962,1.034331093,1.158804712,1.137766743,0.979096141,0.99738186,1.017547588,0.89994099,0.985936542,0.809094416,1.039378837,1.054771649,1.030620238,0.934684503,0.318847145,0.999766935,1.000517803
40,0.948956176,1.007511315,0.973941915,0.986330179,1.118835367,0.953431076,1.010256176,0.987019072,1.01377754,1.109341452,1.026286101,1.033487784,0.924790443,1.044043218,0.956570952,1.051554035,1.007452657,1.198004468,1.154006174,0.947796773,0.997396245,1.022587207,0.904011136,0.964362354,0.805405536,1.029432526,1.033835197,1.021054381,0.954531485,0.317441225,1.009418571,0.989071634
41,0.951754631,0.995217154,0.97069166,0.99295089,1.110960968,0.950846157,0.980065032,0.977235145,1.031890255,1.089560968,1.018953068,1.034582982,0.939717914,1.025629061,0.944894555,1.049044768,1.007330483,1.157954199,1.148615398,0.962931618,0.996691362,1.019794165,0.904737408,0.9531729,0.810468705,1.017496952,1.014272839,1.012746564,0.980767675,0.320627978,1.011433899,0.992232957
42,0.978787709,0.99733573,0.971616301,0.994275032,1.104739221,0.960579991,0.957896496,0.986826149,1.038244551,1.078841532,1.040629834,1.044860994,0.941815992,0.992497936,0.936514556,1.042743085,1.017409896,1.153231949,1.119804948,0.975442902,0.984679566,1.017041602,0.905826815,0.94508737,0.819365416,1.009657547,1.008983319,1.0122837,0.968134837,0.323127392,1.001165325,0.99373186
43,0.989841607,0.997046833,0.978607153,0.999376874,1.088844602,0.952865625,0.948734312,0.989030978,1.02565473,1.072039737,1.044256059,1.037826453,0.949977413,1.001292222,0.918682235,1.035186769,1.011240073,1.143889002,1.105735248,0.988800497,0.994274617,1.00428064,0.901075789,0.965320356,0.827611149,0.99751877,1.011007521,1.008972442,0.971612507,0.323627275,1.006772597,0.99373186
44,0.97277103,1.030911951,1.001288894,0.993132635,1.061925825,0.978957147,0.991248063,0.988066365,1.007126314,1.060487101,1.03789002,1.034288121,0.950770466,0.995190064,0.917331904,1.040804106,1.017348809,1.12809739,1.107189192,0.988842812,0.974955046,1.0056974,0.902437548,0.974593807,0.820522712,1.005422344,1.014243288,1.009281018,0.974459344,0.328079356,1.004044365,0.992301089
45,0.985336094,1.023368536,0.992981129,1.00036349,1.054722209,0.987963973,1.000820494,0.997271525,1.012055348,1.046058324,1.040371969,1.002695872,0.960096371,0.993323522,0.907025696,1.037838608,1.000061087,1.113118209,1.085670827,0.973975965,0.967417104,1.008935709,0.90155997,1.005058246,0.828840775,1.004117559,1.026624902,1.007702533,0.967908384,0.335577599,1.000795163,1.001798684
46,0.971567695,1.012454659,0.992000448,0.996144409,1.037651291,0.973504584,0.990123682,0.992834307,1.031533939,1.045473482,1.030444171,1.018449874,0.97013502,0.991780035,0.89824854,1.030111206,1.00207697,1.098926069,1.079005055,0.990761115,0.968596706,1.012265096,0.889591624,0.993523912,0.828888996,0.992855768,1.026772654,0.998979325,0.967406952,0.50513161,1.002604845,0.9990189
47,0.967230089,1.002503772,0.995348772,1.002557412,1.025130025,0.975847167,0.971692953,0.988286848,1.01407447,1.02669444,1.031266116,1.003285594,0.977272499,0.994005528,0.880336789,1.018819504,0.999266952,1.071125724,1.068916924,1.017645565,0.963820758,1.012963357,0.893132197,1.006016248,0.844174945,0.99232102,1.031323414,0.997982387,0.964479239,0.651144263,0.997573381,0.991115593
48,0.997397437,0.9999679,0.985233752,0.999545637,1.01583629,0.978957147,1.024888322,0.990932642,1.00249421,1.011288255,1.037906137,0.994566133,0.981860162,0.994902904,0.930974225,1.026404334,1.010079414,1.045204123,1.074106384,1.027025502,0.961245774,1.010008399,0.939295819,1.006284488,0.854180731,1.006192381,1.015321878,0.994754207,0.958866441,0.768210576,0.996860476,0.99701582
49,1.005037219,0.990626906,0.987475308,1.003089665,1.002556749,0.995516782,1.021044155,1.003224562,0.992101669,0.997908989,1.028091155,0.977590564,1,0.998205248,0.968346638,1.01237525,1.010262676,1.024449071,1.030085447,1.012356127,0.976278501,0.999929162,0.989151322,0.995631514,0.885258945,1.003828795,0.997709845,0.99010183,0.98534526,0.902288526,1.000260485,0.994426806
50,1,1,1,1,1,1,1,1,1,1,1,1,1,1,1,1,1,1,1,1,1,1,1,1,1,1,1,1,1,1,1,1
51,0.996194101,1.035502199,0.9969739,1.010722956,0.987294026,1.000848176,0.980080226,1.005208908,1.002375438,0.984681942,1.007526431,0.988037068,0.993073332,1.013640116,1.064220183,0.99358426,1.027306048,0.968175586,0.985997405,0.980238659,1.019377113,1.006193266,1.030125131,1.011687615,1.056876266,1.014363329,1.001654822,1.007868689,1.006373033,1.083386706,1.012160513,1.001880442
52,1.003637992,1.0353738,0.992756973,1.00203814,0.970339766,0.994224322,0.970371046,0.996058869,0.991567195,0.969307803,1.037583805,0.986310025,0.987632385,1.015040023,1.062532269,0.991844882,1.018875993,0.949642023,0.975707959,0.967473482,1.029590736,1.0149873,1.041563904,1.009196812,1.047810782,1.030748005,0.989095906,1.006503833,1.004383482,1.170178864,1.010926639,1.004251434
53,1.015699334,1.033383623,0.976631782,1.009762303,0.967053906,1.015347954,0.958625824,1.002673355,0.980996496,0.962129466,1.030041258,0.986647009,0.996255584,1.039053807,1.026927201,0.990419162,1.025045816,0.9446405,0.993200018,0.954299255,1.04002014,0.946082152,1.036525397,1.008966891,1.033947343,1.049111249,0.989155007,1.00568492,1.006114229,1.218854956,1.006841146,1.002330113
54,0.985867801,1.03184284,1.140545538,1.244524932,0.982715209,1.02249687,0.945194032,1.000303164,0.965734307,0.95463868,1.142921608,1.013816344,0.996867942,1.05893966,1.012172842,1.002480753,1.007574832,0.958794557,1.061356417,1.04907188,1.040437316,1.036764929,1.074291507,1.033568363,1.058491658,1.06561357,0.976123284,1.066047141,1.055335393,1.262766539,0.968659602,0.966778857
55,0.977248559,1.035791096,1.258899675,1.421557555,0.999640305,1.009451109,0.937520892,0.996582516,0.982124829,0.971358757,1.240716864,1.056655434,1.023339858,1.055457841,1.10474999,1.008269176,1.028283445,0.992548492,1.069252449,1.156637892,1.155103215,1.149215216,1.109303839,1.049816064,1.04913685,1.249898398,1.087897637,1.152911296,1.097876195,1.37258455,0.94882165,0.943109815
56,0.954972855,1.045966681,1.391459673,1.554374213,1.015214116,1.103154408,0.927857295,1.009673685,0.956648257,0.987598141,1.290001288,1.075273799,1.039110576,1.031372267,1.116525676,1.002081551,1.004642639,1.034401341,1.054668277,1.248293275,1.279666259,1.225689912,1.14153213,1.083882587,1.054417012,1.396205429,1.195549711,1.234256688,1.132442618,1.48202765,0.943022443,0.926417485
57,0.943499188,1.036047893,1.474004959,1.651101505,1.035230642,1.535158932,0.935925487,1.00617352,0.953322644,1.000320461,1.318189143,1.098946925,1.053867389,1.028464769,1.240795901,0.994838894,1.009651802,1.055918046,1.031763074,1.315730084,1.379011724,1.29385632,1.200269326,1.115879828,1.055501977,1.491529593,1.278512433,1.28920696,1.15533054,1.588721393,0.942720829,0.91677
58,0.933452734,1.045003691,1.538561761,1.719969882,1.040567734,2.200411971,0.949949859,1.005015985,0.973038779,1.004182022,1.368069881,1.102064027,1.060934598,1.01274274,1.237281068,0.997433704,1.004337202,1.064778613,1.03263544,1.346027985,1.456045458,1.331370108,1.223691577,1.153663397,1.056514611,1.578126671,1.317873554,1.329203162,1.176067159,1.661969851,0.958733771,0.907722076
59,0.9246376,1.041215934,1.571120357,1.7423375,1.053225101,2.932226665,0.95563254,1.011740712,0.998337193,0.994143567,1.392986074,1.104338669,1.07882347,1.028464769,1.316553477,0.989364129,1.010690287,1.086701533,1.05708406,1.400008463,1.514493275,1.369278565,1.23534218,1.163243409,1.061529559,1.621858356,1.375171762,1.364262147,1.19193504,1.697977037,0.955347473,0.916293076
60,0.928723345,1.04952974,1.551842978,1.778556685,1.067117095,3.598327881,1.009390099,1.019016646,1.049824811,0.982815254,1.421399561,1.121019377,1.100617377,1.014752863,1.28803765,0.981921871,0.986988393,1.096069869,1.092940545,1.443353645,1.551880889,1.387898843,1.280144044,1.165274372,1.061674221,1.653248059,1.426722418,1.385340264,1.238843149,1.718940873,0.949575684,0.925054846
61,0.919544411,1.03893686,1.560739153,1.790383093,1.07076265,4.147825033,1.007506002,1.013394334,1.030108676,0.986188111,1.447169932,1.128306655,1.11768308,1.014824653,1.277115851,0.978671229,1.001099572,1.099357672,1.109828658,1.514697585,1.588319068,1.402592671,1.329409451,1.176118945,1.063530717,1.684755406,1.465477756,1.394419521,1.253368487,1.692681403,0.955594247,0.928107158
62,0.903089495,1.047860559,1.583841185,1.795316171,1.075808098,4.556767236,1.008630383,1.0385845,1.033909377,0.985475084,1.471989427,1.139974726,1.126858405,1.008866076,1.342924659,0.977416595,0.995907147,1.095181273,1.225361249,1.547887046,1.597928505,1.409180607,1.347445189,1.409603004,1.05422413,1.671418793,1.459050546,1.412352536,1.261310516,1.677934859,0.950302299,0.939675964
63,0.899843287,1.047700061,1.603076534,1.795770534,1.075302581,4.778585565,1.051523992,1.286076508,1.007957717,0.985963788,1.48544675,1.149789385,1.127852231,1.005204781,1.421303467,0.980838323,1.003115455,1.093226363,1.310629446,1.631431957,1.635603827,1.423429167,1.340409435,1.593079399,1.03886585,1.658520673,1.464177539,1.436445204,1.260695858,1.658876826,0.944982931,0.947592898
64,0.902026082,1.043655507,1.6073495,1.808882138,1.071248724,4.900803748,1.04825721,1.689312093,1.000831403,0.981461304,1.541290614,1.179991575,1.143040707,1.036469364,1.457702848,0.989620758,1.001282834,1.0804052,1.33241623,1.712846987,1.650507085,1.405395833,1.332889501,1.727965972,1.034670653,1.651216017,1.472909679,1.456324622,1.264383805,1.625150355,0.973074128,0.949296197
65,0.937706386,1.061310307,1.614354362,1.816930846,1.087619696,4.841714124,1.032044854,2.062754933,0.978680444,0.973401698,1.548607528,1.189174389,1.135933343,1.018270577,1.536339807,0.984887368,0.979963348,1.054902508,1.307967611,1.725781426,1.650722866,1.431018954,1.364043516,1.840741876,1.029607484,1.632114821,1.493905232,1.447435258,1.268071753,1.596297743,0.977488655,0.969054465
66,1.058571668,1.070234006,1.606172683,1.818203061,1.091177757,4.847732138,1.025222597,2.342878404,0.988894827,0.966271431,1.575989556,1.18820556,1.130472318,1.018055207,1.522240756,0.998032506,0.980207697,1.046283132,1.291705811,1.729293613,1.629288643,1.42760861,1.36505727,2.055449111,1.013043688,1.618500139,1.503479559,1.458745757,1.26855701,1.532797001,0.981875763,0.961464565
67,1.273856831,1.0531249,1.606172683,1.829107762,1.03784572,4.811462498,1.02218373,2.57948407,0.976601936,0.962065374,1.593395435,1.201727043,1.125964965,1.093183531,1.490190238,0.986484175,0.982651191,1.040456484,1.299579475,1.706894606,1.610156081,1.422204681,1.357824817,2.282495402,1.016250362,1.606136767,1.500775698,1.462555484,1.29134788,1.474341951,0.98341125,0.954705874
68,1.531398668,1.058260842,1.599139803,1.822513014,0.970757789,4.808554465,1.035752272,2.787537206,0.971613516,0.947228008,1.615732981,1.192165122,1.118807409,1.108151764,1.455161047,0.991816367,0.969578497,1.050484919,1.305641301,1.704045362,1.608573689,1.433417327,1.333888124,2.548628142,1.01171762,1.588821629,1.516378304,1.456799354,1.377869078,1.418245724,0.980216888,0.946053116
69,1.802932781,1.051969313,1.586138779,1.825966169,0.909512468,4.686982511,1.06848087,2.972274281,0.967100184,0.936708861,1.613460546,1.208972199,1.108578025,1.122330306,1.440406688,0.99954377,0.95913256,1.057454047,1.297745269,1.728926879,1.614831331,1.418257992,1.330468596,2.897187308,1.009885235,1.593591581,1.524947917,1.474471267,1.420506931,1.366726548,0.974486229,0.944663224
70,2.055801198,1.039225757,1.578979811,1.827822565,0.850123949,4.643725514,1.109110524,3.115781061,0.951481679,0.933936869,1.629190303,1.215711879,1.102514682,1.110879788,1.472874221,1.063672655,0.971288943,1.084708541,1.281908469,1.794685173,1.605826081,1.428762258,1.328320044,3.173551502,1.014827852,1.595634318,1.511280862,1.482434902,1.427478447,1.323814731,0.974554777,0.958057967
71,2.339172777,1.042339422,1.566763333,1.811764095,0.792067273,4.543559918,1.129759626,3.237294675,0.964249659,0.93174972,1.644372098,1.231297388,1.085258244,1.128217093,1.533241987,1.321015113,0.94618204,1.088910328,1.259853264,1.821442677,1.601956412,1.430189137,1.306289813,3.428034948,0.998239946,1.590158499,1.497672907,1.500783308,1.417514517,1.213121925,0.990677397,0.962622808
72,2.605585717,1.029306969,1.573838244,1.791200945,0.743498761,4.427763642,1.182727079,3.396676221,0.966506325,0.942621375,1.627546414,1.212131424,1.076293731,1.176316451,1.535029191,1.59786142,0.971044594,1.081204936,1.231445444,1.817070074,1.594835647,1.434591214,1.289464526,3.715818516,0.996479892,1.614125901,1.501957713,1.492309336,1.414020672,1.16207139,1.010679865,0.949119054
73,2.869144232,1.036015793,1.564451729,1.793070322,0.691518009,4.424290157,1.177804115,3.51854812,0.980758952,0.946274635,1.618827358,1.212889638,1.068594087,1.185685057,1.539715636,1.841602509,0.97806964,1.073943841,1.218449425,1.823487926,1.568251457,1.422629709,1.272049144,4.002414163,0.987607291,1.603591367,1.51457573,1.493436825,1.395079501,1.129204093,0.997504833,0.977816234
74,3.049952426,1.024203127,1.577256615,1.778335995,0.656617897,4.370087645,1.214300909,3.677764304,0.973335709,0.947059766,1.62677282,1.239385004,1.055925312,1.190674468,1.514178482,2.094069005,0.985155773,1.075898751,1.177582427,1.87835703,1.543954542,1.416618598,1.257024406,4.263833538,0.986184782,1.561955894,1.523411297,1.500094946,1.384711192,1.036663282,0.996997573,0.983784594
75,3.199613813,1.026835297,1.654912508,1.77205281,0.622767705,4.289753221,1.1891087,3.747602249,0.981293426,0.963010735,1.642647627,1.265332772,1.05564423,1.218170071,1.450514317,2.305674366,0.952046426,1.082309333,1.17044692,1.899416046,1.565575775,1.407915642,1.269991376,4.438994482,0.981772591,1.557068298,1.520869964,1.493282537,1.415023535,1.000203077,0.981642698,0.973374031
76,3.328594616,1.04160113,1.669342524,1.761901053,0.601302678,4.220364312,1.159692467,3.778635211,0.969594394,0.944552155,1.663550798,1.275821398,1.058404859,1.206324707,1.423904841,2.485001426,0.972693952,1.078958058,1.153111439,1.927682803,1.571804646,1.407470375,1.283851054,4.590090435,0.97803549,1.580158713,1.537152229,1.500462864,1.428432784,0.95251113,0.979545112,0.971970512
77,3.407595008,1.041408532,1.672284565,1.755981358,0.570777232,4.156589523,1.135730999,3.823586154,0.977670883,0.932727127,1.665355853,1.275610783,1.043698238,1.212606339,1.366813615,2.635814086,0.9686011,1.071430385,1.165637722,1.940772399,1.610055384,1.427396096,1.270763039,4.680525751,0.982013695,1.568191055,1.550612432,1.503002682,1.43817026,0.922783723,0.97393784,0.985147233
78,3.512453126,1.045549385,1.724638899,1.753995145,0.557157439,4.102265843,1.159191054,3.832818873,0.968287903,0.932030123,1.672173155,1.298567818,1.034111329,1.236189382,1.397335081,2.788052466,0.971655467,1.086828476,1.145371986,1.910474498,1.609149105,1.433882834,1.256903361,4.726011649,0.98681165,1.560073581,1.597405476,1.497780626,1.480905165,0.972256502,0.968782989,0.978524807
79,3.566155482,1.036047893,1.681979294,1.735833625,0.532114908,4.040793247,1.17014617,3.83259839,0.991092108,0.940730652,1.699216734,1.387700084,1.026843347,1.218457231,1.396918067,2.951953236,0.973915699,1.079719712,1.134568067,1.910869443,1.618859239,1.428084237,1.241697054,4.708461067,0.979168676,1.540769181,1.613938919,1.499169218,1.491742555,1.013153167,0.966452338,0.982980637
80,3.632702748,1.032003338,1.658260832,1.722540276,0.513955184,3.959852983,1.164949707,3.828326535,0.983668864,0.937518026,1.703149174,1.478980623,1.026512071,1.194802398,1.366893046,3.08905047,1.002504582,1.061363867,1.112982597,1.946499097,1.624440768,1.433184574,1.233465979,4.659832925,0.976974636,1.545496353,1.614219648,1.499549004,1.537890429,1.033398422,0.985015286,0.969436004
81,3.650612862,1.022662344,1.654324101,1.730082694,0.509434696,3.97503938,1.206080773,3.823090067,0.996496229,0.924298991,1.643872485,1.602064027,1.021703559,1.173050002,1.348623853,3.231536926,0.980513134,1.021897532,1.102223415,1.891799255,1.62901532,1.4343787,1.223358702,4.535790926,0.96482303,1.549881286,1.603950887,1.484666144,1.56881743,1.005404983,0.985083835,0.988880864
82,3.620333576,1.026161204,1.64579218,1.724617362,0.48896126,4.006139182,1.195930957,3.87730129,0.999049825,0.909453613,1.727871969,1.726242628,1.024715153,1.176424136,1.312502482,3.338579983,0.968173488,0.974091094,1.077730059,1.85147258,1.617924189,1.43616989,1.212040974,4.459419068,0.964919472,1.54896152,1.600257088,1.484405042,1.578279928,0.978598766,0.97015396,0.968155123
83,3.628477081,1.029981061,1.65632749,1.70208098,0.475565061,3.959852983,1.183988209,3.894554073,1.004097631,0.887341772,1.865878029,1.916596462,1.017918988,1.167450375,1.273998173,3.463073852,0.962919976,0.9338758,1.082852414,1.782639359,1.614068906,1.439226044,1.204596692,4.303877989,0.966679526,1.543517786,1.576646326,1.470756486,1.558319719,1.0049051,0.967754761,0.965320833
84,3.591705379,1.014894232,1.642303759,1.612143163,0.463695134,3.938648572,1.179733795,3.940634991,1.003206841,0.86141644,1.837593475,2.135130581,1.007840185,1.156825442,1.249394337,3.544140291,0.967745877,0.890271149,1.060953787,1.783457459,1.621362296,1.428893814,1.194141411,4.017895463,0.945679429,1.567784646,1.548041548,1.46216383,1.534396584,0.937983285,0.961009583,0.957717307
85,3.572563945,1.01588932,1.602306,1.50320001,0.456919263,3.897209096,1.163810132,3.950887444,1.02844587,0.845233136,1.806939788,2.305139006,1.005772223,1.129006784,1.242940546,3.643541488,0.936774588,0.883505128,1.048114347,1.773118371,1.623908509,1.430877278,1.186318863,3.743064071,0.9369756,1.552982824,1.523825003,1.466851812,1.524222377,0.837725533,0.952961983,0.954896644
86,3.546790172,1.011876866,1.597472645,1.397372486,0.445720119,3.833999758,1.16429635,3.994350127,0.994061405,0.828168563,1.75949265,2.527379949,1.008181499,1.106177537,1.199114341,3.676846307,0.97574832,0.861924952,1.022077573,1.798013992,1.62113213,1.429136687,1.171036904,3.459763948,0.940278715,1.585046309,1.502504396,1.468157326,1.502013814,0.748168398,0.95308537,0.949923011
87,3.560866402,1.018168395,1.586390955,1.323713829,0.447800515,3.815703381,1.207569818,3.989334142,1.015796663,0.808804679,1.739153558,2.609140691,0.988164433,1.097813992,1.204714246,3.763815227,0.962186927,0.872600792,1.005636827,1.839821711,1.63721499,1.423277371,1.165710914,3.326678418,0.939193751,1.597880259,1.480696207,1.476821192,1.487860505,0.682386941,0.949603104,0.955823238
88,3.571332624,1.008089109,1.579133918,1.265672262,0.438798425,3.774910134,1.229844714,4.005980598,0.984856583,0.788014741,1.720603403,2.641659646,0.993183757,1.122043146,1.261150165,3.832221272,0.959071472,0.860427034,1.011363128,1.883575942,1.628670071,1.414169627,1.149384939,3.118600552,0.924968657,1.594404398,1.480031323,1.469142396,1.467220937,0.632242443,0.946326483,0.951326529
89,3.548105446,0.999582705,1.571876882,1.205462736,0.432829437,3.774263904,1.225256025,4.03706868,0.972029218,0.771879506,1.725825166,2.591069924,0.983365959,1.194228077,1.298800588,3.805531794,0.972938302,0.825670255,0.997494743,1.88299763,1.621031432,1.396783954,1.145798974,2.866186389,0.92885042,1.596981883,1.48733027,1.464110233,1.458858354,0.579145513,0.937895011,0.959597749
90,3.549924442,1.008474304,1.549153111,1.152016721,0.42129004,3.721071126,1.205351445,4.035304818,0.982243601,0.751297869,1.743295513,2.616175232,0.972463986,1.502494705,1.350569919,3.820473339,0.961331704,0.782713009,0.995034224,1.859216317,1.597712724,1.395387433,1.138869135,2.613772226,0.930272929,1.569249856,1.486015278,1.458698284,1.482360934,0.538842459,0.941514375,0.965606988
91,3.561370124,1.010978076,1.559282141,1.102218587,0.421659457,3.762510602,1.190354636,4.053935619,0.99530851,0.735042461,1.738895693,2.627422072,0.946092456,2.033777235,1.332896461,3.854776162,0.951985339,0.76476338,0.994206594,1.835435003,1.570754513,1.391531821,1.126976442,2.615649908,0.926005401,1.546009711,1.48050413,1.461724703,1.463112434,0.501694915,0.940074855,0.955087413
92,3.548273353,1.009052098,1.542190279,1.067154782,0.413717008,3.74643564,1.159996353,4.080834528,0.956707643,0.734609838,1.758267792,2.605433867,0.937710184,2.540579346,1.301759403,3.827345309,0.962736714,0.748819437,0.992551335,1.836831415,1.553664677,1.38621897,1.158281763,2.610783262,0.93692738,1.531443178,1.465285678,1.459184885,1.486242984,0.467671639,0.941624052,0.954051808
93,3.548693121,0.999839502,1.548354557,1.033142501,0.415223837,3.699624379,1.155544413,4.059998898,0.972801235,0.716023073,1.760491876,2.623673126,0.933945691,2.943788363,1.28803765,3.835728543,0.945632254,0.757654616,0.98865924,1.813092417,1.555923182,1.384225386,1.156466085,2.39864347,0.928609316,1.520138607,1.444009397,1.468465902,1.456448247,0.445676795,0.940595824,0.945371796
94,3.52532602,0.983757584,1.505428767,1.004452753,0.402653964,3.708873541,1.118743732,4.045226546,0.987588337,0.699262939,1.708096957,2.679907329,0.917110877,3.258587889,1.30906708,3.833846593,0.951069029,0.762135676,0.983447412,1.787533852,1.513615766,1.334628657,1.140019065,2.162745248,0.913299257,1.461797609,1.402431997,1.44188089,1.413632467,0.437085058,0.940540985,0.936814422
95,3.518609727,0.983115591,1.46990011,0.976515948,0.399465319,3.666222384,1.138800255,4.01694962,0.989429301,0.676574267,1.678120164,2.780497051,0.906630528,3.588929969,1.383851622,3.807812946,0.943555284,0.764750685,0.974701382,1.692690702,1.47501978,1.300029347,1.123405607,1.959687308,0.906741248,1.378922376,1.319513601,1.397849462,1.360157223,0.413059439,0.946491,0.938054424
96,3.531650529,0.976663564,1.409882457,0.961950384,0.392222816,3.622924997,1.142218981,3.984621321,0.968050359,0.657066175,1.613412196,2.914026959,0.88670381,3.78261962,1.444795266,3.814143142,0.957361026,0.744655733,0.938240952,1.63968348,1.411911098,1.263375735,1.136130487,1.769160025,0.895433504,1.313405061,1.254207237,1.350708538,1.310272876,0.398672186,0.946641806,0.935301893
97,3.436531035,0.971238725,1.370781322,0.940478509,0.385758032,3.585968739,1.133345489,3.979026568,1.003563157,0.652419484,1.583113073,3.074810447,0.866586357,3.979719301,1.48016204,3.820929569,0.958704948,0.721666497,0.950006711,1.581048296,1.367532187,1.233482093,1.128171763,1.630096567,0.874023532,1.24796261,1.206719759,1.323233402,1.268945215,0.388049676,0.947724874,0.919822312
98,3.298203392,0.991397297,1.309348688,0.922096299,0.392271424,3.569934165,1.128908743,3.973211333,0.995664826,0.639288576,1.518437338,3.194692502,0.85103649,4.042535626,1.448965408,3.795865412,0.957483201,0.701533462,0.954681698,1.497207177,1.329166367,1.208536993,1.110151155,1.487699264,0.866910985,1.208006246,1.154518994,1.275487194,1.232615693,0.378348824,0.951988594,0.916579231
99,3.163093972,1.022533945,1.284495439,0.907803352,0.390696544,3.514479583,1.113106634,3.923134164,0.999346755,0.617825669,1.469894274,3.31811289,0.838839532,4.009691662,1.399142142,3.785001426,0.935552841,0.682555601,0.947680401,1.369442564,1.308422643,1.190007792,1.114251562,1.393163703,0.856664095,1.167001775,1.127524712,1.241579435,1.197191984,0.376771069,0.953222467,0.921770886
100,3.026193541,1.092575354,1.264937867,0.894354221,0.393962961,3.484631851,1.100282615,3.914149487,0.981352812,0.604390322,1.439208354,3.273673126,0.807900417,3.970996805,1.332757457,3.79546621,0.943616371,0.664504418,0.936048853,1.270339652,1.289362008,1.17794509,1.102010864,1.305602391,0.839401099,1.150253471,1.087277079,1.221082865,1.173495301,0.372381473,0.961859585,0.916156813
101,2.926708457,1.191891632,1.240967231,0.884812608,0.395771156,3.453006987,1.109596742,3.920074964,0.983847022,0.59186829,1.413051186,3.212384162,0.782522712,3.961341039,1.281961158,3.805018534,0.934575443,0.649576013,0.922381783,1.169262018,1.254865856,1.159699242,1.090405653,1.238120785,0.831420581,1.137408825,1.094753328,1.191293408,1.191482134,0.364976959,0.955703925,0.909479881
102,2.816169474,1.353256508,1.225514506,0.873051109,0.391474262,3.426794297,1.075166378,3.891164149,0.987291407,0.575468675,1.376208741,3.093386689,0.770596798,3.917369611,1.228662775,3.79170231,0.943066585,0.628922514,0.910168657,1.099765854,1.238293893,1.128803748,1.072581743,1.170754139,0.820546822,1.109174135,1.088134041,1.167188872,1.171586626,0.363820979,0.966781371,0.91495769
103,2.740023507,1.507848361,1.208520713,0.867429996,0.391707578,3.415081385,1.073905248,3.883970896,0.969119306,0.569860599,1.359657039,2.915838248,0.757677057,3.787716716,1.196890266,3.753635586,0.951802077,0.614958871,0.899454212,1.025911194,1.214284687,1.108807189,1.05813197,1.137990497,0.813386055,1.068586768,1.072812163,1.157373781,1.157708296,0.365211279,0.981231406,0.91329527
104,2.652068058,1.714281129,1.198419703,0.870104244,0.393204686,3.422755362,1.058011973,3.839984566,0.959439397,0.549126743,1.330308792,2.789974726,0.756954274,3.731576869,1.162158942,3.713515825,0.952107514,0.600525541,0.875520064,0.959419431,1.196590664,1.099598247,1.042683573,1.09380748,0.809335519,1.054629847,1.060637402,1.137173918,1.138298044,0.359650082,0.989882234,0.917696595
105,2.603794705,1.889159952,1.199890723,0.874998377,0.390074369,3.408942203,1.059364269,3.808372837,0.95557931,0.524387117,1.291387313,2.700758214,0.767093309,3.653648731,1.145279797,3.680781295,0.960537569,0.58446735,0.868697714,0.891446626,1.165288067,1.082718561,1.063790834,1.063458001,0.80427235,1.048972214,1.059957743,1.121543355,1.116121832,0.357916113,0.989909653,0.909016583
106,2.511501651,2.08227137,1.185208534,0.877023536,0.397958489,3.364069631,1.036800681,3.809888656,0.952550627,0.505375741,1.285375837,2.565080034,0.774401446,3.583761083,1.153143493,3.673652695,0.963897373,0.569424698,0.856216168,0.840230761,1.148212616,1.064088163,1.072309392,1.049547823,0.8020542,1.026908515,1.051639308,1.104666619,1.094058845,0.352948528,0.992308852,0.908171747
107,2.484160743,2.260777453,1.159416634,0.875322922,0.401915131,3.354012682,1.013522959,3.792856355,0.940792209,0.485410992,1.255495744,2.498989048,0.77147016,3.529559568,1.187795385,3.649558027,0.956505803,0.557149386,0.841475417,0.795517378,1.125368625,1.054656587,1.054258522,1.036595647,0.796243611,0.996705953,1.04800461,1.077903582,1.078304191,0.351355151,0.996860476,0.901903607
108,2.439861197,2.414759413,1.133988988,0.880100219,0.397180771,3.34165354,1.006244872,3.771193915,0.938951244,0.469243711,1.244874935,2.536857624,0.767223812,3.461323091,1.147126574,3.633704021,0.963958461,0.542931857,0.826935982,0.766855676,1.105171546,1.057601425,1.036041216,1.006820969,0.792868165,0.989240872,1.048950222,1.065335042,1.055044239,0.353713973,0.998533061,0.90668647
109,2.435691498,2.540268995,1.126703932,0.899235373,0.392057551,3.317258371,0.992661136,3.731121155,0.932596948,0.453292742,1.219346312,2.544608256,0.762445415,3.40586525,1.098673498,3.597005988,0.957910812,0.532979588,0.814901803,0.749280636,1.092685032,1.030935973,1.031138884,0.986128142,0.793880799,0.975465765,1.046911245,1.062106862,1.036830953,0.350917754,0.999890322,0.908553286
110,2.386970392,2.609186916,1.111965704,0.911256507,0.386030234,3.291611131,1.029811286,3.69600926,0.943345804,0.445064893,1.211094635,2.579949452,0.759453898,3.326465415,1.049664403,3.57673225,0.962553451,0.529450594,0.821925469,0.720999774,1.083348917,1.015078377,1.023785387,0.975321888,0.80130678,0.957380591,1.034721709,1.051021861,1.053378193,0.354698118,0.993309661,0.906522954
111,2.342335031,2.672808397,1.097241485,0.921758772,0.381150051,3.253645139,1.042118698,3.669110352,0.934675456,0.432606954,1.190400979,2.589764111,0.764914922,3.273125381,1.00810199,3.524607927,0.963225412,0.524245963,0.802822887,0.715794967,1.070099978,1.012224617,1.007943593,0.972677805,0.792771723,0.952963573,1.010106234,1.045562439,1.047490416,0.350308521,0.99433789,0.909139221
112,2.309649074,2.695984335,1.083918239,0.921499137,0.379584893,3.218466012,1.04412435,3.651058318,0.927846072,0.419259734,1.189595152,2.607919124,0.754675501,3.253885638,0.980082609,3.524493869,0.971105681,0.510663146,0.813045229,0.687485895,1.068949148,1.003987168,1.000332874,0.973980687,0.787539782,0.944450386,0.993484139,1.036115265,1.036669201,0.348762009,0.996257249,0.910542739
113,2.3048917,2.724456714,1.079995517,0.922693461,0.375657415,3.20550103,1.026195034,3.62035608,0.948868698,0.410943759,1.183712609,2.593639427,0.747959645,3.200402024,0.953393701,3.522954092,0.971288943,0.505306185,0.801861048,0.665411307,1.073077753,1.002995436,0.985066045,0.974785408,0.775556949,0.941904986,0.975487951,1.025469392,1.019976384,0.348293369,1.00047984,0.913853952
114,2.284938714,2.716560203,1.062329256,0.924264257,0.387099597,3.199765742,1.010833561,3.571849851,0.949997031,0.401834642,1.174784038,2.590522325,0.742097074,3.158979145,0.946979626,3.475677217,0.976175932,0.502183406,0.800854471,0.650332882,1.070603467,0.995071698,0.977092191,0.967427958,0.774857749,0.933734038,0.986539797,1.024436849,1.001601346,0.344075607,1.004154042,0.911946258
115,2.280405216,2.68317658,1.051121478,0.922239099,0.387643999,3.189668403,0.992159723,3.54247051,0.936041333,0.39426374,1.157458741,2.598778433,0.735461527,3.127965828,0.94894555,3.42326775,0.994807575,0.495442774,0.794143963,0.637638231,1.066503632,0.991033931,0.966530995,0.959342428,0.776135596,0.944076063,0.974409362,1.008735076,0.993141711,0.344669218,1.005456465,0.90638669
116,2.262271226,2.689757006,1.02977066,0.910996871,0.382909639,3.191243588,0.990944176,3.554183662,0.94091098,0.382799231,1.145371324,2.643470935,0.742920243,3.079256255,0.932125978,3.380866838,0.985949908,0.492243831,0.781975574,0.608553374,1.0529526,0.991044051,0.958738709,0.939301042,0.774254991,0.936814186,0.983156277,1.01165468,0.979101629,0.343966258,1.005579852,0.905759876
117,2.228018134,2.690045902,1.009820815,0.891173683,0.381227823,3.149036714,0.984486583,3.528387168,0.947384049,0.382006089,1.137135765,2.706023589,0.741474678,3.0832765,0.903193137,3.415968064,0.992058644,0.494008327,0.789871606,0.598157865,1.050823563,0.991458959,0.951551648,0.947463213,0.782380172,0.930878484,0.958540802,0.994908495,0.971046374,0.343919394,1.004908076,0.906182294
118,2.217579896,2.670946618,1.007425153,0.870870169,0.376746221,3.09867119,0.979229343,3.522489251,0.95807352,0.370501522,1.135266245,2.761668071,0.730381971,3.060698518,0.883077167,3.434103222,0.979474649,0.492256525,0.784033463,0.590160235,1.037574624,0.971027252,0.945469126,0.943554568,0.786406597,0.922258347,0.935565373,0.996831161,0.96147065,0.342794658,0.997888705,0.911455707
119,2.221077965,2.69200398,1.002311604,0.857369111,0.377776698,3.04745749,0.978788708,3.504216735,0.952194311,0.365245954,1.152752707,2.696124684,0.733975807,3.007932804,0.860081814,3.414342743,1.003543067,0.49323398,0.775421644,0.574545814,1.034568079,0.987927179,0.942760739,0.940450644,0.775581059,0.918857351,0.920287821,0.994042109,0.945796872,0.340279622,1.0052234,0.907762955
120,2.211787094,2.671813309,0.990333291,0.848879023,0.376697613,3.029847732,0.990533929,3.46064381,0.949937645,0.355568018,1.157636023,2.706697557,0.736856899,2.97494526,0.8420112,3.451867693,1.019059255,0.493322839,0.775376907,0.56798691,1.031935553,0.984132285,0.940082613,0.955088903,0.770831324,0.913456397,0.90771413,0.985947922,0.934005144,0.340029681,1.00570324,0.90967065
121,2.217747803,2.65309922,0.987671444,0.839571082,0.372517377,3.000807787,0.979396481,3.428177709,0.944711681,0.352643807,1.170239169,2.691701769,0.730632937,2.986144513,0.828865324,3.446820644,1.026389737,0.487381944,0.773430859,0.557337508,1.0305114,0.982968518,0.929188543,0.955587063,0.77273604,0.911563389,0.892170624,0.982328088,0.924332368,0.338717488,1.003687912,0.913390655
122,2.204175295,2.658331461,0.983034226,0.835429892,0.363068099,3.015751848,0.951849151,3.410676882,0.94180177,0.347476366,1.147837157,2.691406908,0.723555689,2.966653505,0.803506891,3.419817508,1.055711668,0.480158932,0.763432201,0.557661927,1.02377904,0.983039356,0.940491141,0.950835377,0.779245829,0.916771834,0.881059677,0.967528306,0.924429419,0.340717019,1.005648401,0.912286917
123,2.188056193,2.625718229,0.979293629,0.840233153,0.366985855,2.999555717,0.953338196,3.42048837,0.956291941,0.341371575,1.147047446,2.725863521,0.721066105,2.974406834,0.795722626,3.388679783,1.022907758,0.475995227,0.758801951,0.56293726,1.020168309,0.974356639,0.963822608,0.950183936,0.778811843,0.918686231,0.883039553,0.966341475,0.918897498,0.339279856,0.997011283,0.919250003
124,2.162478312,2.61679453,0.984701382,0.830639613,0.362708404,3.023345046,0.931473547,3.428425752,0.956291941,0.339432783,1.18174639,2.764827296,0.721758771,3.002333178,0.789109973,3.355945252,1.033170434,0.470879456,0.747595401,0.571682464,1.036783428,0.973304189,0.964110091,0.937921521,0.762923136,0.910590148,0.883039553,0.962579221,0.918153438,0.336780442,0.998217738,0.919481652
125,2.174119886,2.57256123,0.997015929,0.839233555,0.356924124,3.007593198,0.921247759,3.41357072,0.968822377,0.3349303,1.177701135,2.817228307,0.733724841,2.970063534,0.785317129,3.338095238,1.030849114,0.468353306,0.752762493,0.547985782,1.054606919,0.970187316,0.951294427,0.925160944,0.782163179,0.909071464,0.894904035,0.954924162,0.910114359,0.334843396,0.984233833,0.925777045
126,2.151368445,2.575000802,1.005575869,0.843011255,0.35348272,3.007350862,0.904837876,3.402904862,0.946671418,0.33315975,1.161117199,2.859224937,0.751734177,2.911411034,0.767087652,3.296264614,1.031948687,0.462767848,0.747483559,0.556970774,1.056333166,0.966544218,0.949524141,0.911672287,0.772422606,0.910868217,0.912708146,0.957202877,0.89515229,0.331719128,0.976199942,0.929864962
127,2.142665249,2.559496678,1.008279745,0.842621802,0.346901278,3.026778141,0.90646367,3.372560908,0.936932122,0.326301875,1.159312145,2.892502106,0.759825328,2.931655838,0.7533659,3.291074993,1.02193036,0.458540672,0.75034671,0.554107425,1.060015824,0.959450297,0.938917553,0.922976701,0.782500723,0.906397724,0.893204888,0.961511073,0.885107484,0.33126611,0.975295102,0.934729584
128,2.131387474,2.530863801,1.006374423,0.848126079,0.340951733,3.026899309,0.87754885,3.38270312,0.937466595,0.327495594,1.141422769,2.925695029,0.759945791,2.934168491,0.743476707,3.2750499,1.026145388,0.456979283,0.744240147,0.557027195,1.069121772,0.966625176,0.933894176,0.908721643,0.776183817,0.905830891,0.897859074,0.953132047,0.880465199,0.333218777,0.969578152,0.939430689
129,2.11507248,2.512246012,0.99240673,0.857239293,0.339794877,3.023223878,0.845777494,3.395270643,0.950650276,0.323353629,1.133187209,2.974304971,0.740139537,2.914174952,0.733448509,3.268919304,1.043799633,0.454757794,0.735248065,0.553077748,1.068992304,0.962769564,0.931397618,0.893661864,0.772615488,0.900066309,0.877528405,0.958484654,0.878912379,0.338498789,0.966589435,0.944881246
130,2.118122796,2.513080602,0.993709634,0.857862419,0.334088368,2.987358132,0.826465494,3.375702789,0.958726765,0.321030284,1.119729887,2.980665543,0.71099734,2.847338383,0.727868462,3.249016253,1.027000611,0.452282421,0.737708585,0.546688107,1.069884198,0.95184027,0.923938206,0.894658185,0.777051789,0.893692114,0.870702265,0.947684493,0.864500267,0.337170976,0.960831357,0.947633777
131,2.077153411,2.48759349,0.982740021,0.859848632,0.32844991,2.985257886,0.817485641,3.353461581,0.944771067,0.319612242,1.115168901,3.030412805,0.698348642,2.85351233,0.716410501,3.256715141,1.036346976,0.454592769,0.729253344,0.550877341,1.070603467,0.946102391,0.917568201,0.900597793,0.77415855,0.88949969,0.856133922,0.954105248,0.859566828,0.338420683,0.959542644,0.94369575
132,2.096350814,2.469521394,0.986116364,0.8580182,0.323462791,3.024193223,0.800331237,3.299636203,0.952134925,0.317721519,1.103871196,3.068407751,0.675872108,2.86988047,0.707295762,3.254120331,1.035003054,0.45384381,0.735270433,0.539706048,1.056102999,0.951647996,0.918279342,0.886457695,0.773772784,0.897456739,0.868929242,0.942711671,0.854762791,0.342279153,0.965492658,0.948274218
133,2.095847092,2.451385099,0.970775718,0.862782516,0.320876877,3.040954804,0.790819582,3.277643038,0.94370212,0.316231373,1.115185018,3.093934288,0.663675149,2.907103629,0.704376663,3.279982891,1.03072694,0.449794354,0.722923098,0.538535319,1.058807452,0.953854094,0.915328865,0.891707541,0.778233195,0.888890077,0.864614885,0.9424387,0.865778108,0.339889088,0.958569255,0.946502787
134,2.081602955,2.485346516,0.968772327,0.860926121,0.321003257,3.081949998,0.760066247,3.281942454,0.946255716,0.315093735,1.099713125,3.117607414,0.660392511,2.966150975,0.705905715,3.221585401,1.025351252,0.449921296,0.72507046,0.537096592,1.058735525,0.960877177,0.91198499,0.891669221,0.777606327,0.88548908,0.871780854,0.933205156,0.9229413,0.339170507,0.961955553,0.942796408
135,2.095063525,2.507719963,0.968856386,0.851683089,0.323229476,3.097621067,0.757498405,3.233491346,0.930815369,0.3188191,1.096457581,3.139132266,0.66344426,2.927922754,0.702212161,3.134787568,1.014844227,0.450111709,0.73122176,0.54697021,1.040250306,0.964105366,0.953957422,0.883928571,0.772422606,0.888911467,0.871736529,0.927033635,0.958041506,0.341982348,0.957253122,0.943477728
136,2.095651201,2.45305428,0.960422533,0.846230738,0.324697419,3.096368997,0.75667791,3.232168449,0.966625097,0.323089249,1.095538937,3.167481045,0.668433469,2.930148247,0.698677469,3.067807243,1.032742822,0.450073626,0.747774348,0.554840894,1.036323096,0.954228523,0.950159628,0.864883507,0.7815122,0.872537486,0.860182326,0.936706307,0.964123385,0.342482231,0.971168479,0.952839059
137,2.106565176,2.432799409,0.952605107,0.836468435,0.325397365,3.089058524,0.751678974,3.234042553,0.961933607,0.321446884,1.093008638,3.180117944,0.664869749,2.942244876,0.695162636,3.081323068,1.025290165,0.450276734,0.760680893,0.5562232,1.037660936,0.952659967,0.941308196,0.8591355,0.77493008,0.861414729,0.868648513,0.932398111,0.943694094,0.344591111,0.968193471,0.950699715
138,2.129792355,2.421147241,0.949789153,0.820358038,0.3252321,3.048144109,0.737654602,3.238645133,0.954450977,0.319948726,1.068624291,3.196419545,0.663926116,2.938224631,0.683446523,3.007869974,1.028161271,0.448372601,0.75936116,0.552104491,1.040092066,0.962445733,0.932623201,0.860323421,0.760054007,0.868345062,0.86465921,0.935744974,0.939925271,0.40712333,0.965821692,0.950318176
139,2.107992388,2.387025327,0.966096471,0.816061066,0.322198999,3.034048225,0.763636916,3.195127329,0.965971851,0.32205576,1.083822202,3.1331508,0.651026452,2.91607739,0.685273442,2.947875677,1.030849114,0.44521174,0.785062408,0.556152674,1.024052363,0.953499904,0.93537698,0.853962293,0.763694667,0.865500203,0.875474653,0.943874766,0.92912023,0.552167461,0.959707161,0.942496627
140,2.130799799,2.333033737,0.970131271,0.802910517,0.324328003,3.026333858,0.730695597,3.177791864,0.95367896,0.319684345,1.036133315,3.075526537,0.652492095,2.917261926,0.681202589,2.955431993,1.015882712,0.443218747,0.961369839,0.551356917,1.021160901,0.952315897,0.927327473,0.899524831,0.766491465,0.865436033,0.873952808,0.944907309,0.922989826,0.691197376,0.966589435,0.94271465
141,2.114988526,2.28055083,0.927513695,0.794316574,0.323423905,3.026778141,0.732686055,3.090508213,0.960152028,0.318234257,1.031636796,3.082940185,0.646850374,2.899816935,0.68374439,3.001226119,1.024373855,0.441657358,1.081778732,0.551046603,1.007581098,0.938745358,0.929067498,0.910062845,0.767938085,0.87658018,0.877705708,0.937798191,0.91635799,0.824806686,0.984014477,0.953261477
142,2.089718475,2.261387346,0.947323442,0.792174579,0.323151704,3.024475948,0.742319263,3.044537537,0.956707643,0.315269989,1.060340381,3.032813816,0.632746072,2.881510463,0.682235196,2.979868834,1.039645693,0.441835077,1.283228202,0.539988152,0.98279508,0.946911969,0.928522794,0.91435469,0.755352493,0.87776732,0.891609167,0.939459755,0.91868722,0.952089354,0.976542685,0.945766961
143,2.109279678,2.232465573,0.976463665,0.805961236,0.328002722,3.030493962,0.7411493,3.061900562,0.949640715,0.316607915,1.072540613,2.990690817,0.608061035,2.873828924,0.679594106,2.948731109,1.009835064,0.439867472,1.369860869,0.544374859,0.962166439,0.918030298,0.929824031,0.928456468,0.749614235,0.875959873,0.890412376,0.946200954,0.908043932,1.069405608,0.975432199,0.941256626
144,2.088123356,2.225564151,0.969234648,0.799652088,0.329091528,3.102669736,0.729358495,3.045171425,0.948631154,0.3161112,1.056407942,2.947093513,0.603463334,2.888115151,0.667659558,2.949358426,1.043982896,0.441974713,1.423612043,0.546575265,0.97360282,0.883805418,0.932487025,0.92171214,0.740669303,0.875339565,0.893662919,0.947874386,0.901606198,1.14037335,0.974966068,0.945153774
145,2.099345161,2.193689211,0.946833102,0.804468331,0.331939921,3.113574862,0.736879691,2.99771249,0.963477641,0.316960423,1.054764053,2.926958719,0.596094966,2.872716178,0.66108662,2.941317365,1.04434942,0.44250787,1.587191876,0.542132137,0.981370927,0.888885516,0.923454026,0.921482219,0.746962099,0.895028983,0.903148594,0.934522538,0.898969639,1.227274857,0.962298296,0.949909384
146,2.072004254,2.205694476,0.931520475,0.816048085,0.33278569,3.07060059,0.733780047,2.964281777,0.955222994,0.315846819,1.038067302,2.904970514,0.589730462,2.89123802,0.66845387,2.885942401,1.027855834,0.442761755,1.590614235,0.553543218,0.994734949,0.903437668,0.914769031,0.910062845,0.751856495,0.906814827,0.91226489,0.944598732,0.895443443,1.286214169,0.967041856,0.952007849
147,1.992891924,2.218662729,0.918239258,0.819202659,0.334214747,3.074720304,0.740419971,2.954387609,0.949225013,0.314228489,1.015665291,2.892965459,0.574521909,2.919487419,0.65316335,2.840889649,1.027978009,0.446481162,1.578266899,0.556505304,0.996461195,0.919113108,0.913225704,0.90588596,0.767046003,0.90492182,0.91226489,0.938605236,0.918493117,1.319675076,0.968549924,0.962418412
148,1.856495215,2.209610631,0.901245464,0.830146305,0.332824576,3.055333414,0.757194518,2.9721916,0.954450977,0.313579555,0.999387571,2.921145746,0.56939216,2.939409168,0.657750506,2.820444825,1.045876604,0.447636336,1.509193397,0.551892914,0.999985615,0.909620814,0.910108789,0.907993562,0.774737197,0.918226348,0.915737061,0.941204396,0.949193666,1.356697649,0.969441055,0.964475997
149,1.716124699,2.227169133,0.903823253,0.829068816,0.336081272,3.057554829,0.759230559,2.940883034,0.966506325,0.315966992,0.987187338,2.949789385,0.559604477,2.909723967,0.652607332,2.795095523,1.04434942,0.449832436,1.739073055,0.558437712,1.008731928,0.898509366,0.951294427,0.899256591,0.779535153,0.91268636,0.93040883,0.933240761,0.962392637,1.360962274,0.973732195,0.952375761
150,1.582582415,2.218759028,0.902142086,0.826160896,0.333942546,3.043580112,0.772495214,2.924016095,0.961992992,0.315526358,0.978581098,2.945829823,0.55252723,2.877885064,0.657671075,2.771200456,1.035369578,0.452104702,1.857021429,0.566999549,1.018629073,0.888966473,0.973264136,0.903280196,0.777943871,0.908151697,0.931975,0.942213202,0.962360287,1.351901898,0.976021716,0.96102852
151,1.462556669,2.207203159,0.882640553,0.824693954,0.334632771,3.017892484,0.790044671,2.888490795,0.961220975,0.316103189,0.965736203,2.961625948,0.547206746,2.899134929,0.657710791,2.70615911,1.034453268,0.452929826,1.863754306,0.570003949,1.011652161,0.888136657,0.972568126,0.892818823,0.783609798,0.912173002,0.935373295,0.93359681,0.94914514,1.329469656,0.975473328,0.977911619
152,1.370991213,2.157063525,0.890654113,0.823577521,0.331366354,3.027707096,0.780305102,2.862914783,0.957895362,0.317248838,0.964946492,2.952021904,0.530843748,2.852291898,0.663588705,2.634445395,1.015638363,0.455240175,1.785487407,0.569609005,1.012500899,0.880273637,0.966046814,0.909373084,0.767696981,0.911969797,0.960786631,0.933169551,0.936496126,1.30875576,0.977159622,0.977679971
153,1.292158728,2.14605335,0.881659871,0.828199037,0.330413649,2.991599014,0.788570821,2.828409216,0.951541065,0.319516103,0.960143759,2.928222409,0.518295437,2.819196669,0.661146193,2.53039635,1.050152718,0.458591449,1.730662551,0.563868201,1.018298209,0.879636095,0.96780197,0.910177805,0.769553477,0.914622147,0.958998833,0.936445204,0.925739611,1.302960244,0.975966877,0.972501942
154,1.217915711,2.149391712,0.889028986,0.832573899,0.331949643,2.973423805,0.787811104,2.773260941,0.959380011,0.318426534,0.981514311,2.878348778,0.509089996,2.814673894,0.672921879,2.462246935,1.044227245,0.45898497,1.65624301,0.557492665,1.020053226,0.884493559,0.964836362,0.908261803,0.773266467,0.91391628,0.967006989,0.939875145,0.919188651,1.258158244,0.98201286,0.975159088
155,1.164689092,2.139633422,0.876041973,0.837351196,0.333466194,2.973423805,0.773558817,2.733684269,0.974107726,0.322127864,0.974084579,2.838963774,0.49428299,2.773897125,0.683069224,2.444767608,1.039218082,0.4626536,1.596183957,0.559368653,1.02468532,0.889654614,0.980889985,0.910024525,0.769240042,0.93328485,0.968824338,0.941026371,0.912783268,1.221526205,0.986399967,0.96646545
156,1.116443723,2.155522743,0.879642472,0.841829913,0.331064988,3.010137728,0.771234084,2.701824496,0.964309044,0.325997436,0.982497421,2.830707666,0.4956884,2.801679888,0.693593868,2.401340177,1.041600489,0.465141668,1.527893348,0.557154141,1.044824858,0.884878108,1.011030246,0.914699571,0.760222779,0.926204787,0.957550864,0.939625911,0.91294502,1.161227837,0.989169329,0.969694905
157,1.087115912,2.139376625,0.903346923,0.844127689,0.338074175,3.010743568,0.763971192,2.734318157,0.969772552,0.324363083,1.001482723,2.825442291,0.48937409,2.808428156,0.716291354,2.326461363,1.043677459,0.488105514,1.459267212,0.579214624,1.008760699,0.892133945,1.048584527,0.910216125,0.764972514,0.927744861,0.966593283,0.933620546,0.911537777,1.106396938,0.984028187,0.974177988
158,1.059970896,2.136134562,0.909090909,0.840635588,0.340630924,3.026495416,0.753061659,2.743633557,0.957420274,0.323898414,0.998517276,2.779106992,0.488852081,2.805233497,0.713074387,2.306558312,1.032437385,0.495734742,1.42598309,0.582275446,0.977515644,0.884665594,1.05884311,0.919796137,0.758366284,0.934300871,0.967376369,0.940610981,0.906313184,1.05437788,0.991609657,0.973973592
159,1.035708289,2.144319969,0.908642598,0.831846919,0.338744957,3.04184337,0.75029629,2.743661118,0.970782113,0.323161352,1.006092057,2.756107835,0.478341615,2.755949603,0.715020454,2.315198175,1.029138668,0.488156291,1.385183197,0.587184044,0.972336906,0.886254389,1.059402944,1.096643164,0.754122866,0.943327415,0.967804849,0.953238862,0.912265662,1.002952433,0.991335463,0.969367872
160,1.011781497,2.128077553,0.913321845,0.834858693,0.337218685,3.013207319,0.764214301,2.76231948,0.965674921,0.317993911,1.014327616,2.732687447,0.475611103,2.792598442,0.724492633,2.372141431,1.023213195,0.480298568,1.364358252,0.591965696,0.96802129,0.893166156,1.046859633,1.628257204,0.746600444,0.948739064,0.970464384,0.949903867,0.906992543,0.964242756,0.987126582,0.977952498
161,1.015895226,2.15664623,0.905378333,0.829393361,0.334516113,2.998384426,0.753335157,2.78241098,0.946790189,0.318594776,1.004657684,2.72935973,0.468895247,2.773035644,0.72806704,2.41756487,1.017104459,0.471234894,1.308638661,0.587381517,0.96334604,0.893570944,1.038764733,2.009158492,0.747540746,0.947466364,0.963254089,0.947221629,0.906717565,0.918409748,0.992075787,0.972529195
162,0.991996418,2.164157545,0.903262864,0.829341434,0.332775969,2.987600469,0.777509345,2.820389152,0.935209929,0.317721519,1.000112815,2.75758214,0.46121568,2.69428192,0.732018746,2.373567151,1.014722053,0.464532345,1.253948016,0.580060934,0.967388333,0.88695265,1.027976578,2.396420907,0.739536117,0.965936558,0.963756446,0.960787106,0.942108924,0.849332188,0.989374974,0.971221061
163,0.98217384,2.174718326,0.910225696,0.81776168,0.330831673,3.025445293,0.794116753,2.815951935,0.940198349,0.312706297,0.997582516,2.795745577,0.450173167,2.657633081,0.738194527,2.303450242,1.003909591,0.460559054,1.216592851,0.583276913,0.964166007,0.897679549,1.013814286,2.721374923,0.743948307,0.965744048,0.95350246,0.963742315,0.985846691,0.74760603,0.98722255,0.964721272
164,0.979515308,2.134754277,0.931450426,0.808349885,0.331220532,2.986106062,0.786124533,2.84417374,0.960389572,0.315862842,0.989411423,2.789132266,0.441188576,2.600703543,0.724214623,2.309923011,1.022480147,0.457233167,1.173198228,0.580427669,0.980076243,0.895837761,1.013057754,3.005441447,0.745129714,0.962760155,0.94326325,0.964217048,0.982741051,0.720143716,0.989525781,0.964326107
165,0.969133039,2.140050717,0.946342762,0.798587582,0.32844991,3.006745022,0.772039384,2.901140999,0.972623077,0.315181862,0.989620938,2.792796967,0.441549967,2.604149467,0.720004766,2.352780154,1.0106292,0.45522748,1.156198273,0.573248138,0.974796806,0.912312659,1.019594196,3.215665236,0.745539589,0.968941841,0.942982521,0.974044008,1.002749786,0.719940639,0.98153302,0.962036873
166,0.963004422,2.115333997,0.945081887,0.78833197,0.329966461,3.00250414,0.757665542,2.921949068,0.95528238,0.312594136,1.003287777,2.785636057,0.450424133,2.654223052,0.726756424,2.338152267,1.013194869,0.452383975,1.117143113,0.568790905,0.986621592,0.906959329,1.081009517,3.409794605,0.755521265,0.971530021,0.94215511,0.959505329,0.993254937,0.703194564,0.978530593,0.979628545
167,0.955112778,2.111064745,0.931702601,0.786787138,0.335264667,2.980572721,0.750843286,2.899873222,0.956885801,0.310294825,0.998887957,2.775105307,0.431230236,2.650956603,0.726001827,2.316937553,1.032315211,0.452434752,1.089361607,0.577522004,0.988203985,0.926713015,1.099726135,3.548359902,0.761114862,0.966268101,0.942760893,0.963955945,0.980072141,0.688807311,0.977803979,0.97590854
168,0.939105614,2.101659551,0.948920551,0.778725448,0.331560784,2.983925037,0.741270854,2.915499945,0.954272819,0.307594937,1.010169546,2.767396799,0.421181549,2.622671309,0.723599031,2.38386085,1.02724496,0.452269727,1.069498501,0.58722636,0.996979069,0.913405588,1.093341,3.615036787,0.755521265,0.961840388,0.934841388,0.969225474,1.006195105,0.658048895,0.970757187,0.981822394
169,0.93963732,2.084871441,0.938665433,0.772091755,0.330851116,2.970838887,0.735025982,2.917015765,0.96965378,0.306176895,0.997244068,2.779149115,0.408834011,2.662837862,0.71196235,2.371571143,1.03372022,0.45098761,1.036974903,0.586676258,0.995526145,0.916664137,1.117383607,3.606223176,0.762657923,0.957797694,0.919549061,0.965795533,1.007828802,0.593329688,0.976515266,0.978129641
170,0.939301506,2.101916348,0.935905519,0.774519349,0.333339814,2.966759562,0.712310451,2.905219932,0.963715185,0.306825829,0.998807375,2.794313395,0.396908096,2.663627553,0.701894436,2.35580268,1.028466707,0.448651874,1.020422315,0.592656849,0.998532691,0.918101136,1.167647637,3.628257204,0.754725624,0.961230776,0.893914097,0.967029837,0.996862009,0.537530266,0.966438628,0.973251393
171,0.91461913,2.10262254,0.920396756,0.767664966,0.327759685,2.937477281,0.715850731,2.865174733,0.965496763,0.306753725,1.006462738,2.79915754,0.390011544,2.657776661,0.700563962,2.346307385,1.056200367,0.451254189,0.998546056,0.591965696,0.991483852,0.92188591,1.200223934,3.643968424,0.770542,0.956749588,0.875386002,0.96392034,0.980945603,0.566320394,0.979709628,0.978892719
172,0.918229138,2.064809168,0.910800095,0.774389531,0.328537403,2.88068985,0.784605099,2.839130195,0.959558169,0.305447845,0.987815884,2.789679865,0.387722733,2.652248824,0.683049367,2.307898489,1.040684178,0.453374124,0.990605288,0.57467276,0.967129397,0.90905411,1.274016129,3.586603311,0.778643071,0.940364912,0.866402683,0.959493461,0.963686654,0.564820745,0.967480566,0.976767002
173,0.924217832,2.070137707,0.905574469,0.760512002,0.335488261,2.859243104,0.780001216,2.842988645,0.964605974,0.305327672,0.983480531,2.773378265,0.375987552,2.644136545,0.694130029,2.235129741,1.028955406,0.449807048,0.959490896,0.583417964,0.932618859,0.908780878,1.281566325,3.521497548,0.792120745,0.936429167,0.878001212,0.967753804,0.94644388,0.516847614,0.970990252,0.981945031
174,0.932249398,2.068564825,0.893498087,0.752333476,0.334807758,2.888081102,0.789543258,2.787619888,0.968644219,0.303468995,0.981224213,2.750042123,0.367504894,2.616928102,0.690218039,2.211719418,1.04318876,0.445554484,0.934102805,0.580413564,0.915960584,0.8901606,1.26522522,3.459610668,0.803790144,0.923488268,0.885093305,0.958911913,0.942464778,0.477684918,0.967905568,0.972447436
175,0.921055577,2.0530928,0.89838748,0.741480703,0.337092305,2.874833394,0.781900507,2.690221585,0.964546588,0.303941676,0.995793579,2.745240101,0.359092506,2.587853117,0.680388419,2.213572854,1.04227245,0.44479283,0.923835727,0.58097777,0.907243041,0.907384357,1.248853853,3.399754752,0.797376796,0.903991358,0.88957019,0.952503026,0.939278262,0.448004374,0.96068055,0.973319525
176,0.927547994,2.045067891,0.891774891,0.737183731,0.339989306,2.830445495,0.770732671,2.630801455,0.961220975,0.304574587,0.99124871,2.703959562,0.347196707,2.572274669,0.678144485,2.222497861,1.032864997,0.4461765,0.908916029,0.583107651,0.890613537,0.909792849,1.217775491,3.308093194,0.792241296,0.891895361,0.91761351,0.943945975,0.928732025,0.426306334,0.960598292,0.98697317
177,0.926876364,2.025808108,0.8963981,0.733328141,0.345987459,2.894987681,0.769699456,2.584748098,0.967575272,0.30177055,1.001514955,2.706697557,0.335632184,2.546178973,0.679276381,2.27102937,1.038362859,0.446608104,0.898581846,0.581372715,0.868977918,0.921875791,1.200526547,3.183323115,0.78228373,0.88300785,0.922947356,0.936017945,0.919479805,0.408013747,0.954223276,0.988076907
178,0.914731068,2.038134369,0.892279242,0.726850229,0.365274875,2.8850519,0.769699456,2.509425642,1.000356316,0.298982535,1.009025271,2.67683235,0.333052251,2.51875516,0.675701974,2.279925863,1.032742822,0.444094648,0.893705543,0.573614872,0.848119111,0.924000931,1.17789109,3.122892397,0.779462822,0.87522192,0.925001108,0.930843362,0.904776539,0.394110755,0.952002303,0.986155586
179,0.924049924,2.077135428,0.875845837,0.730186548,0.449462888,2.884971122,0.74788039,2.431925918,0.999821842,0.300600865,1.009943914,2.661078349,0.328053004,2.566208407,0.6798324,2.218619903,1.032498473,0.44283792,0.887218718,0.570046265,0.835517514,0.922179382,1.158660029,2.888258737,0.784622432,0.876291416,0.929773496,0.935483871,0.898500558,0.382988362,0.955539409,0.978184147
180,0.916130296,2.057265753,0.885092254,0.737884748,0.566519224,2.913324448,0.740480749,2.377383971,0.982540531,0.299335042,1.009541,2.622535805,0.321899312,2.545748232,0.678382779,2.116253208,1.015760538,0.445948004,0.884825303,0.564700406,0.82714522,0.910410152,1.130743974,2.761994175,0.77640081,0.875125666,0.920509449,0.93773885,0.889361564,0.369069749,0.957198284,0.982994263
181,0.904152908,2.023175938,0.899382171,0.745440147,0.720925485,2.870229008,0.722931291,2.399432257,0.995486668,0.297308124,1.007542547,2.60631845,0.313707775,2.540256291,0.682910362,2.025862561,1.024557117,0.449908602,0.87695164,0.559834123,0.834668777,0.915034862,1.157419316,2.586756591,0.801596104,0.869853051,0.916520146,0.933074604,0.879640263,0.363977193,0.957815221,0.979560413
182,0.911680752,2.024138927,0.905686546,0.729874985,0.870811257,2.834403651,0.733430577,2.400066145,0.998931053,0.296482935,1.010588576,2.571229992,0.312252171,2.573710471,0.676257993,1.9500998,1.036163714,0.45116533,0.874781908,0.577169375,0.820786881,0.908578483,1.142031441,2.450337216,0.783489247,0.855414857,0.910979448,0.927710128,0.871633534,0.355432321,0.948807941,0.976235573
183,0.912912073,2.02128206,0.89943821,0.712154847,0.998502892,2.802455673,0.705959218,2.343457171,0.987647723,0.292661432,1.011201005,2.526326874,0.305606585,2.546394343,0.674014059,1.855004277,1.034514356,0.450568701,0.847470138,0.576859061,0.80972452,0.907121244,1.133709582,2.295830779,0.791204552,0.839297555,0.915870037,0.940978898,0.872134966,0.35297977,0.948163584,0.97586766
184,0.906671517,1.975090681,0.889421258,0.692915839,1.113080251,2.74578941,0.690856049,2.281225885,0.979571233,0.29270149,1.003739041,2.487489469,0.306851378,2.479162928,0.670677946,1.765554605,1.033414783,0.451127247,0.845099092,0.583516701,0.79401568,0.904206766,1.115265316,2.217198038,0.80060758,0.8290197,0.922208596,0.942687935,0.865325203,0.345372178,0.952399885,0.977175794
185,0.9074271,1.884505505,0.880791269,0.67330036,1.205512079,2.732824427,0.680858176,2.201631573,0.987588337,0.293927255,1.016019855,2.451137321,0.300988807,2.491762088,0.660351881,1.681978899,1.047281613,0.45050523,0.826264931,0.589948657,0.787254549,0.897892063,1.11211814,2.104230533,0.811770663,0.827672135,0.921307309,0.948040542,0.866861848,0.339951574,0.952207949,0.982122174
186,0.894386299,1.787018907,0.892293251,0.659682466,1.273270792,2.716103235,0.669082566,2.119143424,0.988241582,0.306994071,1.031749613,2.461878686,0.297635898,2.427868911,0.674907661,1.608012546,1.026145388,0.453132934,0.833132018,0.595153464,0.785254981,0.920975136,1.136417969,2.046213979,0.825875205,0.833821736,0.932876287,0.948622089,0.873251055,0.334827775,0.945092609,0.990366141
187,0.89900375,1.663563702,0.903248854,0.647544495,1.310581831,2.732824427,0.665132039,2.007055451,0.980699566,0.307018106,1.043401882,2.471566976,0.29874015,2.392727664,0.674609794,1.546193328,1.027733659,0.45850259,0.816087326,0.588467615,0.801740632,0.935507048,1.126446869,2.057556714,0.820016395,0.836527561,0.941179947,0.95717914,0.866263365,0.328626103,0.943378895,0.983253165
188,0.898863827,1.561775752,0.904033399,0.638340408,1.349506635,2.702370855,0.658324976,1.901499283,0.959914484,0.323497837,1.038325168,2.438121314,0.29680269,2.340715747,0.680964296,1.481836327,1.015516188,0.458375647,0.820851787,0.582247235,0.826238941,0.954683911,1.140684813,2.060392397,0.820040505,0.836121152,0.946764971,0.977165373,0.862720994,0.32695462,0.944311156,0.988022402
189,0.902949572,1.46810901,0.907675927,0.63944386,1.30256161,2.648854962,0.655544413,1.791009811,0.979511847,0.354470437,1.03344185,2.389427127,0.29502585,2.273879177,0.684062115,1.43279156,1.034514356,0.458464507,0.804321568,0.58010325,0.831374523,0.952639728,1.141032818,1.892244022,0.812276979,0.848174371,0.948065188,0.973153884,0.863772382,0.328751074,0.937264364,0.98315778
190,0.903341356,1.379867108,0.906667227,0.627370799,1.246497837,2.570782342,0.647385055,1.727262705,0.958132906,0.446234578,1.026672898,2.360404381,0.294483762,2.256900822,0.680904722,1.388166524,1.011973122,0.460889103,0.791392654,0.581471451,0.848061569,0.937611949,1.125175894,1.774793072,0.802319414,0.851842741,0.943337126,0.980678393,0.854973068,0.336717957,0.937565978,0.979287885
191,0.905160351,1.308188617,0.91661413,0.622204048,1.189986876,2.545740943,0.718600906,1.648715687,0.949521943,0.563667681,1.002498066,2.335888795,0.29271696,2.209519365,0.680646571,1.34368406,1.021136225,0.4576013,0.798707109,0.585054164,0.857613465,0.93008288,1.102661482,1.737507664,0.807527245,0.843842912,0.946410366,0.97311828,0.854115782,0.341732406,0.944790995,0.980936678
192,0.903089495,1.240554682,0.918813656,0.614427958,1.143936227,2.488872733,0.719649315,1.576259508,0.940198349,0.70646531,0.992763667,2.32401011,0.28915324,2.083168814,0.677588467,1.303079555,1.031521075,0.459505433,0.804276831,0.60482961,0.879392937,1.050780736,1.07992011,1.606108216,0.806779824,0.838174585,0.931709047,0.97613283,0.886061822,0.343013356,0.936880492,0.969027212
193,0.891559859,1.202741309,0.920242649,0.603198712,1.103864288,2.478250333,0.788054213,1.531777092,0.955222994,0.79567377,0.977211191,2.323799495,0.288761733,2.020747335,0.669843918,1.284431138,1.034819792,0.458807251,0.79226502,0.614280072,0.887290513,1.068065211,1.063987532,1.469382281,0.829322982,0.840024812,0.924351,0.974981604,0.894052375,0.349855503,0.939800661,0.971670732
194,0.890160631,1.145411357,0.919556171,0.589632745,1.065551937,2.448200654,0.791472939,1.474589351,0.958311064,0.845016824,0.975583419,2.319587195,0.288299955,2.034818192,0.676575718,1.260650128,1.029138668,0.463326394,0.782065047,0.689502934,0.90026613,1.050122955,1.044635427,1.471298283,0.819968174,0.830452825,0.924055496,0.963813525,0.89714184,0.345403421,0.936757105,0.981563492
195,0.879750378,1.122010721,0.898905841,0.576417287,1.03646527,2.379902258,0.78275139,1.414838496,0.960805273,0.902179138,0.968266503,2.281550126,0.287717713,2.031587638,0.689503157,1.232107214,1.006414172,0.460774855,0.774884803,0.889006432,0.908767892,1.018650637,1.035360337,1.556100552,0.842077346,0.82013219,0.935373295,0.955944836,0.90443686,0.342247911,0.941980505,0.994290542
196,0.868612526,1.094982827,0.89031788,0.559190456,1.022378846,2.337170322,0.770747865,1.361013119,0.978324129,0.953156545,0.942995745,2.256655434,0.287436631,2.051724757,0.692104532,1.223923581,1.0420281,0.463961105,0.760322999,1.106691492,0.917068259,0.994171043,1.021122392,1.471106683,0.836724853,0.826035807,0.942982521,0.953215125,0.904873591,0.350417871,0.942391796,0.991987682
197,0.873257962,1.066767246,0.882290309,0.545157145,1.003509454,2.295286562,0.760901936,1.332322787,0.975592375,0.992741548,0.911068849,2.232139848,0.287597249,2.073871998,0.706819175,1.198232107,1.042394624,0.479714634,0.754126963,1.300990183,0.936934475,0.978394406,1.007913332,1.391209381,0.840558395,0.831041047,0.965307841,0.947269102,0.90484124,0.349230649,0.937744204,0.987000422
198,0.872334471,1.038102269,0.890065706,0.527774532,0.985437224,2.256957066,0.739295591,1.317192151,0.975770533,1.007418683,0.895258509,2.19241786,0.287787984,2.085681467,0.708646094,1.196007984,1.047525962,0.491126739,0.763767727,1.462804672,0.946400058,0.885778763,1.005447035,1.376801042,0.837785707,0.837618447,0.968410632,0.944302025,0.935299161,0.344403655,0.935207908,0.979955578
199,0.896876924,1.02834398,0.882542484,0.511729044,0.972322948,2.20049275,0.741164494,1.304266343,0.990438862,1.012401859,0.899352114,2.1668492,0.291472168,2.082307333,0.731899599,1.178585686,1.057849725,0.493538641,0.756475641,1.567309862,0.958656405,0.873058279,0.996247598,1.298628142,0.834265599,0.845607581,0.976285811,0.937893138,0.947705546,0.340185894,0.934248228,0.973932713
200,0.882352941,1.006259429,0.888720772,0.505108333,0.959335051,2.199563795,0.755280032,1.275658693,0.989607459,1.011712867,0.9061533,2.167312553,0.285679867,2.151405291,0.755947416,1.168063872,1.042638974,0.49527775,0.764349304,1.655678741,0.984981659,0.873908336,0.984975261,1.211679951,0.829274761,0.855051229,0.984796324,0.940432956,0.940960484,0.338639381,0.946107128,0.975104583
