frame,NIT2MO1_RGW,NIT2MO1_RGW,NIT2MO1_RGW,NIT2MO1_RGW,NIT2MO1_RGW,NIT2MO1_RGW,NIT2MO1_RGW,NIT2MO1_RGW,NIT2MO1_RGW,NIT2MO1_RGW,NIT2MO1_RGW,NIT2MO1_RGW,NIT2MO1_RGW,NIT2MO2_RGW,NIT2MO2_RGW,NIT2MO2_RGW,NIT2MO2_RGW,NIT2MO2_RGW,NIT2MO2_RGW,NIT2MO2_RGW,NIT2MO2_RGW,NIT2MO2_RGW,NIT2MO2_RGW,NIT2MO2_RGW,NIT2MO2_RGW
1,1.061709956,0.921444267,0.770400303,0.975421459,1.011866949,0.957790602,0.942931176,1.043904496,0.985683317,0.958703803,0.963453032,0.975948942,1.016968455,1.12338017,1.01235616,0.77363713,0.91700423,1.01449973,1.05663701,1.02990373,1.03025712,0.90516825,1.02953301,1.13856865,0.86441724
2,1.056974245,0.908609668,0.761712337,0.977469671,1.007367214,0.953091509,0.951589458,1.059874559,0.96477283,0.95891805,0.991603568,0.986429291,1.035189614,1.14888828,0.98148699,0.76338511,0.90247617,1.00218599,1.00654894,1.05926128,1.02649219,0.8994094,1.03068135,1.1451015,0.8643446
3,1.035080689,0.903365961,0.798004799,0.971902736,1.027836598,0.951112943,0.923339443,1.071891635,0.999458044,0.973111944,0.984931404,0.968894861,1.014007516,1.10878461,0.9746083,0.77180502,0.91371486,1.00814231,1.02321485,1.0325664,0.95220386,0.86521364,1.04457924,1.1510014,0.8610758
4,1.035299261,0.878495805,0.810455866,1,1.002735133,0.941467436,0.940529609,1.047383123,0.971502123,0.969844671,1.010195667,0.975142761,1.024143036,1.13060974,1.04462656,0.75810318,0.92544087,1.02200028,1.02271803,1.04444596,1.03030303,0.85579773,1.04481479,1.14410688,0.83496168
5,1.045353539,0.878595685,0.804924864,0.988078357,1.00419093,0.9356554,0.929975352,1.041163759,0.993451359,0.960096411,0.982944748,0.958481693,0.994135064,1.12665394,0.98356758,0.75829809,0.93393842,1.02017528,1.05148819,1.0366628,0.99113866,0.84667605,1.04219422,1.15407568,0.84720154
6,1.035335689,0.860517379,0.798888749,1.015230293,1.018087171,0.938540808,0.933577703,1.065356032,0.98767049,0.975897161,1.005322738,0.960900235,1.00859811,1.07631974,1.0155832,0.74603855,0.92991807,0.98582115,0.98265661,1.06772718,0.95307622,0.83625129,1.0527943,1.14037705,0.82951367
7,1.016392845,0.86810827,0.797575451,1.027256972,0.988088936,0.952267106,0.946723125,1.06688452,0.98319935,0.971076593,0.998125797,0.953107155,1.004156702,1.0929614,1.00390642,0.76708831,0.91468949,1.02567034,0.97479789,1.01344985,0.96147842,0.82708758,1.04552147,1.12561599,0.82046998
8,1.03056355,0.893377946,0.777699204,0.98198624,1.007058408,0.961129431,0.925425014,1.058820429,0.983109024,0.983770755,0.976984781,0.9665435,1.015943514,1.1202428,0.97159356,0.77318884,0.90804983,1.00084231,0.9773723,1.04430941,0.96685032,0.82053007,1.04731759,1.12281297,0.83550648
9,1.053513533,0.912455054,0.83235257,0.977364634,1.015307923,0.955894477,0.944321557,1.065408739,0.971005329,0.961274772,0.999662643,0.982062479,1.007800934,1.07986632,1.02917074,0.75266533,0.956629,0.98738544,0.96156452,1.04369495,1.00720845,0.82109754,1.00800895,1.07816809,0.8346348
10,1.071509235,0.907960447,0.82103801,0.970012079,1.0123081,0.942126958,0.941477596,1.063985664,0.983560654,0.976379218,0.997113727,1.015451797,0.999430589,1.07802483,1.00891682,0.76476894,0.92291292,1.02771594,0.96978456,1.02246194,0.9637741,0.79949137,0.99328661,1.10104435,0.81898086
11,1.034206404,0.907710747,0.808031317,0.981356021,0.996250221,0.929389942,0.925993806,1.063564012,0.980489567,0.972094269,0.983394557,0.984413839,1.013608928,1.09343882,0.99138041,0.73734578,0.92714647,1.02506869,0.99435437,1.04171503,1.00959596,0.79079005,1.04201755,1.07581717,0.8438601
12,1.033623547,0.918547743,0.802500316,1.014495037,0.996691371,0.923701566,0.953169437,1.036683708,0.981302502,0.963685056,1.006072419,0.98286866,1.007573169,1.10312372,1.03617681,0.76317072,0.90016142,1.00214588,1.03631272,1.04888373,0.96129477,0.83255218,1.04496202,1.06503459,0.86369084
13,1.040799971,0.942718738,0.805707791,1.021112337,1.010499382,0.931286068,0.943879163,1.058609603,0.989206034,0.973808249,0.987592773,1.01713134,1.003587291,1.06697586,0.98403465,0.75718713,0.95263911,0.97573351,1.01400117,1.07257459,0.95,0.86203998,1.02019905,1.08024775,0.85297643
14,1.014316418,0.943967239,0.79540346,1.016385694,1.003485089,0.924525969,0.943057574,1.079534075,0.979992774,0.958168184,1.013231876,1.02801478,0.980355313,1.07072705,0.98301558,0.74789015,0.95440563,1.01973407,1.00600696,1.04369495,1.00987144,0.88255323,1.05011483,1.04780958,0.85446555
15,1.012239991,0.921294447,0.791943427,1.004411533,0.998897124,0.974402308,0.944511155,1.054972856,0.987264023,0.967755758,1.005585126,1.007927444,0.988270129,1.07638794,0.9765615,0.74348529,0.93369476,1.00834286,0.9925026,1.04116884,0.96822773,0.87124572,1.00700783,1.02222072,0.82904151
16,1.032494263,0.926787855,0.796262154,1.020429599,1.017513676,0.938334707,0.947544713,1.055130976,0.979089513,0.977932512,0.995539396,0.988915015,1.003587291,1.07413723,1.00598701,0.7340129,0.97877136,0.99145659,0.9866763,1.06970711,1.00991736,0.86494041,1.01746069,1.02326055,0.81138997
17,1.035226403,0.911755893,0.775906049,1.023633213,1.022631022,0.946826051,0.92871137,1.073051178,0.978999187,0.968773433,1.018629582,1.025529056,0.992768477,1.06745328,0.9984714,0.73726782,0.90546097,0.99590879,1.0275507,1.00088755,1.03879706,0.8753862,1.02464519,1.03135314,0.80191043
18,1.039051401,0.916100679,0.775097866,1.026154089,1.011337568,0.955193735,0.946280731,1.064828967,0.984870382,0.975950723,1.022265537,1.004501176,1.00204988,1.04624199,1.02466987,0.72461847,0.92659824,1.02338407,1.00492299,1.05618898,1.03002755,0.86935413,1,1.01754148,0.76733374
19,1.034133547,0.898721534,0.769112262,1.019169161,0.99982354,0.93915911,0.95291664,1.063458599,0.964998645,0.96925549,1.013981558,0.963587504,1.009053639,1.0522439,0.98976689,0.72561249,0.97475101,1.02821732,1.00952983,1.0187069,1.00945822,0.85544043,0.99608386,1.03044894,0.80165619
20,1.014097847,0.907560927,0.786134613,1.007142482,1.008073055,0.95366859,0.955255009,1.081273388,0.966760004,0.975307981,0.990029238,1.032381592,0.993167065,1.05169827,1.03800263,0.73025123,0.96037523,1.03278984,0.96824895,0.99993173,1.03521579,0.87002669,1.01542901,1.06632307,0.77852032
21,1.020363557,0.903166201,0.804343983,1.022582848,1.01266102,0.993363561,0.978006699,1.062668002,0.982567067,0.977932512,1.008508884,0.986093383,1.00859811,1.08429955,0.9861577,0.69616232,0.9564158,1.02524918,0.99995483,1.02259848,1.03259871,0.87233864,0.99149049,1.04907546,0.78792721
22,1.007613566,0.879145026,0.796843036,1.024578541,1.015572613,0.968466612,0.924097832,1.051968587,0.962875982,0.965077665,1.002586401,0.993080282,0.991288008,1.06356568,0.99295147,0.71124798,0.95550209,1.03407336,1.06666366,1.02860654,1.08585859,0.85728998,1.03774807,1.00732402,0.80143827
23,0.998105716,0.851328406,0.785983079,1.012972008,1.011161108,0.983223413,0.979270682,1.03262531,0.960572667,0.97182646,1.016155634,1.006247901,0.994192005,1.02830446,1.00645408,0.73600094,0.94398928,1.02190001,1.07104467,1.03140575,1.01561065,0.86315391,1.0400742,1.02762331,0.78749137
24,0.983825726,0.86775869,0.833261775,1.017593614,1.020292924,0.962118714,0.972508374,1.053707901,0.971637612,0.971237279,0.975185546,0.986698018,1.000911058,1.04781067,0.99808925,0.74292007,0.97697439,1.06676293,1.06950906,1.02027719,1.02878788,0.88459194,1.03854308,1.0298386,0.7917045
25,0.996102146,0.863513783,0.864932441,1.04443044,1.012881595,0.984253916,0.973772357,1.041216466,0.978502394,0.98044992,1.013719169,0.975008398,1.004213643,1.05776838,0.99358838,0.79092521,0.96969512,1.05184205,1.06576035,1.00935345,1.01331497,0.90327666,1.02906189,1.01293006,0.79272146
26,0.969655022,0.84748302,0.895163531,1.076571609,0.993294512,0.95354493,0.959362953,1.039740684,0.998148315,0.984681307,0.979683634,0.990393013,0.978874843,1.06022371,0.9911681,0.79696728,0.96494381,1.03000221,1.05424326,1.00983136,0.95068871,0.91931314,1.0257052,1.04098287,0.76686158
27,1.017084988,0.851977627,0.873317338,1.087915551,1.003352744,0.963355317,0.95146306,1.062984241,0.997019239,0.978682378,0.992240798,0.995834733,0.994533652,1.05926886,0.97881194,0.79640205,0.95135991,1.02338407,1.03513843,1.00860244,0.96414141,0.90861515,1.03088746,1.0036168,0.76773327
28,1.022986412,0.851578106,0.875262028,1.073578068,1.003705664,0.989530091,0.97718511,1.072945765,1.011516575,0.974343867,0.969338031,1.012227074,0.989295069,1.02769063,1.00348181,0.83801431,0.96369506,1.03942803,1.04146154,1.02969891,1.01652893,0.90365497,1.01843237,1.00603554,0.76718846
29,0.996175003,0.857221334,0.881247632,1.062654272,0.994220928,0.986191261,0.978765089,1.053286249,0.992999729,0.965399036,0.976085164,0.986429291,1.018391983,1.01657346,1.04900004,0.85705654,0.9821521,0.98383571,1.03120907,1.04021301,1.00615243,0.88492822,1.00621283,1.01279443,0.75414957
30,0.977305016,0.836096684,0.925268342,1.056352082,1.035644962,0.977576257,0.968653226,1.045538397,1.006548641,0.981467595,0.954719244,0.984077931,1.005637171,1.01104897,1.05426521,0.87545559,0.96555295,1.03455468,1.03622239,1.00839762,1.00968779,0.89293596,1.03506861,1.02427777,0.76224894
31,1.017230702,0.827257291,0.915494381,1.038338323,1.018793012,0.986603462,0.973456361,1.02888315,0.998645109,0.988323514,0.982120099,0.984682566,1.020100216,1.03444278,1.00568978,0.90406767,0.99497457,1.00738022,1.03694503,0.99399194,0.99926538,0.87322138,1.00939285,1.01591392,0.76319326
32,1.006739281,0.84054135,0.916327819,1.048001681,1.00383801,0.98932399,0.992858497,1.034786275,1.000903261,0.964970541,1.048017093,0.984884112,1.041225373,1.01118538,1.00683623,0.93227045,0.96369506,1.00978682,0.99887087,1.00873899,1.01088154,0.85911852,1.03250692,1.05994846,0.78073584
33,0.991876434,0.84004195,0.907185251,1.037235439,1.024307394,0.998722176,0.962333312,1.018447267,1.011155271,0.977932512,1.006147387,0.958683238,1.043332195,1.02216614,1.01401214,0.95472353,0.97222307,1.01937308,1.02222122,1.01146993,0.99444444,0.89030875,1.03674695,0.98704733,0.75128028
34,1.036974974,0.832201358,0.9416593,1.038443359,1.018043056,0.996207749,0.96473488,1.02782902,0.995845,0.970273166,0.98268236,0.984413839,1.012754812,1.00422862,0.98929982,0.96982868,0.97143118,0.99261978,1.02294386,1.01030928,0.94958678,0.90697577,1.02461575,1.00956192,0.75778157
35,1.000801428,0.849131043,0.949640106,1.037498031,1.002117522,1.011747733,0.972002781,1.000474358,1.014994129,0.956668452,0.989954269,0.973261673,1.033538321,1.02844087,0.98738907,1.00543785,0.96844638,1.02115797,0.995348,0.99924899,0.99407713,0.88797579,0.99793887,1.02043492,0.75701885
36,1.014862847,0.849830204,0.935572673,1.030092957,1.006573143,0.972217642,0.988434557,1.031465767,1.001445217,0.960899839,0.982532424,0.989922741,1.0375242,1.01964261,0.99966031,1.02325219,0.99189839,1.00984698,1.0084007,1.02259848,0.9771809,0.88885853,1.02582298,0.99353497,0.75712781
37,1.018651415,0.85382541,0.912286905,1.046688724,1.008867125,0.970445177,0.979902673,1.014863227,1.008851956,0.984306374,1.023240123,0.98636211,1.030121854,1.04085391,0.95384485,1.04215799,0.9923248,1.02847803,0.99688361,1.02437359,1.04494949,0.87584859,1.01722513,0.98460599,0.75934333
38,1.062037813,0.846584099,0.925722945,1.063599601,1.013190401,0.969167354,1.009606269,0.996943024,1.010477825,0.967380825,1.048616838,0.996170642,0.99897506,1.0426272,0.99303639,1.05124057,1.01967533,1.03347171,0.96978456,1.00088755,1.01556474,0.84680216,1.00621283,0.99079976,0.77423455
39,1.032275691,0.832201358,0.940320748,1.057560002,0.988750662,0.986232481,0.978828288,1.004954409,0.996161142,0.976700589,1.010120699,0.989721196,1.026477622,1.01145819,0.96352596,1.04077416,0.99652788,1.01608407,0.99936769,1.0051205,1.01120294,0.87492381,1.01846181,1.00128849,0.74467003
40,1.026447124,0.844936077,0.950195732,1.05073263,1.004764426,0.970032976,1.002338368,0.999051283,0.996341794,0.976539904,1.023202639,0.977964394,1.029096914,1.01220843,0.97915163,1.06075194,1.00904578,1.0595632,1.02312452,1.00218475,1.06088154,0.85258202,1.02305518,1.01577829,0.77663168
41,1.031292121,0.846584099,0.942038136,1.043012447,0.985662608,0.955523495,0.962206914,1.024350393,1.012690814,0.985377611,0.999625159,0.98367484,1.031887029,1.02973673,0.97957624,1.03751925,1.03015259,0.99709203,0.97696581,1.00621288,1.04178145,0.87038399,0.98274542,0.99387404,0.77209167
42,1.021274271,0.832301239,0.987195353,1.032351242,1.005029116,0.963272877,1.008658282,1.00643019,1.003793695,0.977664703,1.031261714,0.978703393,1.029267737,1.02216614,1.00178336,1.02502582,1.00864983,1.0235044,1.01309787,0.99617669,1.04958678,0.88862734,0.97043755,0.98424431,0.79344786
43,1.025208553,0.883140232,0.994595277,1.021532483,1.004852656,0.96067601,1.016684573,1.020450113,1.014181194,0.974772362,1.009108629,1.010278804,1.028356679,1.01145819,0.9813596,1.03935136,0.98863948,1.00647775,1.05857911,1.01713662,1.01524334,0.91378549,0.99081326,0.99346715,0.83717721
44,1.045717824,0.885836996,1.054552342,1.016018066,1.030836421,0.982687552,1.016684573,1.022716492,1.0020775,0.980610605,1.007047005,0.993080282,1.004213643,1.02789524,0.96900344,1.04820005,0.99125879,0.98377554,1.07298677,1.00286748,0.99793388,0.93356313,1.01872681,0.96616031,0.78505793
45,0.999380715,0.898322014,1.05232984,1.010293577,1.022542792,0.973000824,0.989066549,1.008538449,0.992006142,0.990465988,1.000412325,0.982532751,1.024256918,1.00306916,1.04088998,1.05252695,1.04340146,0.99406373,1.071135,1.00047791,0.97773186,0.94724563,1.02131794,0.98593969,0.82145062
46,0.998688572,0.919596484,1.021719914,1.013339636,1.021704606,0.977081616,0.981798648,1.021715069,0.991012555,0.982860204,1.027663243,0.998522002,1.025566564,1.0251671,1.03091164,1.0273452,1.01900527,0.98383571,1.05582404,1.00484741,0.99384757,0.96496353,0.98672045,0.98200642,0.78767297
47,1.017631416,0.974680384,1.01732542,1.01712095,1.017557791,1.009274526,1.009922265,0.995625362,1.003658206,0.981788966,1.032386236,0.98871347,1.021865391,1.01343609,1.01239862,1.04720603,1.02512716,0.99983956,1.0161691,1.0115382,0.99513315,0.96387062,0.99746776,0.96957367,0.85726219
48,1.012677134,0.959498602,0.989847203,0.993172627,0.995279689,0.990807914,0.978322695,0.997206557,0.990651251,0.981306909,1.006484744,1.009405442,1.030235736,1.00409221,1.02063607,1.02709182,1.01458898,1.00846319,1.03242853,1.03311258,1.02552801,0.9891759,1.05182263,0.98178037,0.98630734
49,0.98171287,0.966640032,0.994292209,0.995063284,0.983898006,0.994517725,1.005308728,1.006799136,1.007677717,1.002945903,1.014019042,1.015451797,1.003815055,1.0019097,0.98377988,1.00853685,1.02144184,0.99079478,0.9754302,1.00621288,1.01134068,0.99424116,1.01610624,0.99206564,1.03243381
50,1,1,1,1,1,1,1,1,1,1,1,1,1,1,1,1,1,1,1,1,1,1,1,1,1
51,1.016720702,1.004344786,0.977825483,0.989969014,0.97476619,1.002349547,0.991468116,1.000790597,0.987173697,1.011247991,1.01630557,0.969768223,0.998633413,1.00982131,1.04199397,1.00282613,0.98870039,1.02137858,1.02086627,0.99802007,1.02800735,0.98556086,1.00294447,0.96496225,1.00098064
52,1.036902116,0.99335797,0.963732795,0.995010766,0.988044821,1.018549052,1.004360741,1.017287725,0.99941288,0.98821639,1.013456781,1,1.002277645,0.99529396,1.06432848,0.99039117,1.01431487,1.01788902,0.98870873,1.0200041,0.9902663,1.03810505,0.99416995,0.99066413,0.98667054
53,1.019598557,1.016779864,1.024674833,0.912557114,0.97013411,0.910263809,0.911837199,0.952406051,0.99137386,0.820567756,0.989954269,0.881961706,1.001480469,0.94059473,0.84034648,1.21174499,0.87841501,1.03331127,0.98586333,0.96907216,0.90105601,1.16921331,0.98886991,0.96451015,0.9601569
54,1.130122764,1.044196964,1.092107589,0.862349667,0.884859714,0.963561418,0.917967516,0.949349075,0.884337458,0.805034815,0.965402204,0.913537118,0.961336978,0.96855818,0.88374167,1.35472743,0.89026285,1.03712171,1.01567228,0.9833413,0.92341598,1.48342756,0.99081326,0.93880826,0.94054407
55,1.22614841,1.075359569,1.185907312,0.86103671,0.912872772,0.955976917,0.938507236,0.97680915,0.891292566,0.812747724,1.008996177,0.892509237,0.990661656,0.97974355,0.89295571,1.39409827,0.89470959,1.06820689,1.10342803,1.00477914,0.89517906,1.60770508,0.86643896,0.93315701,0.94355864
56,1.324505482,1.219786256,1.185225407,0.86345255,0.942297512,0.948722176,0.952095052,0.969219417,0.899241261,0.789555437,1.035309993,0.946053074,0.986448013,0.97878871,0.86773385,1.41715555,0.90278074,1.09423821,1.09308523,0.98293166,0.91317723,1.6323378,0.85954891,0.94791808,0.92223877
57,1.36588831,1.231871754,1.169844677,0.858410798,0.948561849,0.981780709,0.948745497,0.985769251,0.896531479,0.801606856,1.035984706,0.913201209,0.969308735,1.00327377,0.87261687,1.41113298,0.90000914,1.10448629,1.11399666,0.96927699,0.89517906,1.71972929,0.85112773,0.91195352,0.91984164
58,1.391861863,1.29844187,1.153428463,0.867864083,0.934621493,1.022052762,0.97282437,1.003531334,0.915228977,0.797000536,1.031261714,0.918575747,1.00353035,0.97565134,0.8761836,1.37337985,0.93244601,1.07295991,1.11264171,0.96381512,0.86694215,1.75775027,0.85283552,0.94649396,0.91130643
59,1.425594696,1.331352377,1.146685188,0.871487842,0.948297159,1.028854081,0.970296404,0.999736468,0.908951314,0.775307981,0.982345003,0.928115553,0.997551532,0.9399127,0.89533353,1.38312511,0.87345049,1.08852255,1.16959487,0.96804806,0.95596878,1.82111856,0.8745068,0.94156607,0.87589438
60,1.454919675,1.281362365,1.126531128,0.871172733,0.961222869,1.000412201,0.964861278,1.013176619,0.90398338,0.806855919,0.991228728,0.97547867,1.006035759,0.97967535,0.881746,1.38942055,0.92379618,1.10119728,1.10067296,0.99706425,0.95629017,1.89461737,0.85068606,0.97597088,0.86601533
61,1.469236093,1.291050739,1.114913499,0.874008718,0.947282513,1.005358615,1.087846805,1.024455806,0.907189956,0.794804499,1.040107954,0.990930467,0.997551532,0.99583959,0.89452677,1.42966847,0.91813115,1.06646211,1.11200939,1.01317676,0.88039486,1.95743921,0.84194099,0.96349292,0.88907856
62,1.480018943,1.271474231,1.106175022,0.899585106,0.963649197,1.029513603,1.146622006,1.010962947,0.922003432,0.798232458,1.038646075,0.966409137,0.987928482,0.94400491,0.88144877,1.48435886,0.8892273,1.08629645,1.02940247,0.98689151,0.893618,1.97423233,0.85062717,0.93419684,0.90353394
63,1.468762522,1.248751498,1.097310266,0.934509742,0.976663137,1.029472383,1.149465967,1.008222211,0.933881312,0.805731119,0.993477772,0.999798455,1.014747751,0.95607693,0.85775551,1.53848403,0.91736972,1.05398793,1.07118016,0.98074691,0.9003214,2.02440152,0.84276544,0.94554455,0.8772019
64,1.449965393,1.230623252,1.082283117,0.938973793,0.957781895,1.032852432,1.159893825,0.973699468,0.905699575,0.810016069,1.04126996,1.002888814,1.034961849,0.97074069,0.85605707,1.56536145,0.92416167,1.02372501,1.2228445,1.01706834,0.91134068,2.06177095,0.84927272,0.94190515,0.95336505
65,1.456959674,1.238963244,1.110468493,0.931463684,0.960605259,1.052638087,1.241420717,0.983344753,0.938216963,0.798928763,1.034710248,0.979308028,1.027274798,0.98663211,0.87401809,1.59742335,0.89343039,1.04522391,1.28706924,0.97200792,0.89825528,2.07429748,0.84556269,0.96758443,1.03483093
66,1.454737532,1.30568318,1.23818664,0.942650071,0.975251456,1.068384171,1.215129874,0.996943024,0.93148767,0.802570969,1.01630557,0.969566678,1.0192461,0.98035739,0.84391321,1.62761417,0.87701398,1.03367226,1.26656429,0.99761043,0.89559229,2.11103638,0.83181203,0.97630996,1.03072676
67,1.448435394,1.328405913,1.256269731,0.927157187,0.975472031,1.054946414,1.21765784,1.014178042,0.927513323,0.808462775,1.000937102,1.001881088,1.007174581,0.9980221,0.85788289,1.63045978,0.87652667,1.03569781,1.22939343,0.98702806,0.90913682,2.14216356,0.84830104,0.99624757,0.98870446
68,1.471531092,1.324260887,1.239297891,0.926842078,0.973310394,1.031038747,1.227327308,0.975807727,0.941107398,0.796946974,1.02920009,1.019012429,1.004213643,0.95102987,0.86947476,1.63874325,0.90186702,1.03619919,1.18034416,0.9718031,0.87842057,2.15336598,0.81626524,1.02398391,0.96752987
69,1.465884667,1.364562525,1.222376563,0.924111129,0.983765661,0.981574608,1.296530367,1.002424498,0.930087616,0.815586502,1.028975186,1.04823648,1.012128459,1.01132178,0.86259607,1.64815717,0.93850699,1.01668572,1.23801996,0.98989554,0.91620753,2.1649257,0.8408221,1.1166192,0.9728326
70,1.414848275,1.388034359,1.201818411,0.91387007,0.988971237,1.019291014,1.286418505,0.990143889,0.961972722,0.794590252,0.990366594,1.061336916,1.009167521,0.9922248,0.86985691,1.63174616,0.90722748,1.04654754,1.37563796,1.03782345,0.92658402,2.15834717,0.85722278,1.14397125,0.92768678
71,1.407161852,1.412055533,1.169491097,0.911821858,0.974722075,0.983058533,1.294444796,1.036103937,0.968927829,0.806266738,0.985231277,1.06966745,1.009167521,1.00136407,0.89486646,1.57684137,0.91892303,1.0139783,1.43710763,0.98450195,0.91707989,2.16231951,0.85168718,1.20337719,0.91457524
72,1.431459692,1.398921294,1.132011618,0.9087758,0.972648668,1.028359439,1.283132149,0.983450166,0.980173426,0.815640064,0.963115676,1.052065838,1.009395285,0.98574546,0.81440279,1.56099558,0.92239515,0.99169725,1.43936588,0.99051,0.92594123,2.20742344,0.85910724,1.29264433,0.85522827
73,1.405923281,1.38229125,1.127389822,0.911191639,0.968413623,0.999546579,1.238071162,1.000263532,0.995257881,0.799035886,0.969375515,1.049378569,0.996868238,0.97251398,0.89524861,1.56647241,0.88925776,1.00964643,1.42242898,1.02587561,0.8922865,2.1995208,0.86867676,1.37635065,0.88871536
74,1.421587556,1.378395925,1.114989266,0.914867917,0.984427387,1.013932399,1.247740631,0.99446582,0.992683588,0.813604713,0.980245895,1.07235472,1.019359982,0.98308553,0.84607872,1.58263005,0.88109524,1.02597116,1.37789621,0.99467468,0.92571166,2.20771769,0.84479713,1.54722185,0.92009588
75,1.444209683,1.441969636,1.199368607,0.931936348,1.02576319,0.982976092,1.247867029,0.976176672,0.991238371,0.824263524,0.98710548,1.093920054,1.041282314,0.99945437,0.87686298,1.58613834,0.86836415,1.024086,1.34993903,1.03570697,0.934573,2.18022657,0.86614451,1.64252453,0.93930919
76,1.420640414,1.512784658,1.177977017,0.925949267,1.032556908,0.992374279,1.241673513,0.979708006,0.981934785,0.811033744,0.992090861,1.084111522,1.049994306,0.97994817,0.86675725,1.5523223,0.90080102,1.05071897,1.35170047,0.97972281,0.95082645,2.17814582,0.85896001,1.77315882,0.91846148
77,1.431714692,1.561026768,1.161485036,0.921695289,1.09308276,1.016405606,1.21986981,0.985769251,0.971366634,0.801017675,0.981895195,1.094860598,1.069809817,1.01609603,0.86696956,1.53595026,0.87287181,1.15193631,1.29790886,0.99085137,0.91629936,2.16435823,0.83184147,1.91175008,0.95154905
78,1.409638993,1.743557731,1.135522162,0.916706055,1.073275101,1.044888706,1.165265752,0.971169557,0.985231686,0.806266738,0.962590899,1.145784347,1.039232434,0.98567726,0.87172519,1.5523223,0.88447598,1.17511983,1.32189151,1.02908445,0.86202938,2.1499401,0.8404982,2.05814006,0.93131878
79,1.420603985,1.940771075,1.222654376,0.907725435,1.016807835,1.008573784,1.210073943,0.977652453,0.965043808,0.821103374,1.016005698,1.156734968,1.085810272,0.98158505,0.82624942,1.56602413,0.88203941,1.21059704,1.38001897,0.99726907,0.95674931,2.14758612,0.85312997,2.16377323,0.95278393
80,1.404101854,2.017379145,1.226745801,0.901528281,1.008249515,1.022918384,1.242811098,0.991198018,0.971547286,0.796679164,0.956818352,1.146926436,1.029267737,0.97108171,0.84463505,1.57561346,0.92608047,1.34093416,1.42450657,1.02963064,0.93025712,2.1766956,0.82592309,2.36570369,0.9025533
81,1.415868274,1.976278466,1.22050764,0.906044851,0.977986589,0.994600165,1.232825634,0.98413535,0.971276307,0.823031601,0.991303696,1.150352704,1.040029609,0.99106534,0.87023906,1.53828912,0.903664,1.41068528,1.3858001,1.03222503,0.93149679,2.18651086,0.85943113,2.50786654,0.92859478
82,1.404065426,1.952506992,1.193180957,0.907357807,0.996294336,1.004451772,1.209505151,0.995625362,0.935236203,0.814729513,0.99917535,1.101578771,1.047545838,0.97237757,0.82603711,1.54259653,0.91295343,1.51404849,1.3479066,1.00116065,0.88709826,2.17131508,0.86287616,2.68848049,1.01013329
83,1.397034716,1.94411706,1.175198889,0.941547188,0.984868537,1.048103875,1.168868103,0.963000053,0.957140276,0.805677558,0.985943474,1.098085321,1.014064457,0.98854181,0.86442189,1.55746779,0.9028112,1.60750456,1.36010117,1.03270294,0.89770432,2.16030181,0.86782286,2.75211357,0.99960048
84,1.401916141,1.893427887,1.221644147,0.940811932,0.993426857,1.032440231,1.15515389,0.971538502,0.946120495,0.809159079,0.991491116,1.098286866,1.016512926,0.95948711,0.85631183,1.53343598,0.91307526,1.72438481,1.38444515,1.03092784,0.87171717,2.15727527,0.82339085,2.82307066,0.99771184
85,1.421878984,1.872103476,1.243894431,0.938816239,0.981030528,0.999587799,1.255008532,0.9926738,0.948830277,0.808998393,0.973423795,1.07510917,1.040599021,0.98547265,0.88004756,1.54826827,0.91478086,1.863867,1.35761709,1.03959855,0.86313131,2.16973875,0.86479006,2.88661332,1.02208259
86,1.37641616,1.841390332,1.235054931,0.957250144,0.977413093,0.975226711,1.250900588,0.969272124,0.97398609,0.812051419,1.001349426,1.088679879,0.988156246,0.9941345,0.88369921,1.55347224,0.87847592,2.00429176,1.31574906,1.01809244,0.89761249,2.17137813,0.85878335,3.02267282,1.06744634
87,1.412771848,1.802287255,1.208561687,0.945906202,0.978648315,0.966117065,1.241041522,0.98144732,0.997109566,0.793036958,0.968550866,1.049378569,1.015658809,0.9729232,0.84811685,1.60958544,0.91992812,2.12909372,1.2833657,1.02485151,0.92038567,2.13119233,0.84944938,3.03099146,1.09628446
88,1.396597574,1.774570515,1.194367976,0.936820545,0.977236633,1.001277824,1.252480566,0.96842882,1.007271249,0.795661489,0.968026089,1.051864293,0.99037695,0.9787205,0.88505796,1.67172121,0.91006,2.20036901,1.28020415,1.00218475,0.92134986,2.10643351,0.8897297,3.10007234,1.09083645
89,1.390805435,1.765681183,1.17631014,0.918701749,0.963869772,0.972506183,1.252101371,0.978337638,1.000270978,0.806480986,0.964989879,1.091568693,1.016114338,0.98854181,0.86221392,1.69499289,0.90573508,2.3449652,1.27455851,1.02464669,0.92098255,2.07864814,0.8397032,3.1510014,1.024625
90,1.392116863,1.957351179,1.144866776,0.9231658,0.97476619,0.990849134,1.239840738,0.964423128,1.013006955,0.806159614,0.964727491,1.156533423,0.994989181,0.94884736,0.87219226,1.71210556,0.90783663,2.41331248,1.33006639,1.01106029,0.9077135,2.06311608,0.91572934,3.15676568,1.05593288
91,1.430585407,1.941819816,1.14042177,0.911349194,0.971016411,0.983140973,1.21468748,0.971011437,0.994083642,0.808194965,0.974323413,1.226872691,1.018107277,0.96180603,0.83635514,1.70171711,0.91079097,2.43980507,1.29926381,1.01420086,0.91225895,2.05258623,0.88113185,3.22874,1.11350016
92,1.410586135,1.886186576,1.122818538,0.909143427,0.979839421,0.99291014,1.283700942,0.985716545,0.982250926,0.791430102,0.955169053,1.313268391,1.024769388,0.95771382,0.9234852,1.67314402,0.90747114,2.60176885,1.28684341,1.02266676,0.91363636,1.98568696,0.93660562,3.29226005,1.05691352
93,1.378747587,1.759688374,1.086778634,0.902578646,0.981604023,0.965210223,1.260633255,0.961682391,0.971095655,0.807337975,0.961541345,1.319247565,0.994305888,0.96228345,0.8711732,1.60116553,0.90667926,2.55738724,1.28029448,0.97207619,0.92157943,1.97849892,0.91770214,3.13766445,1.01656194
94,1.370332593,1.67364163,1.056067685,0.903103829,0.977766014,0.939530091,1.260001264,0.916881885,0.959850059,0.820460632,0.959142364,1.308834397,1.005466348,0.95682717,0.84289414,1.49562438,0.86138946,2.56972104,1.2444334,0.93889534,0.93342516,1.85083755,0.89346917,3.01392468,1.01220354
95,1.318895487,1.616560128,1.080843541,0.898797332,0.961355214,0.949093157,1.269228338,0.948716597,0.949417397,0.802945903,0.960641727,1.31555257,0.986391072,0.96187423,0.92781623,1.39292884,0.9370755,2.42217676,1.27013233,0.94859015,0.93962351,1.73131003,0.89656086,2.9322076,1.07115098
96,1.289424793,1.672642829,1.038691754,0.887663463,0.961443445,0.955935697,1.217721039,0.922626891,0.955920874,0.808730584,0.933390809,1.299630501,0.999145883,0.95021143,0.83622776,1.34034342,0.9049432,2.42386138,1.27189377,0.93991944,0.95316804,1.6293743,0.90668983,2.85880917,1.04082374
97,1.274379804,1.613513783,1.066675085,0.898692296,0.944106229,0.934830998,1.1838463,0.953776419,0.954024027,0.83304767,0.904265687,1.352233792,0.982177429,0.95123448,0.88314721,1.30549438,0.86949106,2.40749654,1.29546994,0.95760224,0.90918274,1.5355514,0.88760968,2.79732357,0.98903134
98,1.253251248,1.504045146,1.04490466,0.905729741,0.942473972,0.918920033,1.171522467,0.895483055,0.94070093,0.837761114,0.923420046,1.358884783,0.97870402,0.93050061,0.87970787,1.28518526,0.89872994,2.29360448,1.20419132,0.99931727,0.96313131,1.45486454,0.91593546,2.78339889,0.96542331
99,1.202251284,1.386636037,1.007551459,0.902000945,0.937753662,0.929101401,1.157176262,0.931797818,0.916448379,0.811837172,0.927205937,1.325025193,0.964924268,0.95382622,0.87482485,1.22566122,0.92224287,2.26131601,1.16516869,0.91766232,0.88544536,1.39597301,0.88811024,2.67432976,0.95932154
100,1.159119886,1.391779864,0.993736583,0.893125361,0.929504147,0.9143446,1.10807053,0.917092711,0.912745009,0.819764328,0.888747282,1.300100773,0.95285275,0.94141318,0.83958218,1.18703101,0.87677032,2.1743778,1.12628156,0.94503994,0.93085399,1.34496311,0.89361639,2.61589584,0.96869211
101,1.164256311,1.34728326,0.961762849,0.887348354,0.91128463,0.927493817,1.111483284,0.907183893,0.898021859,0.845045528,0.94021291,1.253140746,0.956952511,0.93970809,0.8482867,1.15305904,0.91408035,2.15352065,1.17370489,0.91240527,0.91524334,1.28029173,0.87380013,2.48747683,1.00566593
102,1.124075626,1.299440671,0.939638843,0.896328974,0.931445209,0.924319868,1.100802629,0.906340589,0.911028814,0.828709159,0.925856511,1.272421901,0.953820749,0.93275133,0.85333956,1.097628,0.9032376,2.07967832,1.14746398,0.87983887,0.9443067,1.23237142,0.89494141,2.44190515,1.0163077
103,1.08363994,1.295445465,0.921732542,0.890919595,0.907534851,0.907955482,1.067117487,0.920676751,0.920106585,0.824906267,0.908463903,1.212764528,0.965265915,0.90840267,0.84344614,1.05917321,0.89586696,2.07530634,1.13743733,0.88796341,0.94233242,1.20265243,0.87076733,2.38358425,1.00355937
104,1.10192707,1.288254095,0.897209244,0.893125361,0.91503441,0.909398186,1.101371421,0.90138618,0.907144793,0.859560793,0.922557913,1.185555929,0.97517367,0.90471968,0.87478239,1.02245308,0.89821216,2.02304314,1.13314665,0.91281491,0.91561065,1.14405515,0.88981803,2.3001944,0.97493916
105,1.070307093,1.258889333,0.879530244,0.882936821,0.908152462,0.918507832,1.062819946,0.913297844,0.921867943,0.851419389,0.91359922,1.159690964,0.96805603,0.93241031,0.86862554,1.03510242,0.95681174,1.94745603,1.1022989,0.91964225,0.90123967,1.0895353,0.88654967,2.23016411,0.95470889
106,1.046409967,1.224031163,0.86258366,0.889344047,0.915916711,0.931286068,1.044176199,0.906814948,0.915048324,0.833958222,0.915510908,1.190930467,0.955642865,0.95068886,0.8646342,1.06244762,0.9276947,1.94522993,1.09308523,0.88099952,0.90151515,1.06519683,0.86387727,2.1455762,0.94392184
107,1.034862118,1.212894527,0.833438565,0.892757733,0.905726134,0.934830998,1.041964229,0.89316397,0.916945172,0.847455811,0.94602294,1.181189117,0.95484569,0.93779839,0.87885865,1.05862748,0.88322724,1.94356537,1.12501694,0.89601966,0.91859504,1.01214822,0.86923621,2.13097337,0.90963571
108,1.041455685,1.22238314,0.816719283,0.901790872,0.913181578,0.928318219,1.01320862,0.895588468,0.916809683,0.861006963,0.942124597,1.145112529,0.942660289,0.93125085,0.8923188,1.05324809,0.92166418,1.8290516,1.21064993,0.921827,0.92208448,1.00424557,0.90141923,2.08757177,0.87850943
109,0.992896434,1.233320016,0.803460033,0.895698755,0.911240515,0.930090684,1.020792517,0.892847731,0.92078403,0.844617033,0.949546443,1.143634531,0.964184034,0.93459282,0.90904845,1.0491356,0.9394207,1.7454024,1.18680276,0.89991124,0.91303949,0.99897013,0.90568871,2.05748452,0.8445865
110,0.991075006,1.198711546,0.78921581,0.889501602,0.917019587,0.898103875,1.042785818,0.898276498,0.918706531,0.861703267,0.922407977,1.098555593,0.956667805,0.94912017,0.85626937,1.04578323,0.88669936,1.71231173,1.1725306,0.87690312,0.94191919,0.99222346,0.88257464,1.9692798,0.88330367
111,1.006921424,1.225429485,0.786942796,0.888083609,0.916093171,0.9069662,1.021424509,0.883624097,0.918616204,0.842046063,0.956630932,1.064628821,0.962191094,0.95444005,0.90459004,1.02742316,0.93795876,1.71804745,1.15134818,0.87553765,0.93227732,0.9978562,0.91249043,1.92384375,0.89663313
112,0.954245747,1.25724131,0.774516984,0.894595872,0.904270337,0.963643858,0.9926689,0.899488747,0.930358595,0.853990359,0.934665267,1.065300638,0.961109213,0.95102987,0.86314806,1.01177227,0.91724789,1.68485651,1.10794454,0.89383491,0.92144169,1.0027323,0.92241329,1.82937746,0.90280754
113,0.945247896,1.24325809,0.769516353,0.891917441,0.911725781,0.958037923,1.003286355,0.896958836,0.924848704,0.866309588,0.94722243,1.092240511,0.944767111,0.95709999,0.87911341,0.99195042,0.88018152,1.61761226,1.07248995,0.86700348,0.90996327,0.97141596,0.8966492,1.76578959,0.88344895
114,0.927179338,1.264832201,0.827655007,0.889449084,0.904976178,0.947650453,1.008026291,0.904021504,0.918977509,0.874504553,0.935339981,1.057440376,0.95131534,0.95982813,0.88870961,0.97288869,0.9085676,1.57156609,1.05889526,0.85962996,0.91473829,0.94735072,0.93213003,1.69612098,0.87233502
115,0.975775017,1.294396724,0.84437429,0.894858463,0.902020469,0.948309975,0.991784112,0.906867654,0.915770933,0.880021425,0.950183672,1.041115217,0.956553923,0.95075706,0.91439854,0.95080593,0.87494289,1.52211058,1.02773136,0.89799959,0.96092746,0.94083524,0.91799658,1.67301867,0.87168126
116,0.917926487,1.305982821,0.850763985,0.88535266,0.897564849,0.967353669,0.996144852,0.919517209,0.893957185,0.872844135,0.977134718,1.066509909,0.941236761,0.93179648,0.88301983,0.93326447,0.90625286,1.44708501,1.04236484,0.86509183,0.93815427,0.89360852,0.92447441,1.52240156,0.83833945
117,0.95340789,1.334049141,0.840434398,0.896434011,0.897344274,0.965045342,1.010238261,0.900226638,0.887227893,0.856186395,0.954231951,1.074101444,0.945393463,0.94714227,0.88662902,0.93803964,0.89187707,1.43747869,1.02804751,0.88796341,0.9476584,0.89365056,0.91614157,1.52020887,0.85777068
118,0.924702197,1.348132241,0.870665488,0.891497295,0.891388742,0.962448475,0.990140934,0.889000158,0.890028001,0.877771826,0.955618862,1.055089016,0.956269218,0.96228345,0.84166277,0.91476797,0.91831389,1.43890259,1.00532948,0.86345327,0.96473829,0.86973244,0.93790118,1.44886749,0.87571278
119,0.914830061,1.346683979,0.853617881,0.898692296,0.889359449,0.956265458,1.029703596,0.907816371,0.897344413,0.855490091,0.917759952,1.064024185,0.933435827,0.94332288,0.93592629,0.90073479,0.93488259,1.41433528,0.97028138,0.87813204,0.93604224,0.86103113,0.94164066,1.38711063,0.86692333
120,0.943062184,1.335747103,0.854047228,0.889449084,0.879257103,0.97873042,0.98824496,0.900068518,0.889079577,0.862185324,0.923682435,1.020826335,0.94271723,0.95682717,0.90017409,0.89005399,0.92315658,1.38373142,0.98726345,0.86905168,0.95165289,0.85445259,0.89820976,1.33462182,0.85290379
121,0.907799352,1.314972034,0.833160753,0.89044693,0.896726663,0.968342951,1.024015673,0.915933168,0.899467076,0.875736476,0.929417498,1.046019483,0.964184034,0.97578775,0.89516369,0.89026838,0.94593854,1.36457895,0.98166298,0.89547348,0.971809,0.8379327,0.91257876,1.24650753,0.83939273
122,0.879895086,1.306282461,0.875009471,0.897694449,0.883227457,0.951112943,0.987612968,0.911927476,0.906241532,0.862560257,0.930429567,1.007860262,0.950005694,0.93356977,0.8794531,0.87541661,0.93162367,1.30266931,0.9763335,0.87034888,0.93719008,0.81554888,0.94202344,1.2359736,0.8607126
123,0.919529343,1.293997203,0.891324662,0.898009558,0.895182636,1.008573784,1.009922265,0.924049966,0.889395719,0.866684521,0.93957568,1.017668794,0.941578408,0.94495976,0.89350771,0.86633403,0.90518685,1.25786655,0.97272029,0.8818188,0.97309458,0.80361084,0.94888405,1.2219811,0.89307377
124,0.894466504,1.27092489,0.886778634,0.90515204,0.92778366,0.973907667,1.025595652,0.937331998,0.904886641,0.890626674,0.916597946,1.028552234,0.939528528,0.9806984,0.84255446,0.85341182,0.93463893,1.21234182,0.9763335,0.90714822,0.94109275,0.78391727,0.91726047,1.20014467,0.93022918
125,0.889184365,1.280263684,0.863568632,0.908933354,0.933121581,0.972959604,1.053972066,0.942075581,0.891021588,0.871344403,0.923120174,1.016929795,0.933663592,0.9593507,0.8834869,0.83444754,0.92020224,1.19152478,0.98586333,0.89014815,0.91056015,0.78131108,0.94900183,1.13978932,0.91969636
126,0.870314378,1.265581302,0.852607652,0.920697442,0.954076231,0.93582028,1.028376414,0.947873294,0.899060609,0.865077665,0.93837619,0.972119583,0.936738412,0.95000682,0.93596875,0.80425673,0.95699449,1.14979043,0.93401382,0.89840923,0.97061524,0.77525799,0.94517402,1.1089561,0.92975702
127,0.867545809,1.278465841,0.84808688,0.927314742,0.941459326,0.975391591,1.080515705,0.925894692,0.909222292,0.873379754,0.963865357,1.036143769,0.939300763,0.92886373,0.88760562,0.80022219,0.9474614,1.10661212,0.92981347,0.87451355,0.9825528,0.76584207,0.93628173,1.0804512,0.90938147
128,0.857382245,1.250749101,0.825836596,0.935507589,0.920063526,1.022052762,1.060355179,0.928951668,0.893099088,0.876486342,0.910450559,0.998857911,0.96145086,0.98745055,0.86433697,0.78474672,0.97216215,1.04422117,0.94806016,0.88605175,0.97350781,0.74930116,0.94794182,1.06797324,0.9000109
129,0.857527959,1.223881342,0.827705518,0.939656531,0.914813834,1.015828524,1.035201921,0.916565646,0.897525065,0.879860739,0.937701477,1.01088344,0.941806172,0.95239394,0.88760562,0.77624885,0.96741084,1.04177446,0.93148458,0.87048542,0.98879706,0.7482713,0.94287733,0.99692572,0.85192315
130,0.862227241,1.210797044,0.81202172,0.948217005,0.908108347,1.009521847,1.065347911,0.920571338,0.903441424,0.887680771,0.935077592,0.996640914,0.924837718,0.9438003,0.88480319,0.75816165,0.96393872,1.03569781,0.95171853,0.90250563,0.96997245,0.72769499,0.98303987,1.01209368,0.8744779
131,0.85450439,1.179784259,0.800252557,0.947849378,0.927077819,0.994888706,1.051760096,0.919991567,0.912519194,0.879646492,0.941674788,0.989250924,0.937023118,0.9690356,0.92633009,0.74968328,0.99890354,0.98933077,0.92276772,0.8682324,0.95009183,0.7369848,0.94685236,0.97511189,0.85893292
132,0.880951514,1.165850979,0.803965147,0.952943648,0.897079584,0.984047815,1.017379764,0.946713751,0.888808599,0.884038565,0.939875553,1.018139066,0.937250883,0.95778202,0.92378243,0.74290058,0.96537021,0.99709203,0.93984012,0.90086707,0.97658402,0.72420606,0.95818856,0.97511189,0.8733883
133,0.862810098,1.136236516,0.82669529,0.94926737,0.886889007,1.199505359,1.043101814,0.956411743,0.895537892,0.875415104,0.92289527,1.005374538,0.942660289,0.96924021,0.92734916,0.73095289,0.97779673,0.94500933,0.91906418,0.90632894,1.02759412,0.75407217,0.94602791,0.96360595,0.82562743
134,0.86776438,1.108070316,0.83571158,0.931148574,0.924430916,1.030173124,1.012260633,0.933379012,0.903802728,0.882806642,0.935190044,1.033053409,0.955813689,0.92163416,0.94267759,0.73046563,0.95830415,0.90885025,0.9487828,0.90230081,0.95445363,0.76020934,0.93348448,0.94398481,0.80968293
135,0.85800153,1.107770675,0.828261144,0.928680216,0.91485795,1.041508656,0.992984895,0.947609761,0.88867311,0.900803428,0.943661444,1.010077259,0.924040542,0.94495976,0.91898433,0.70573216,0.96491335,0.9204019,0.91188293,0.90919642,0.95431589,0.75064629,0.95739356,0.93103214,0.82580903
136,0.88605151,1.096434279,0.805505746,0.962134342,0.903035116,1.025886232,1.032863553,0.953934539,0.881492187,0.883931441,0.928667816,1.010614713,0.965095092,0.97340063,0.93537429,0.70388056,0.96692352,0.89878266,0.93717538,0.8984775,0.94843893,0.74812417,0.9659914,0.92119897,0.81320597
137,0.873265091,1.086845785,0.812855158,0.967543721,0.921563437,0.938953009,1.012892625,0.952353344,0.894137838,0.885484735,0.943736412,1.020020155,0.937478647,0.91986086,0.90909091,0.70364668,1.01434532,0.91352305,1.01562712,0.9018229,0.95844812,0.79331218,0.91334433,0.92350468,0.82381143
138,0.863720812,1.086596085,0.841217325,0.973005619,0.925842597,0.986727123,1.084939645,0.938122595,0.907822238,0.883663631,0.95550641,1.009942896,0.930133242,0.94734688,0.89388986,0.69047109,0.98903542,0.90016646,1.03500294,0.87526456,0.97552801,0.80779335,0.94075732,0.9177404,0.79566339
139,0.845870824,1.128745505,0.83995454,0.967333648,0.931754014,0.995218467,1.089553182,0.973963,0.918074248,0.907391537,0.955768798,1.029761505,0.945792051,0.96085118,0.93728504,0.70054768,0.97673073,0.90696508,1.00695542,0.89458592,1.0097337,0.80485088,0.96472528,0.93611827,0.78571169
140,0.861170813,1.120055933,0.828766258,0.957932882,0.935018528,0.99295136,1.089047589,0.948453065,0.907957727,0.898446706,0.969338031,1.000873362,0.93053183,0.96214705,0.92807099,0.69725379,1.0044772,0.92292882,1.00009033,0.87171434,0.9302112,0.81369932,0.96619751,0.90716126,0.78643809
141,0.873155805,1.149021175,0.822528097,0.951893283,0.913887418,1.016117065,1.094293118,0.94344595,0.904299521,0.914729513,0.957605518,1.044138394,0.933492768,0.94066294,0.9707868,0.6959869,0.95589803,0.86932194,0.95483492,0.89956988,0.96303949,0.84657097,0.97294035,0.89791582,0.84186249
142,0.892827219,1.150469437,0.82103801,0.956882517,0.921166402,1.000535862,1.067307085,0.973277816,0.908770662,0.892340653,0.969450484,0.993416191,0.959230156,0.97005866,0.89359263,0.6963962,0.97867999,0.90542085,0.97068786,0.90516829,0.9771809,0.86678997,0.95986691,0.92669198,0.85152363
143,0.892135077,1.164003196,0.822603864,0.953311276,0.936386095,0.987592745,1.075965367,0.959626838,0.905925391,0.892662025,0.96858835,1.008599261,0.950461223,0.93773019,0.93168018,0.69074395,1.00076143,0.86527084,0.93012962,0.90830887,0.99839302,0.88412955,0.95403686,0.9561463,0.82875095
144,0.879822229,1.137934479,0.856118197,0.954624232,0.933430386,1.000865622,1.065537509,0.963843356,0.903125282,0.898875201,0.959254817,1.021363789,0.965949209,0.92777247,0.94322959,0.70742784,0.99421314,0.90919118,1.0028454,0.90250563,0.98953168,0.90842599,0.93645839,0.92836475,0.83024008
145,0.876944374,1.123701558,0.82775603,0.958247991,0.929371802,1.026174773,1.070151046,0.958625415,0.939887996,0.894911623,0.970575006,1.016661068,0.942660289,0.93766198,0.91979109,0.74295905,1.01708647,0.87539859,0.98708279,0.87458183,0.97162534,0.89627777,0.96646252,0.9674488,0.81171685
146,0.881898656,1.128445865,0.827503473,0.95709259,0.928533616,1.022217642,1.057005625,0.963474411,0.922364737,0.900267809,0.968475898,1.041451125,0.950688988,0.93316055,0.93609613,0.74414797,1.01833521,0.87860738,0.98491486,0.87697139,0.96391185,0.8972656,0.93030446,0.95691487,0.85453819
147,0.839495829,1.150968837,0.819068064,0.961556641,0.939209458,1.033594394,1.034885926,0.940230854,0.909854575,0.898821639,0.990366594,1.043332214,0.952454162,0.91774656,0.97566982,0.7895219,0.96031432,0.8817159,0.98812158,0.88345736,0.98200184,0.8684924,0.90674872,0.9615941,0.82697127
148,0.835998689,1.159358769,0.799015027,0.968804159,0.914240339,1.004451772,1.057953612,0.945185263,0.898202511,0.913551152,1.021778244,1.048505207,0.961792507,0.94495976,0.94335697,0.81205294,1.00179697,0.86276397,0.99354139,0.93357001,0.9731405,0.84573026,0.98303987,0.93959944,0.82537319
149,0.855269389,1.143028366,0.793054679,0.960453758,0.911152285,1.004492993,1.03014599,0.955884678,0.908048053,0.92212105,1.008059075,1.08249916,0.972952967,0.94359569,0.94454588,0.81378759,0.99817257,0.83354391,0.96228716,0.89533693,1.01616162,0.82836966,0.97441258,0.98609792,0.80579668
150,0.847655823,1.185427487,0.787069074,0.961136495,0.905196753,1.015169002,1.017822158,0.943709482,0.873859633,0.907712908,1.033398306,1.085522338,0.959344038,0.95853226,0.93206233,0.82207106,0.99698474,0.84096424,0.97466239,0.89451765,0.98301194,0.80592278,0.98136152,0.98275238,0.79762467
151,0.824560125,1.197013584,0.776461674,0.959560947,0.923195694,1.06776587,1.028250016,0.920571338,0.886234306,0.905731119,1.016005698,1.054551562,0.94117982,0.94639203,0.91274256,0.81661372,0.98739073,0.84178649,0.97601734,0.89656585,1.02520661,0.79862965,0.94131677,0.97931642,0.81898086
152,0.84973225,1.171743907,0.769339563,0.965442991,0.952708664,1.058656224,1.020792517,0.945554209,0.884563273,0.904820568,1.029125122,1.069533087,0.954560984,0.9205429,0.92866545,0.82661235,0.96829409,0.84284941,0.96115803,0.90305182,0.96827365,0.78862523,0.9657264,0.96733577,0.83612392
153,0.832100834,1.171394327,0.759464579,0.954151568,0.94935592,1.020239077,1.011944638,0.950245085,0.883930991,0.915747188,0.985980958,1.028753779,0.964810386,0.95866867,0.95894017,0.8287758,1.00313709,0.81591561,0.94837632,0.91725268,0.98989899,0.75337859,0.96307638,0.99855328,0.82308503
154,0.81869513,1.147273272,0.797322894,0.94716664,0.95354685,1.037139324,1.01908614,0.913983029,0.894995935,0.918693091,1.002473949,1.059119919,0.928368067,0.99433911,0.86917753,0.82140838,0.98568513,0.83258127,0.98419222,0.90632894,1.00560147,0.7837071,0.97349979,0.99249514,0.8047434
155,0.846599395,1.125649221,0.813764364,0.961661677,0.952752779,1.054122012,1,0.929215201,0.895989522,0.921103374,0.998238249,1.036278132,0.965038151,0.91699632,0.9192391,0.80897343,1.00590869,0.82656479,0.95939659,0.88803168,0.95826446,0.7581496,0.97559037,0.9756092,0.83833945
156,0.847582966,1.123501798,0.786968052,0.970169634,0.943047468,1.051442704,0.979081084,0.942128288,0.889486045,0.935190145,0.996551466,1.041988579,0.941464526,0.93588869,0.95066027,0.80770655,1.01641641,0.83663237,0.95533174,0.89240117,0.94247016,0.76949915,0.96378305,0.94640354,0.79697091
157,0.837382973,1.108569716,0.779618639,0.982406386,0.917593083,1.030214345,0.99488087,0.93132346,0.894815283,0.906855919,0.99797586,1.019012429,0.939528528,0.93125085,0.94632924,0.79394625,1.00280206,0.8170788,0.94408563,0.90523657,0.92557392,0.75903235,0.94190566,0.96616031,0.81099045
158,0.84772868,1.095735118,0.7681778,1.009663358,0.934753838,1.011046991,1.005687923,0.949665314,0.891970012,0.918318157,1.024139741,0.998522002,0.95080287,0.96153322,0.91936648,0.81293001,0.97694393,0.82504061,0.96657784,0.89704376,0.94793388,0.74293281,0.96499028,0.97210543,0.81494933
159,0.845797967,1.075109868,0.755575199,1.015440366,0.908505382,1.00704864,0.997472034,0.960364729,0.900234848,0.924959829,1.002174076,1.056634195,0.950404282,0.95416724,0.89996179,0.79380981,1.01157372,0.83358402,0.9487828,0.93322865,0.93783287,0.7588642,0.93174725,0.96457796,0.7891621
160,0.844996539,1.064023172,0.756837985,1.00299354,0.912122816,1.046001649,1.035833913,0.940916039,0.920467889,0.937707552,0.996551466,1.009203897,0.946076757,0.94045833,0.98246359,0.80339915,1.02144184,0.8197461,0.96567454,0.91117635,0.9758494,0.78131108,0.97526647,0.96991274,0.78520321
161,0.823904411,1.085846984,0.74625584,0.996271204,0.899726487,1.011541632,0.992858497,0.959574132,0.9224099,0.924531334,0.992765575,1.025999328,0.927627833,0.95307598,0.89087512,0.80002729,1.00204063,0.81260654,0.95510591,0.88352564,0.9869146,0.76968831,0.97299923,0.95949184,0.79210402
162,0.857418673,1.100479425,0.75120596,1.00420146,0.928401271,1.015333883,1.045819377,0.956886101,0.922680878,0.924156401,0.985456181,1.009606987,0.96805603,0.94455054,0.92836822,0.81037675,0.96171535,0.80340132,0.98247595,0.92250973,1.01565657,0.75976796,0.99814499,0.93657037,0.77986416
163,0.830935121,1.089292849,0.748857179,0.997058978,0.938062467,1.037963726,1.020792517,0.979918832,0.930403758,0.931226567,0.991378664,1.020020155,0.946418403,0.94079935,0.94921659,0.81236478,1.01452807,0.81986643,0.95429294,0.89001161,0.99853076,0.73336976,0.9657264,0.96857905,0.7753968
164,0.836071546,1.098931282,0.744083849,1.004096424,0.957164284,1.045960429,1.040131454,0.947293522,0.92805528,0.910980182,1.002249044,1.002015452,0.940610409,0.96985404,0.93418538,0.81669168,0.99929949,0.83306259,0.9432275,0.93275073,0.92121212,0.73452574,0.97670926,0.97590307,0.76355646
165,0.847801537,1.094286856,0.757999747,1.006984927,0.986589024,1.051566364,1.058712002,0.968639646,0.926384247,0.909266202,1.01409401,1.005508902,0.965322856,0.92668122,0.92157446,0.81879666,1.0036244,0.79963099,0.95009259,0.88127262,0.92777778,0.71537863,0.97388257,0.97122383,0.76479134
166,0.820042986,1.073262085,0.767899987,1.007457592,0.982398094,1.030338005,1.14188207,0.943129711,0.953256255,0.928762721,1.01308194,0.981390662,0.934233003,0.91897422,0.9259904,0.82782077,0.96750221,0.83458677,0.97028138,0.88058988,0.98751148,0.70091847,0.97494258,0.99604412,0.76134094
167,0.806054424,1.080253696,0.784947594,1.012236752,0.971766367,1.026999176,1.203501232,0.952353344,0.952623973,0.946223889,1.011957418,1.044675848,0.948126637,0.953417,0.94471572,0.84867562,0.99975634,0.82772797,0.93717538,0.88509592,0.97373737,0.69673595,0.98760379,1.00560604,0.76174046
168,0.82219227,1.089542549,0.778128552,1.002783467,0.964840304,1.040643034,1.184667889,0.941548516,0.92850691,0.939207284,1.011132769,1.022505878,0.954959572,0.9456418,0.92688209,0.8746175,0.9842841,0.81132303,0.92714873,0.92763023,0.9540404,0.68130898,0.97576703,0.99844025,0.80931973
169,0.840916542,1.072662805,0.767016037,0.99700646,0.973663314,1.024319868,1.182771914,0.978126812,0.912970825,0.933743974,1.017580028,0.992744374,0.951030634,0.92981858,0.9526984,0.88701347,1.01821338,0.80825462,0.94241453,0.88762204,0.9932966,0.68523929,0.96163359,0.98928523,0.78487633
170,0.852391534,1.058230124,0.770779139,0.996166168,0.975427916,1.036850783,1.181065538,0.97022084,0.909086803,0.936422067,1.023465027,0.967080954,0.9127662,0.95791843,0.93567152,0.88052313,0.99613194,0.8043439,0.96043539,0.88557384,0.97093664,0.68902247,0.99546552,1.02210769,0.81026405
171,0.848785108,1.080003995,0.756055057,0.993540255,0.950017646,1.071022259,1.151993933,0.949454488,0.916493542,0.937493305,1.009783342,1.018340611,0.928595832,0.95662256,0.93630844,0.86300115,0.97843633,0.84880573,0.96034506,0.89738513,1.0382461,0.68187646,0.95073906,1.03501515,0.77278175
172,0.822010127,1.071314423,0.746306352,0.999264744,0.956679019,1.062901896,1.143146053,0.930163917,0.912699846,0.939153723,1.001874203,1.003694995,0.935770413,0.95225754,0.92119231,0.86202662,1.02515762,0.83222028,0.99557382,0.90257391,1.00909091,0.67962757,0.98884047,1.01028528,0.77968256
173,0.825580125,1.061126648,0.747947973,0.998004306,0.948605964,1.04987634,1.114516843,0.946608338,0.907325445,0.949116229,1.003785891,1.009203897,0.935941237,0.93875324,0.92293321,0.8616563,1.01754333,0.83581012,1.06964455,0.89110398,0.97800735,0.66987537,1.02349685,1.05298612,0.8072858
174,0.807438709,1.052037555,0.740649072,1.003361168,0.95354685,1.06438582,1.115780825,0.942075581,0.926926204,0.949651848,1.015143564,1.014578435,0.907641499,0.96951303,0.94106407,0.8448165,1.02887339,0.83899886,1.05085588,0.91595549,1.03181818,0.65594065,1.00815617,1.05149419,0.79253986
175,0.804925139,1.03445865,0.77383508,1.006984927,0.960075878,1.095342127,1.089047589,0.933062773,0.955604733,0.943063739,1.014543819,1.014914343,0.915100786,0.94018551,0.90930321,0.88227727,1.01175646,0.87074584,1.08459419,0.90318837,0.98512397,0.66697493,0.99843943,1.01855871,0.77368975
176,0.797858002,1.017628845,0.803283243,0.986397773,0.961002294,1.078895301,1.128736649,0.930743688,0.921551802,0.938189609,1.032911013,0.982667115,0.914759139,0.96617105,0.92420704,0.90282028,1.00328937,0.84218759,1.02637641,0.88905578,0.99738292,0.67325921,0.99101937,1.02918306,0.78164385
177,0.84372154,0.996853775,0.807374669,0.994748175,0.956767249,1.05708986,1.134930165,0.923522901,0.92344865,0.958168184,1.018554614,0.99845482,0.93861747,0.99004229,0.90688293,0.91014871,1.03149271,0.86930189,1.01910483,0.89001161,0.97534435,0.66924483,0.98133208,1.00085899,0.78611121
178,0.786601581,1.005293648,0.786412426,0.990126569,0.945562026,1.093816983,1.149908361,0.93685764,0.931126366,0.970005356,1.018629582,0.994491098,0.924211365,0.97217296,0.91677636,0.91291637,1.01845704,0.85580491,1.03784834,0.8977265,1.01639118,0.67370058,0.98389376,1.02850491,0.75759997
179,0.808822994,1.052686776,0.793256724,0.98708051,0.946664902,1.070733718,1.146432409,0.956991514,0.92895854,0.936314944,1.000074968,1.003359086,0.925065482,0.96057837,0.92713685,0.92121933,1.05436603,0.84505545,1.00406486,0.88420837,0.98985308,0.67725257,0.99084271,1.04471269,0.77844768
180,0.810935849,1.064422693,0.774693774,0.989916496,0.924210341,1.094558945,1.11104089,0.939756496,0.924668052,0.973111944,1.032161331,1.014981525,0.928823596,0.96719411,0.94709354,0.90673787,1.01982761,0.87934942,0.98884423,0.89649758,1.00174472,0.68803464,0.9839821,1.01358561,0.76816911
181,0.829550836,1.072363164,0.796085364,0.986030145,0.950547027,1.088004946,1.116223219,0.956464449,0.925119682,0.953294055,1.027288402,1.010547531,0.967144972,0.94987041,0.93575644,0.91886097,0.99826394,0.87676233,0.9866763,0.88495938,0.98806244,0.6750247,0.98230375,1.00854469,0.81807286
182,0.811117992,1.058080304,0.783053416,0.988971167,0.941724016,1.186974444,0.92131707,0.938965899,0.923267997,0.983556508,1.024702002,0.975008398,0.914018904,0.97149093,0.9851811,0.92952229,0.99735023,0.87882799,0.99047017,0.89888714,0.99348026,0.68448265,0.97320535,1.02873096,0.81197109
183,0.820589414,1.036705953,0.781916909,0.980673284,0.941988707,1.270898599,0.966820451,0.935908923,0.922455063,0.964542046,1.019866557,0.991803829,0.934688532,0.9786523,0.93728504,0.94739509,1.00864983,0.88017167,0.98807642,0.89328873,0.97640037,0.72094832,0.99985278,0.99737782,0.81411397
184,0.854941532,1.048991211,0.765727996,0.980620766,0.930739368,1.184666117,0.935473678,0.955463026,0.914777346,0.97814676,1.0195292,0.969566678,0.923357249,0.97817487,0.92832576,0.94571891,1.03533031,0.84722139,1.07393523,0.88352564,1.01808999,0.74247042,1.03121135,1.00454361,0.80307268
185,0.812939419,1.087145425,0.786766006,0.983299196,0.932724546,1.142250618,1.07425899,0.931059927,0.923042182,0.976057847,1.009745858,0.977494122,0.928823596,1.0213477,0.92225383,0.937299,1.02183779,0.86833925,1.12799783,0.88632484,0.99274564,0.76033544,0.99679053,0.98892355,0.82341191
186,0.830607264,1.093038354,0.79575704,0.978204926,0.930959944,1.066611707,1.149149972,0.959416012,0.925300334,0.974933048,0.981220481,0.966879409,0.923585013,1.02646297,0.92051293,0.92266163,1.0199799,0.86140024,1.14154736,0.8984775,0.99242424,0.76260535,1.00453448,0.99113884,0.79551811
187,0.838803687,1.147572913,0.819143831,0.975263904,0.917151932,0.980708986,0.96473488,0.94044168,0.922680878,0.965024103,1.027513307,1.021498153,0.911627377,0.9942027,0.94764554,0.92443526,1.04580757,0.87577964,1.12736552,0.88004369,1.02208448,0.7494693,1.00094223,0.97997197,0.79559075
188,0.847072966,1.155563324,0.828614724,0.980725802,0.946135521,0.93215169,0.951652658,0.973277816,0.938668594,0.962667381,1.01934178,1.033590863,0.91937137,1.03321511,0.97898178,0.90818017,0.99479183,0.8648898,1.07637415,0.91424865,0.96905418,0.74408878,0.99428773,0.97366517,0.79359314
189,0.875159375,1.131392329,0.818487183,0.983404233,0.949003,0.941343776,0.942931176,0.939018605,0.915364466,0.955811462,1.019116875,0.988780652,0.907015146,1.01800573,0.93847395,0.92334379,1.00892395,0.89218459,1.07912922,0.8674814,1.0077135,0.7498266,0.98551322,0.96455536,0.81255221
190,0.84197297,1.103475829,0.821341078,0.968384013,0.943400388,0.971970322,0.973393162,0.959626838,0.915319303,0.948634172,1.008583852,1.016929795,0.920624075,1.01800573,0.93987516,0.91398834,1.01413212,0.90395684,1.06020505,0.92476275,1.00486685,0.76748145,1.02361463,1.01690854,0.84022809
191,0.833120833,1.104624451,0.808763733,0.980830839,0.937488971,0.993322341,0.96473488,0.931534286,0.901951043,0.975790037,1.023539996,0.995969096,0.923585013,1.0212795,0.9501932,0.91412478,1.02244693,0.93071015,1.02596992,0.88297945,1.02488522,0.74957439,0.98489488,0.95492563,0.87182654
192,0.835488689,1.104524571,0.788230837,0.97867759,0.955620258,1.074113768,0.98894015,0.96647868,0.902899467,0.953026245,1.00967089,1.031239503,0.920737957,1.03164643,0.90246699,0.90108562,1.03167545,0.9274813,1.06318594,0.89615621,0.96460055,0.75590071,1.00871562,0.97902256,0.86757709
193,0.862955812,1.098931282,0.781032959,0.986450291,0.952796894,1.084006595,0.947860709,0.963896063,0.906331858,0.965881093,1.019116875,1.033725227,0.923015602,1.02312099,0.89622521,0.87857407,1.02668047,0.92714036,1.05261732,0.9018229,0.98636364,0.75754009,0.99714387,0.99990958,0.86318236
194,0.833120833,1.152367159,0.780351054,0.973110656,0.954870302,1.088334707,0.967578841,0.939598377,0.900686478,0.971772898,1.044043781,1.022841787,0.930588771,1.03369254,0.93928071,0.85910305,1.02262967,0.96167499,1.03861614,0.88707585,1.00188246,0.75016289,1.01704847,0.98517112,0.84451386
195,0.84947725,1.167449061,0.7770173,0.976839452,0.94935592,1.083429514,0.942804778,0.960312022,0.905112456,0.976861275,1.032686108,1.047228754,0.933265004,1.03266949,0.90119316,0.84592746,1.05795998,0.95393378,1.01680141,0.88202362,0.97736455,0.73727905,0.99025381,0.97933903,0.83750409
196,0.843393683,1.160307631,0.77189039,0.971114962,0.952973355,1.055976917,0.956708589,0.960101196,0.913106314,0.96148902,1.067508809,1.025529056,0.920624075,1.09507571,0.93562906,0.8524178,1.04370603,1.00114313,1.05875977,0.90346146,1.04715335,0.71996049,1.00103056,0.96041864,0.86082156
197,0.847582966,1.126148622,0.818057836,0.964235072,0.95747309,1.081244847,0.941983189,0.943340537,0.91929365,0.970594537,1.044718495,1.009069533,0.907926204,1.02837266,0.92098,0.84074298,1.05942192,0.97322664,1.00221309,0.89499556,1.02534435,0.7042813,1.00603616,0.96869207,0.85174155
198,0.81042585,1.107820615,0.831367597,0.966755948,0.96210517,1.07493817,0.935347279,0.948663891,0.913061151,0.954365292,1.036471999,1.041316762,0.920624075,1.01118538,0.93210479,0.84968913,1.0627113,1.01670577,1.00912335,0.87860995,1.0214876,0.7180689,1.01645957,0.98770288,0.90814659
199,0.821390842,1.098182181,0.844475313,0.970957408,0.96620787,1.048516076,0.933451305,0.938860486,0.94173968,0.973379754,1.035497414,1.021296607,0.927741715,1.02264357,0.95753896,0.84966964,1.08902628,1.02183984,1.09638228,0.88134089,1.02979798,0.71191072,1.00906896,0.96374158,0.91697236
200,0.828822265,1.118507791,0.891652986,0.970799853,0.951164637,1.066075845,0.931997725,0.94808412,0.95452082,0.960846277,1.050678462,1.040779308,0.887541282,1.0368299,0.92416458,0.84380299,1.07431548,0.99386319,1.08418771,0.91793541,1.03099174,0.69276361,1.03969142,0.98476423,0.90767443
