frame,WT_Ser-h1,WT_Ser-h1,WT_Ser-h1,WT_Ser-h1,WT_Ser-h1,WT_Ser-h1,WT_Ser-h1,WT_Ser-h1,WT_Ser-h1,WT_Ser-h1,WT_Ser-h1,WT_Ser-h1,WT_Ser-h1,WT_Ser-h1,WT_Ser-h1,WT_Ser-h1,WT_Ser-h1,WT_Ser-h1,WT_Ser-h1,WT_Ser-h1,WT_Ser-h1,WT_Ser-h1,WT_Ser-h1,WT_Ser-h1,NOS11_Ser-h1,NOS11_Ser-h1,NOS11_Ser-h1,NOS11_Ser-h1,NOS11_Ser-h1,NOS11_Ser-h1,NOS11_Ser-h1,NOS11_Ser-h1,NOS11_Ser-h1,NOS11_Ser-h1,NOS11_Ser-h1,NOS11_Ser-h1,NOS11_Ser-h1,NOS11_Ser-h1
1,1.022390012,0.926356094,0.961597806,1.017515883,1.155615826,1.001056943,0.771734506,0.744914105,1.496921765,1.493687183,1.478461807,0.982146354,0.817349631,0.809365013,0.983627918,0.566994365,1.018826248,0.826511645,0.825967533,1.157104351,1.145104826,1.016475713,1.432411745,1.16826117,0.89929186,0.941220123,0.991735537,1.075743402,0.974669404,0.985009787,1.002696318,1.278821899,0.99476077,0.921048374,1.07000777,1.247147817,0.972399763,0.981623733
2,1.01622248,0.90488194,0.968926796,1.01463515,1.145671258,0.98893513,0.773223656,0.756187839,1.548683463,1.530858045,1.523151378,1.04608277,0.820284314,0.805127136,0.982523227,0.556765282,0.992014137,0.806028356,0.794271959,1.17708467,1.166974787,1.045497585,1.423454815,1.223155284,0.903974903,0.942704307,0.992312128,1.042690705,0.951754121,0.991454624,1.029857392,1.242228301,0.988246382,0.924958205,1.055244755,1.221230159,0.944070526,0.961275923
3,1.035136246,0.906477345,0.962240699,1.016435608,1.143553874,0.996564936,0.766451567,0.764607821,1.537933321,1.554863361,1.505319149,1.01045378,0.844084863,0.81718077,0.987395196,0.550303197,0.998266898,0.817910121,0.800475279,1.125914517,1.132871809,1.026181233,1.41701131,1.220675468,0.894711118,0.923409913,0.988962412,1.05643904,0.987138458,0.998138158,1.016388171,1.216221977,0.989133448,0.902577792,1.062004662,1.207279266,0.948224125,0.946173161
4,1.004298584,0.918570517,0.949468541,1.017181512,1.175124307,0.99326199,0.781839455,0.769241637,1.510844857,1.538416812,1.431723055,1.045612937,0.8386732,0.858065861,0.98447768,0.559245988,0.997485303,0.856653424,0.830133942,1.096692765,1.094206034,0.998532336,1.42444876,1.221901286,0.890630506,0.909279243,1.002773125,1.072937041,0.979590604,0.999761302,1.01820633,1.199701567,0.996479459,0.91018174,1.05955711,1.278397817,0.969042977,0.966093183
5,1.01035398,0.908040842,0.951568661,1.007227552,1.15373635,0.979587792,0.774570983,0.772406193,1.534855086,1.601129662,1.526116149,0.991034025,0.839723224,0.837849104,0.979719012,0.561941076,0.987732355,0.898604075,0.87170545,1.075129423,1.088502537,1.003503456,1.392288358,1.23720288,0.892733328,0.933397236,0.998270229,1.064716387,0.972103134,0.988208335,1.021681859,1.177638825,0.988107778,0.915304967,1.041414141,1.177765377,0.948274985,0.954803311
6,0.979852727,0.91936822,0.962283559,1.00468119,1.154640402,0.996234641,0.813572543,0.800039557,1.541627202,1.58729961,1.517047436,0.983399241,0.843896398,0.827914409,0.9823816,0.57054698,0.987970231,0.868207166,0.853496698,1.139648312,1.11894741,1.007906448,1.392356906,1.230172037,0.869738682,0.907300331,1.021086736,1.069251921,0.979198116,0.997087888,1.03152713,1.146374392,0.996285413,0.921533732,1.041336441,1.04265873,0.938916674,0.962243095
7,1.008036482,0.927728143,0.956068918,1.006301602,1.14714629,0.995541023,0.776840165,0.789585217,1.513828377,1.603704627,1.530781304,0.897184919,0.825372893,0.81349868,0.977764559,0.634478746,0.978251266,0.870211758,0.830349978,1.112437428,1.114502616,1.012025376,1.380715183,1.190607696,0.895984178,0.913298909,1.015513028,1.080250588,0.957641447,0.988685731,0.996017365,1.128610509,0.984725841,0.908402092,1.043123543,0.927517361,0.938543698,0.963526458
8,0.985197922,0.979674537,0.985942054,0.989557345,1.155806152,0.995210728,0.819600057,0.850276899,1.470922523,1.546515491,1.585585978,0.954817744,0.829357601,0.82159233,0.978161115,0.620176406,1.008903388,0.872653716,0.846737856,1.102639798,1.118396727,1.017091185,1.370147378,1.17977259,0.897961967,0.892644012,1.013783257,1.101170734,0.980466155,0.986060056,1.013815537,1.122037873,0.985113932,0.928625357,1.031740482,0.931547619,0.921149445,0.943290245
9,1.027025007,0.976005105,1.009386251,0.996501968,1.138129565,0.999009116,0.820025528,0.840415913,1.456052283,1.547512252,1.49895361,0.879996868,0.810161004,0.815513408,0.972467709,0.606471273,1.002140891,0.92867296,0.880007407,1.1133359,1.127207647,1.0094688,1.383320005,1.156580672,0.910556168,0.891809159,1.011833832,1.07993877,0.962049393,0.970258271,1.029919234,1.103812129,0.984282309,0.917462115,1.023581974,1.126116071,0.931050267,0.930586813
10,1.012110791,1.001723038,1.005700326,0.991100594,1.152047201,0.985301889,0.819600057,0.834595389,1.454347414,1.549173519,1.638079874,0.864296622,0.812018739,0.784736696,0.987650125,0.596425946,0.993781221,0.934030688,0.880933276,1.115731827,1.109231798,1.019269009,1.366719982,1.135939019,0.905611694,0.897220247,1.006562148,1.07993877,0.971559688,0.95397909,1.04059319,1.101538352,0.997837778,0.949010408,1.018026418,1.097780258,0.931355429,0.981288943
11,0.993010129,0.99460753,1.032959026,0.976414002,1.142459496,0.985632184,0.840731811,0.851746157,1.381985224,1.510133732,1.665983607,0.914881955,0.795514512,0.766986244,0.970853161,0.583302707,0.980664016,0.99085177,0.962471452,1.091815342,1.08500177,1.010463024,1.35338741,1.19955476,0.917160167,0.890881544,1.000851157,1.069053491,0.9532335,0.964481787,1.026913705,1.090489217,1.00277208,0.93935717,1.034110334,1.094184028,0.905755701,0.970203664
12,1.013419056,0.997223995,1.027430139,0.986213637,1.140960674,0.999306381,0.810062402,0.824423599,1.367683273,1.503571725,1.574598884,0.904114953,0.79957999,0.77806725,0.951591888,0.582919882,0.991912189,0.955097132,0.910252454,1.126641852,1.1302364,1.019931825,1.335907689,1.213010581,0.939029519,0.899755728,1.011010132,1.061258043,0.968842461,0.949348355,1.04059319,1.106867517,0.995730997,0.953810063,1.042152292,1.10875496,0.929727897,0.978703618
13,1.028632303,0.989629866,0.992285273,0.982844209,1.140199367,1.003732329,0.807686853,0.82761641,1.397423754,1.529819752,1.598447855,0.936455112,0.80052232,0.802487147,0.978047813,0.614969987,0.983212696,0.908043882,0.877445837,1.149659864,1.149864296,0.992235584,1.309219696,1.20582475,0.942018937,0.896539996,1.003871393,1.069903903,0.977477205,0.965627536,1.048113196,1.100436992,1.000304929,0.938197703,1.063131313,1.112475198,0.920742562,0.963991444
14,1.038126566,0.984141672,1.016886679,0.993646956,1.153403278,0.993328049,0.812508864,0.83346519,1.452784618,1.52903065,1.525549355,0.970987824,0.814361101,0.801549257,0.968360526,0.628904814,0.981343664,0.857382367,0.827757546,1.150815043,1.15033631,0.965012783,1.285102251,1.241148042,0.954454005,0.89558146,1.005408967,1.062873827,0.985296782,0.997899461,1.047581353,1.097168437,1.000304929,0.944210753,1.051398601,1.082217262,0.897143342,0.908490654
15,1.008223376,0.995692406,1.026701526,1.003137941,1.141983679,0.992733518,0.799780173,0.832080696,1.447480583,1.481933715,1.516393443,0.95861556,0.797291476,0.7975198,0.960769318,0.66346625,0.956978285,0.83864854,0.792914018,1.09237154,1.113558589,0.9893476,1.238741003,1.227678131,0.926753583,0.922204013,1.005848274,1.062562009,1.018567719,0.984198215,1.022188965,1.068000142,0.991489716,0.992584803,1.053885004,1.06547619,0.923777231,0.932297963
16,1.04567712,0.982450542,1.029101663,0.999665629,1.139033616,0.989265425,0.822152886,0.830357143,1.38132222,1.510382922,1.522148587,0.991034025,0.782591137,0.779387245,0.992777022,0.653558741,0.978964896,0.841163392,0.788593297,1.075471698,1.082327027,0.964018559,1.244910316,1.24867203,0.92043375,1.021427909,1.006699432,1.088046036,1.003441821,0.974745787,1.010389482,1.073613529,0.992321339,0.982122634,1.047785548,1.053943452,0.963194032,0.950506835
17,0.976712892,0.993331206,1.027387279,0.993569793,1.119453763,0.991049016,0.804389448,0.821117767,1.37890699,1.494393222,1.475671434,0.987901806,0.78603737,0.780498819,0.978784274,0.635030013,0.996126007,0.832707658,0.77948892,1.073760322,1.07988829,0.978411135,1.231589169,1.234455356,0.91021517,0.994650753,1.00505203,1.113870227,1.027474186,0.99894973,1.027965022,1.064482893,0.984781283,0.972118859,1.05027195,1.057353671,0.944850386,0.951752999
18,0.97753523,0.99696873,1.01157209,1.011471488,1.140056622,1.008290395,0.824209332,0.830046338,1.456004925,1.561342304,1.406696896,0.977643789,0.782698832,0.787828262,0.99753569,0.640282372,0.969415843,0.816488683,0.784797235,1.090617379,1.130157731,1.003124704,1.229555581,1.280839192,0.94589495,0.969048576,0.999395953,0.980298778,1.002385122,0.990308875,1.020556332,1.085124525,1.000526695,0.974006364,1.047552448,1.10875496,0.899465966,0.9551567
19,0.955818039,1.012699426,1.005914624,1.006507369,1.142554659,1.018694676,0.854098709,0.839229204,1.351581739,1.503364067,1.388821067,0.987118751,0.777287168,0.792031402,0.981503512,0.641599289,0.972814082,0.830921748,0.781865317,1.134129123,1.174999017,1.003266736,1.24577859,1.258859003,0.94137104,0.952320584,1.008923423,1.123990135,0.999667894,0.993650642,1.022337386,1.051870537,0.991046183,0.996953028,1.047591298,1.046875,0.894702043,0.936036455
20,1.021530296,0.992629228,1.026658666,1.012526042,1.141626817,1.014995376,0.847397532,0.85948802,1.304271642,1.421712767,1.447157307,1.003406289,0.782914221,0.779665138,0.989859506,0.606792846,0.974377273,0.830593724,0.782760323,1.202156334,1.228690556,1.017801345,1.229007198,1.252434024,0.947543108,0.947991713,0.99552456,1.102162882,1.021405712,0.952260467,1.017043698,1.054712758,0.995426069,0.91037049,1.065811966,1.029513889,0.938357209,0.919278341
21,1.042798939,1.008742821,1.019158238,1.024794876,1.122546571,1.014235698,0.844490143,0.83846632,1.242612237,1.365769582,1.396494594,1.019928743,0.830649938,0.826385994,1.000623159,0.594312753,0.985557481,0.803549951,0.763440528,1.201129508,1.240608897,1.028643121,1.218667885,1.246882617,0.958125419,0.939086608,0.99071964,0.913286277,1.014220156,0.96725068,1.0193937,1.055423313,0.985086212,0.96977296,1.034693085,1.00688244,0.913418666,0.930252023
22,1.024408477,1.007689853,1.036602092,1.032459683,1.143482502,0.996564936,0.832683307,0.836968807,1.22897329,1.355594318,1.339727939,0.996867781,0.811641807,0.818952341,0.961760707,0.599473233,0.985285622,0.814046725,0.768872292,1.197278912,1.196554301,0.973250639,1.201668,1.239034562,0.947850006,0.919390248,1.003130062,0.935680472,1.018567719,0.983959517,1.023462913,1.039222653,0.989050286,0.955967211,1.045454545,1.049417163,0.885716708,0.907709476
23,1.022390012,1.012890874,1.027901594,1.043391034,1.13253872,1.009050073,0.864061835,0.852932866,1.165751089,1.291718581,1.285184862,1.026858776,0.823353616,0.842017507,0.979973941,0.602153007,0.98426615,0.808688997,0.752175792,1.174175331,1.210636038,0.99786952,1.19074603,1.233722683,0.981165532,0.926130917,1.000384394,0.953709216,0.996286456,0.986394233,1.027989759,1.030127545,1.005460997,0.85096802,1.017715618,1.198474702,0.936119352,0.918032177
24,1.038051807,1.026483727,1.032916167,1.044985725,1.136131135,1.001123002,0.874627712,0.876441004,1.12592347,1.243874076,1.233780956,0.986453155,0.840961715,0.876128943,0.984024473,0.586319368,0.986135182,0.827532165,0.775631134,1.151841869,1.198639028,0.976185967,1.171872501,1.208121398,0.971753981,0.91710213,1.009994234,0.962610199,0.98333434,0.985487182,1.022028175,1.031974988,0.9965349,0.879361484,1.025679876,1.124751984,0.931202848,0.923891007
25,1.033753224,1.023548181,1.034587691,1.05293346,1.14372041,1.010635487,0.894553964,0.866890823,1.144487592,1.274399867,1.22392745,1.000195764,0.820338162,0.852890093,0.997733968,0.636500061,0.996669725,0.836170135,0.807511882,1.15466564,1.192306179,0.968942335,1.148017822,1.194116072,0.99175921,0.903342506,0.997748552,1.007313547,0.959966186,0.985009787,1.030488182,1.055920702,0.996978433,0.909939061,1.015268065,1.080729167,0.914774943,0.8999907
26,1.082233768,0.994160817,1.02734442,1.042542246,1.14486237,1.011824547,0.916040278,0.899271022,1.186777799,1.275396628,1.129403558,0.972945461,0.858381347,0.879949979,0.971391344,0.647203847,0.989737316,0.811859897,0.799734584,1.166003508,1.170200212,0.958005871,1.140226208,1.157581052,1.019436898,0.899322841,0.99560693,1.002409502,0.982851277,0.978326252,1.015942907,1.032543433,1.001912735,0.917758723,1.017715618,1.071118552,0.905925235,0.881893425
27,1.085373603,0.994830887,1.033859078,1.051621698,1.135798063,0.985334919,0.911431003,0.904582957,1.186730441,1.260985132,1.113620509,1.015543636,0.824215174,0.850666945,0.981673465,0.70637327,0.976280287,0.843532456,0.807264984,1.169169555,1.167053456,0.977085503,1.131726265,1.160342666,1.042602044,0.887263845,1.002580929,1.010771891,0.968963227,0.983291163,1.016734487,1.027001101,1.008898376,0.936606806,1.005283605,1.063926091,0.968330932,0.918887752
28,1.090419766,0.956924059,1.011186354,1.042542246,1.155306545,0.994054697,0.930222663,0.926452306,1.225232052,1.286983969,1.101805023,1.000391528,0.811695655,0.812456579,0.984902561,0.6961595,0.98511571,0.837956045,0.798777853,1.221879947,1.18860874,0.962598239,1.121192734,1.143927973,1.06117508,0.894097276,1.008072266,1.018935851,0.992029467,0.999522605,1.047915301,1.032685544,1.002217664,0.942511999,1.024242424,1.018725198,0.966059168,0.902538826
29,1.052592232,0.977919592,1.00634322,1.038838447,1.151642757,1.000990884,0.930683591,0.929588608,1.218317863,1.284907384,1.08750436,0.954426218,0.794841419,0.789044046,1.002719239,0.726387358,0.992285996,0.86357838,0.847293377,1.255337355,1.188844747,1.017043841,1.120632926,1.116438646,1.072416654,0.900837946,1.012355509,1.028715594,0.998762152,0.970115052,1.022337386,1.03179735,0.996119089,0.973224397,1.006526807,1.094494048,0.966025261,0.913214917
30,1.038051807,1.006445437,1.021429796,1.026235243,1.111008018,1.014599022,0.942384059,0.948688969,1.158789543,1.256831963,1.060995814,0.982420422,0.796268375,0.802348201,1.008554271,0.775771775,0.995786183,0.894631337,0.873742362,1.192743764,1.128663022,1.00686488,1.119856049,1.105772618,1.08097571,0.911876565,1.002141622,1.00087876,1.02264356,0.980140354,1.037736082,1.03051835,0.991933248,0.978779054,0.993978244,1.094184028,0.98119861,0.900399888
31,1.06115202,0.989342693,1.01680096,1.030479179,1.105488545,0.99263443,0.952240817,0.930068942,1.197670013,1.251931224,1.055502267,0.985161114,0.834123095,0.879602612,1.003823929,0.854235575,1.005063377,0.898494733,0.883093636,1.128994994,1.086103135,0.983145535,1.09717811,1.13065532,1.061277379,0.919915896,0.999011559,1.004620574,0.995501479,0.940468802,1.02372265,1.028066934,1.013694073,0.992476945,1.007226107,1.095424107,0.961549546,0.902297033
32,1.07625313,1.003765156,0.997428424,1.030221971,1.097804106,0.999636676,0.944263225,0.954792043,1.220259519,1.281044937,1.045256366,0.988175874,0.834823111,0.897735167,0.994533197,0.921459635,0.982397118,0.873455553,0.859391396,1.11556069,1.081619006,0.964634031,1.095750029,1.137559354,1.092649215,0.920070499,1.006864172,1.045893925,0.996709136,0.98672841,1.01537396,1.012434718,0.99966735,0.997357493,1.014529915,1.058407738,0.990828177,0.933358133
33,1.061451052,0.987460115,0.990485171,1.036266365,1.09016725,0.97849782,0.99024961,1.011584539,1.204773631,1.254506188,1.035533659,0.98410399,0.81086102,0.8687995,1.010848629,0.946358569,0.973153906,0.885884025,0.879359299,1.102982073,1.062463124,0.989063536,1.076465212,1.137686162,1.070825329,0.938530039,0.990143049,1.024690308,1.016635469,0.956270588,1.019480279,1.021387714,0.995010257,1.009060023,1.004351204,1.134486607,0.993066034,0.916972008
34,1.054797593,0.994543714,0.986413509,1.014069292,1.080531963,0.980908971,0.98787406,1.003644892,1.258950559,1.2870255,1.026203348,0.974315806,0.810214851,0.848548006,1.024813052,0.987673037,0.973595677,0.867551117,0.848651318,1.094553545,1.072375408,0.997112016,1.069164858,1.137460725,1.058390261,0.984694351,1.005189314,1.0286589,1.010838717,0.969780876,1.019987384,1.003517249,1.003104729,0.994202664,1.007459207,1.123883929,0.970111045,0.899972101
35,1.064777782,1.001244416,0.988042174,1.02739268,1.102443318,0.991808693,0.989930506,1.030458861,1.271405569,1.293047595,1.030563307,0.980267022,0.791260568,0.804189246,1.005325176,1.036613377,0.978115336,0.849363998,0.828683415,1.097291747,1.062148448,0.965296847,1.081709128,1.153199104,1.044295668,0.977582635,1.004173416,1.028403776,1.024455045,0.960567146,1.007507638,1.008171386,1.001829573,0.986895324,1.021950272,1.053447421,1.025786217,0.91793918
36,1.073636602,1.000127632,1.00214298,1.002083387,1.103299788,1.010206104,1.025634662,1.063178119,1.274010229,1.22871501,1.018311824,0.979679731,0.860616014,0.86459636,0.999065262,1.074666177,0.973867537,0.848744396,0.820350596,1.058144012,1.088227196,0.990105104,1.085559237,1.135276795,1.033292792,0.968151882,1.008401746,1.010885279,1.023971982,0.964720485,1.009597902,1.013891356,0.997283362,0.998840533,1.037801088,1.074900794,1.039772824,0.899934902
37,1.027697829,1.0023612,0.995885479,1.018493274,1.113172983,1.000891795,0.999255425,1.048259494,1.184504641,1.175305258,1.031871294,1.013390236,0.855258198,0.851882729,1.004673691,1.106501899,0.976654093,0.875861064,0.81488797,1.071364395,1.083585729,0.984660544,1.093476522,1.131895228,0.931413892,0.94715686,1.00008237,1.028290388,1.007094982,0.979806177,1.007050006,1.005115998,1.008621168,1.012673246,1.060644911,1.164868552,0.992353988,0.925285967
38,1.041490674,1.008296107,0.998628493,1.016718537,1.101824757,0.988703924,1.056126791,1.097846971,1.117257056,1.10648725,0.964117544,0.982616187,0.875370201,0.88488259,1.012548153,1.122764302,0.987256601,0.887742829,0.813838652,1.056304283,1.060299729,1.001562352,1.083856963,1.124286701,0.982052127,0.937540583,1.003953763,1.026391133,1.000694403,0.974841266,0.984885778,0.999147334,1.005876809,1.021193982,1.075369075,1.160714286,0.975468339,0.903673393
39,1.024408477,0.977632419,0.955983199,1.015509658,1.087003069,0.979554763,1.088498085,1.097366637,1.113326388,1.116247197,0.945718521,0.991034025,0.876931775,0.882624705,1.003115794,1.156498836,0.988106161,0.877318949,0.812357262,1.027296453,1.053534201,1.011504592,1.069107734,1.096078791,0.983950351,0.933768282,0.993218198,1.008759248,0.994203249,0.968062252,0.986901832,1.006608164,1.014359372,1.033220083,1.03030303,1.096292163,0.981079936,0.951436808
40,1.045116435,0.992884493,0.978270187,1.012654646,1.048557086,0.984311005,1.054424904,1.060578662,1.141882932,1.121023341,0.953217649,1.007634784,0.874858651,0.894226761,1.013879447,1.163221242,0.981241717,0.885300871,0.84720079,0.989303898,1.038233096,0.986128208,1.055489546,1.078086033,0.990304284,0.984756192,1.006864172,1.014853871,0.989161283,0.976368931,0.99046394,0.996766973,1.004573931,1.034433479,1.006759907,1.076388889,0.964923286,0.946917139
41,1.035809068,1.007338864,0.979598834,1.013812084,1.040967811,0.981008059,1.032300383,1.020287071,1.133263876,1.118199186,0.928322288,0.992600133,0.916186527,0.93261081,1.007534557,1.166421659,0.99830088,0.892335168,0.864637985,1.028922261,1.05290485,0.991525424,1.056917628,1.057218942,1.027075258,0.988002845,1.008484116,1.013436517,1.017269489,1.001145749,0.976932877,0.998685473,1.005959971,1.018200938,0.984615385,1.08265129,0.956921251,0.971412629
42,1.047359175,0.960402042,1.015429453,1.003369428,1.027121547,0.983154974,1.043433556,1.008872061,1.115078613,1.099759116,0.97083188,1.013586,0.89058209,0.93313186,1.005891684,1.139899547,0.982872872,0.957648431,0.917103882,1.035168784,1.062895803,0.993466528,1.051262424,1.062474462,1.008740921,0.970625522,1.002635842,0.994358931,1.012740777,1.011648446,0.986555516,0.990123281,1.005738205,1.013805749,0.971911422,1.036520337,1.028803933,0.951325212
43,0.986954734,0.989757498,0.98007029,1.011497209,1.022720244,1.002609328,1.034817756,1.034273282,1.111574162,1.103455436,0.965076735,1.006538507,0.928517581,0.946818119,1.016315432,1.113086488,0.992184049,0.956737253,0.941639405,0.998630899,1.027809464,0.99573904,1.054689821,1.039226185,1.004683042,0.963575647,1.006205211,1.005272557,1.026357104,1.006206139,0.996858419,1.007816108,1.004213561,1.035781697,0.987373737,1.146763393,1.022209036,0.94035153
44,1.006541322,0.995979579,1.015258015,1.016435608,1.011871625,0.999438499,1.036484187,1.026955244,1.075250995,1.065370878,0.969916289,0.980776007,0.95304507,1.018896763,1.015267392,1.064054269,0.986576953,0.969967562,0.948892044,0.994651949,1.033552295,0.996591232,1.047926425,1.030687726,1.01584505,0.946909496,1.001784685,1.008305695,1.057907131,1.004487516,0.996413155,0.997690695,0.99024228,1.034595265,0.986635587,1.154265873,1.008154616,0.97794104
45,0.986319291,0.992214422,1.002871593,1.017027187,1.02950063,0.986557009,1.044390867,1.008646022,1.043995075,1.018149348,0.973796652,0.996006421,0.927144473,1.00052105,1.01232155,1.049231288,0.999354334,0.996537522,0.967779767,1.01844008,1.033237619,1.000142032,1.052187821,1.03450608,1.012048604,0.984106861,1.008264463,1.060464325,1.030191414,0.997565284,1.009338165,0.986002061,1.002993846,1.029714717,0.984731935,1.149491567,0.991709757,0.954449921
46,1.027884723,0.993554563,0.996485513,1.015535379,1.018057241,0.999636676,1.0270529,1.027548599,1.011697291,1.011005897,0.970265085,1.019028229,0.976818696,1.021397805,1.01903467,1.035051452,0.998946546,0.967343368,0.941670267,0.976297437,1.033198285,1.006675504,1.028196047,1.019768081,0.997635746,1.008750502,1.003541913,1.057374493,1.045196546,1.003819163,1.014384485,0.989057448,1.005599601,1.040904924,0.97031857,1.075334821,1.022802407,0.973272575
47,0.987702314,0.943522655,0.992413852,0.996296201,1.032093831,0.989727837,1.019394412,1.010708635,1.015485887,0.997674225,0.996381235,0.995027603,1.010581013,1.064054467,1.01127351,1.038864388,1.015767832,0.927688887,0.91667181,0.999572156,1.017700507,1.00260392,1.013526791,1.021205247,1.020027962,0.995980335,0.991406057,1.020041387,1.037678884,0.993555163,1.01166343,1.001527694,1.008926096,1.032249366,1.006721057,1.062748016,0.999135373,0.960494746
48,1.031510485,0.95539247,1.003557346,1.001028833,1.035020103,0.988736953,1.023046376,1.005707505,1.015485887,1.005855968,1.00209278,1.01660076,1.008938668,1.026538836,1.007279628,1.00091878,1.012437557,0.976892517,0.974538609,0.981902195,1.02627542,1.000426096,1.010602079,1.014878898,1.013912727,1.012182678,0.995414733,1.004053633,1.008906467,0.991215926,1.00977106,0.984545422,1.016410711,1.009275737,1.001359751,1.044022817,1.030770535,0.994457361
49,1.003737899,0.977377154,0.975955769,0.999434142,1.046891728,0.999801823,0.999432705,1.020710895,1.010513355,0.980978487,1.019968608,1.017109745,1.020327392,1.046408226,1.002804215,1.014746417,0.996058042,0.984327733,0.996852046,1.002823771,1.05290485,1.004308304,1.001679424,1.007059022,1.007513327,0.993321171,0.996869938,0.980723984,0.998671578,0.989019907,0.987211043,0.992929975,1.00695792,1.003046972,0.970784771,1.031436012,1.007544291,0.983223287
50,1,1,1,1,1,1,1,1,1,1,1,1,1,1,1,1,1,1,1,1,1,1,1,1,1,1,1,1,1,1,1,1,1,1,1,1,1,1
51,1.012671476,0.997511168,0.988085033,1.008796523,1.014750315,1.006638922,0.994929797,1.010200045,1.013970449,1.034222111,1.013079874,0.992600133,1.028512196,1.019209393,1.000878087,0.976724244,1.011689945,0.969129278,0.985710759,1.056817696,1.094009362,0.999857968,1.049594425,1.026531216,1.014799323,1.022355524,0.999286126,0.99155257,0.971559688,0.984532391,1.001335791,0.996731446,0.991933248,1.008251092,1.025951826,0.976810516,1.000796813,1.010173905
52,0.985085785,1.00134014,0.993099606,0.982098305,0.999405229,1.000759678,0.997057155,1.00522717,0.975658269,0.990240053,1.008894315,0.992482676,1.071132411,1.050090315,0.987111942,0.965545755,0.994222992,0.962277217,0.987593358,1.095323664,1.147582897,1.003266736,1.085136525,1.051794344,1.001636791,1.063788998,1.003926306,1.026504521,0.947980194,1.015658567,0.98415604,1.002557999,1.020374785,1.006956803,0.999222999,0.969122024,0.968602187,0.995145541
53,0.970657497,0.975239311,0.977584433,0.982509838,1.001356077,0.987547893,0.978620054,0.973299051,0.973574541,0.978943434,0.976238228,1.024705376,1.146814926,1.088752258,1.008639248,0.974519172,1.019505896,0.946896527,0.997407567,1.115817396,1.120953467,1.020168545,1.159054039,1.106998436,0.990088319,1.045916948,1.001784685,0.956260453,0.947587706,1.003007591,1.007507638,0.990194337,1.008842934,1.000997681,1.011810412,0.982762897,0.985843859,0.981772529
54,0.920756551,0.838513082,0.968026744,0.97137272,1.02148312,0.987052451,0.966494114,0.949451854,0.973527183,0.989575546,1.058467039,0.911749736,1.158365193,1.118521606,0.992918649,1.021315693,1.00652462,0.973612275,1.000370348,1.143199418,1.145655509,1.021257457,1.253284588,1.133022417,0.993214136,0.989703472,1.00024711,0.87839102,1.085924763,0.815248007,1.056325834,1.02113902,1.004490769,0.908536914,1.095299145,0.964037698,1.176214292,1.201841347
55,0.948753411,0.851435865,0.975184296,0.972478716,1.05295839,0.967135685,0.97610268,0.938771474,1.02789354,1.00269956,1.089204744,0.919932658,1.163049917,1.110462693,0.997139134,1.069750704,0.995276447,0.98410905,0.985679896,1.169469045,1.152342367,1.038585361,1.295224494,1.250968678,0.985018812,0.981911506,0.9104912,0.875074411,1.122637522,0.81286103,1.205625162,1.002806693,0.921522426,0.908779593,1.136052836,0.86328125,1.221802153,1.252394681
56,0.922363847,0.843841736,0.944753986,0.966794413,1.06585302,0.955476285,0.914515672,0.903283228,1.026283387,0.963908963,1.09059993,0.927175914,1.148161111,1.111921634,1.001671199,1.119089183,0.979678527,1.003608266,0.973921363,1.151071749,1.124690241,1.044266641,1.335747744,1.333493018,0.976925787,0.970378158,0.917931962,0.875187799,1.187669827,0.807514203,1.243806508,0.986606033,0.907357099,0.898209567,1.174242424,0.893539187,1.287751123,1.287808054
57,0.927484768,0.853573708,0.933696211,0.969829471,1.026431613,0.96066191,0.934300099,0.880792269,1.008808486,0.946590248,1.09269271,0.935554599,1.06122449,1.045921912,0.980115568,1.128920127,0.971488769,0.944855487,0.918708722,1.161254439,1.074932148,1.048290882,1.343596481,1.337297282,0.997351581,0.94653845,0.917465199,0.889134564,1.158776644,0.804076956,1.378919247,0.987671866,0.914897156,0.891495443,1.17004662,0.883060516,1.273934051,1.273691063
58,0.918364296,0.857881302,0.936482085,0.956660408,0.970118716,0.952767869,0.928839881,0.876893083,1.003362379,0.917642661,1.096442274,0.926197095,1.022723601,0.984403224,0.979577385,1.147617298,0.975940463,0.912089514,0.878649466,1.130235742,1.042205877,1.021020737,1.35171941,1.340932467,1.035895745,0.934170248,0.913950743,0.875698047,1.169766318,0.823554686,1.413204537,0.999502611,0.923989577,0.891576336,1.150699301,0.89515129,1.252301433,1.212629034
59,0.939520802,0.840491385,0.930867478,0.946217753,0.928675089,0.944972916,0.917068501,0.862765597,0.979873082,0.895049423,1.087417161,0.951176541,0.963491465,0.978428512,0.992861999,1.15222651,0.960546437,0.90450851,0.865903339,1.106661533,1.023404004,1.007906448,1.346486919,1.328167049,1.114529934,0.924368449,0.903489745,0.87479094,1.142775195,0.803504082,1.434762712,1.016236189,0.928009092,0.892600982,1.166511267,0.882440476,1.215444605,1.218190272
60,0.931858109,0.833343969,0.921052632,0.933897477,0.887017344,0.940910292,0.880194299,0.824734403,1.053655995,0.94098347,1.099755842,0.94072276,0.938910129,0.926253995,0.987111942,1.154676589,0.949060387,0.869628604,0.841367817,1.091344714,1.01966723,0.99242496,1.341620016,1.306426387,1.341543813,0.909031879,0.90634524,0.871927885,1.105398225,0.788513868,1.463383261,0.986002061,0.91572878,0.908105485,1.201515152,0.85844494,1.293447487,1.200595183
61,0.9071506,0.859508615,0.90129436,0.950255922,0.84138653,0.931067512,0.851474968,0.805860081,1.011555219,0.92819171,1.095657482,0.92725422,0.949194981,0.948033903,0.996742579,1.143069337,0.951575084,0.899733936,0.835812604,1.046421084,0.956063407,0.988164,1.384405347,1.307060431,1.486320288,0.930707152,0.904972406,0.872494827,1.075267194,0.783310259,1.482826434,0.993072086,0.922270888,0.953594348,1.182750583,0.850260417,1.322793931,1.14794011
62,0.950884013,0.854977664,0.898208469,0.937369788,0.805105512,0.929250892,0.864416395,0.78675972,0.997442697,0.905017028,1.079918033,0.95332994,0.884470411,0.914617202,0.979435758,1.113622443,0.947089408,0.874621861,0.802203568,1.036666239,0.945128427,1.016144305,1.397669371,1.315373452,1.647169146,0.912896942,0.912220971,0.908353885,1.07091963,0.780780064,1.452709305,1.004867304,0.923961856,0.911314243,1.225718726,0.85546875,1.284140036,1.122868037
63,0.966545808,0.858710913,0.895851191,0.939556059,0.77182214,0.93179416,0.839809956,0.752260398,0.977694639,0.885663261,1.067056156,0.910457696,0.876285607,0.871474225,0.974932019,1.103975254,0.936792741,0.838612093,0.778995124,1.023403072,0.916296267,1.010747088,1.402262082,1.337931326,1.761642247,0.910485143,0.917300459,0.998752728,1.048728941,0.799112045,1.515627512,0.995772196,0.916366358,0.908186378,1.201864802,0.874813988,1.245503094,1.12240305
64,0.911000635,0.867294193,0.887279273,0.937061138,0.757143197,0.91643546,0.790561622,0.737002712,0.94885395,0.858667663,1.067840949,0.93614189,0.884443487,0.881061553,0.989717879,1.082460492,0.941278418,0.799504319,0.764952781,1.065032302,0.951618613,1.007622384,1.39918885,1.341834219,1.908294213,0.888902631,0.914033113,0.940669558,1.014189964,0.783453478,1.519251463,1.003943582,0.931086101,0.915844254,1.174902875,0.871775794,1.221734339,1.039970241
65,0.925914851,0.860402042,0.871935539,0.948404023,0.745913925,0.92016779,0.779924833,0.725926763,0.95387384,0.849323033,1.057159051,0.933401198,0.840073232,0.842121717,0.982041695,1.063227367,0.931627417,0.816415789,0.776371829,1.065973559,0.953309995,1.00994224,1.385764881,1.347427895,1.767962081,0.889861167,0.923313473,0.890155059,0.977447014,0.794051654,1.497396445,0.990727253,0.926040916,0.867146632,1.211305361,0.911024306,1.198219886,1.086617688
66,0.918252159,0.863178047,0.864177953,0.894210242,0.718554469,0.912207689,0.751630974,0.716828662,0.933699564,0.871210233,1.032350889,0.948631612,0.866646923,0.8650132,1.009743938,1.013398873,0.944268869,0.811604767,0.805752731,1.04958713,0.977343351,1.017233217,1.376122472,1.332013583,1.815667731,0.880585016,0.922160292,0.874819287,1.033844575,0.788752566,1.506685137,0.996234057,0.917558352,0.852801596,1.191452991,0.887834821,1.231465627,1.066381475
67,0.953388405,0.881908105,0.86452083,0.912960724,0.691647039,0.906956005,0.772904553,0.685691682,0.924985793,0.859373702,1.011117893,0.913903137,0.874831727,0.878525775,0.988896442,1.009325616,0.941584259,0.805190072,0.797543362,1.078851666,0.987452307,0.980115519,1.358425683,1.315767968,1.959819044,0.882996815,0.940830839,0.864727726,0.997735644,0.793240082,1.542974113,0.993818169,0.92756556,0.859273041,1.151825952,0.895337302,1.234161227,1.013038222
68,0.927858558,0.875111678,0.867263844,0.937781322,0.670068756,0.914982164,0.740816905,0.68232934,0.894203448,0.8307999,0.98648413,0.916408912,0.837192397,0.849312213,0.991020847,0.96092123,0.928365107,0.818493276,0.794518857,1.046078809,0.973685246,0.977369567,1.358551354,1.371761092,1.918433227,0.8734733,0.928777354,0.855543272,1.020650927,0.815248007,1.59170573,0.976302981,0.919360204,0.869573424,1.122804973,0.88764881,1.195778588,1.009969311
69,0.937539716,0.867421825,0.859163381,0.920754135,0.644350867,0.918053904,0.73234293,0.671055606,0.894014018,0.836614337,0.987617719,0.933988489,0.799849227,0.812630263,0.991134149,0.93430724,0.912325415,0.797973539,0.768563669,1.02969238,0.964362978,0.99337184,1.351330972,1.436179956,1.881264421,0.877338363,0.929189204,0.862119795,1.027927058,0.797154724,1.54559622,0.978932035,0.929284249,0.880359165,1.165850816,0.860739087,1.166449097,0.98069376
70,0.943034426,0.86027441,0.838505057,0.895316238,0.63012395,0.916039107,0.71248759,0.659103752,0.87909642,0.829387823,0.953653645,0.917700952,0.772979376,0.811136585,0.978302742,0.940631508,0.968124512,0.792397128,0.754212703,1.02173448,0.950320576,0.981109743,1.340694619,1.4472405,1.86042943,0.862620203,0.928859724,0.853785753,0.979862327,0.797488901,1.413451905,0.960173375,0.931695958,0.851884808,1.124048174,0.86359127,1.168873442,0.954691714
71,0.952379172,0.871601787,0.865378022,0.9109545,0.614065139,0.911448012,0.687739328,0.664867767,0.897565827,0.809660271,0.973055459,0.900317138,0.748424964,0.788488259,0.98589395,0.942392503,0.927923336,0.775886577,0.750200605,1.002695418,0.933092082,0.976943471,1.32331772,1.424710806,1.819521011,0.887480288,0.937947887,0.853020382,1.004830626,0.804411133,1.489876439,0.951433545,0.922825304,0.899719571,1.098601399,0.878100198,1.1782148,0.978201432
72,0.938773221,0.884237396,0.838505057,0.909694179,0.607594033,0.912471925,0.697347894,0.663794078,0.877060049,0.799111222,0.980074991,0.939391567,0.738032416,0.767542031,0.977198051,0.933710033,0.927005811,0.754710792,0.739275353,1.002567065,0.898202415,0.979784111,1.310350737,1.4357009,1.800947975,0.873720664,0.942697894,0.839697253,0.971227583,0.807084547,1.50264066,0.959178598,0.930254477,0.877959338,1.074125874,0.845424107,1.151207934,0.918794755
73,0.952752963,0.875973197,0.844205383,0.904087039,0.592986463,0.902463998,0.682846405,0.657464964,0.892025005,0.794335078,0.947462504,0.898555264,0.700016154,0.747290538,0.973883979,0.945945118,0.948856492,0.728906222,0.735108944,0.985710007,0.899421783,0.989868384,1.301222438,1.476195173,1.797458427,0.887140163,0.927926196,0.838166511,0.998309281,0.79137824,1.534081211,0.97648062,0.918667184,0.870571105,1.071833722,0.866691468,1.119250657,0.881670232
74,1.001233507,0.876419911,0.839533688,0.894544613,0.601337045,0.904974237,0.685860162,0.646502034,0.865931048,0.762854058,0.945587722,0.92482675,0.671638576,0.7224538,0.968133923,0.936512312,0.92812723,0.752779094,0.732825134,0.970949386,0.895960351,1.008948016,1.298948932,1.486635763,1.778055628,0.872762129,0.943549051,0.839385435,0.984481613,0.797966296,1.547389643,0.978505702,0.930060431,0.863398587,1.086208236,0.851438492,1.173128762,0.920282712
75,0.926662431,0.893650287,0.839147951,0.914786903,0.595008684,0.908838684,0.668983123,0.645315325,0.874171245,0.781834039,0.955702825,0.935554599,0.665849981,0.691433931,0.964253342,0.917616073,0.928161212,0.729161351,0.722239368,0.952038677,0.879715219,1.008332544,1.271312693,1.49427247,1.743228344,0.86611422,0.917712309,0.836352298,1.033210555,0.797393421,1.583097302,0.983515117,0.932638465,0.866796096,1.065967366,0.835565476,1.146528779,0.899135125
76,0.910626846,0.859061902,0.814803703,0.895650608,0.591559013,0.899061963,0.661182811,0.640596745,0.869861716,0.794335078,0.916288804,0.943972437,0.6416725,0.675837154,0.97991729,0.926267916,0.927481565,0.721981266,0.703598543,0.931716083,0.885064705,1.00852192,1.268707872,1.527764079,1.778805824,0.869113509,0.944812059,0.84360915,1.030523519,0.798634649,1.616133381,0.973638398,0.925237013,0.868036456,1.052408702,0.884052579,1.127422226,0.879494095
77,0.950697118,0.876866624,0.834904852,0.893592942,0.575333666,0.900779495,0.669550418,0.64039896,0.860058723,0.784076751,0.903732124,0.936924945,0.616687308,0.677261359,0.997365738,0.918902364,0.934957692,0.713233954,0.699679032,0.919394173,0.850607717,1.001704384,1.260699189,1.527256844,1.815088034,0.861970873,0.931440652,0.85245344,1.063975605,0.796916026,1.597531261,0.968984261,0.930476243,0.877878445,1.079448329,0.865947421,1.095854878,0.882228215
78,1.006802975,0.881301851,0.84030516,0.868103603,0.572121904,0.891960629,0.69702879,0.61465868,0.87147187,0.772032561,0.910882456,0.923769626,0.605863981,0.659476171,0.995836166,0.92700294,0.917966493,0.713999344,0.693846059,0.92538399,0.85918263,1.061263138,1.253330287,1.491975822,1.899189561,0.861043258,0.931001345,0.852283357,1.071674416,0.812479114,1.573845716,0.98330195,0.927842768,0.868171278,1.048251748,0.869853671,1.181062982,0.862456989
79,1.038986282,0.891193363,0.842362421,0.886313948,0.561630148,0.89374422,0.675577932,0.63517179,0.854044327,0.769374533,0.930633066,0.910849223,0.594394486,0.655898291,1.004758668,0.89721916,0.918170388,0.728359515,0.693815197,0.897274633,0.847854305,0.986601648,1.268742146,1.511588914,2.013810428,0.85996104,0.931852503,0.84516824,1.037527927,0.778345348,1.569689923,0.963264291,0.932139491,0.875613439,1.01010101,0.831039187,1.162905824,0.85896029
80,1.056591784,0.884269304,0.831818961,0.886519715,0.575405039,0.888756771,0.646574954,0.632628843,0.865457473,0.761483512,0.931635856,0.92482675,0.594906036,0.644539391,1.009602311,0.907754502,0.925102797,0.74417757,0.683599778,0.896205023,0.849388349,0.995360288,1.23770136,1.480083976,2.144537777,0.853344052,0.923148733,0.846302123,1.027564761,0.784933403,1.54552201,0.970654066,0.930226756,0.863856981,1.033449883,0.868055556,1.145816733,0.859443876
81,1.083243001,0.87929164,0.829333105,0.88325317,0.562605572,0.896320518,0.668096724,0.636697559,0.875355181,0.748442562,0.916070806,0.884969266,0.604894728,0.63477838,1.017760027,0.88930234,0.914772148,0.740605751,0.665298438,0.879733025,0.853833143,1.000284064,1.215925968,1.446352838,2.209963968,0.864042547,0.929546141,0.84720923,1.022613369,0.764071227,1.522702255,0.984332256,0.937960858,0.850266947,1.01045066,0.85187252,1.178045266,0.84309495
82,1.072328337,0.860529675,0.817803875,0.88387047,0.564937073,0.881556348,0.664054744,0.63511528,0.839221443,0.77053742,0.9374782,1.013664305,0.590975176,0.640509935,1.006231588,0.895550043,0.911951609,0.727995043,0.657428554,0.878748984,0.837470007,1.035508001,1.19982863,1.425978893,2.198824693,0.947002257,0.931166086,0.83856337,0.976692229,0.79242851,1.583839408,0.996376168,0.945528636,0.844820148,0.985625486,0.847222222,1.232228533,0.786645587
83,1.113557358,0.866273133,0.842705297,0.874739577,0.557894987,0.882415114,0.669904978,0.639805606,0.864273537,0.763269375,0.909836066,0.952077053,0.583732702,0.621682646,1.028297077,0.890925518,0.903523975,0.736633014,0.663847911,0.866427074,0.847736302,1.041615377,1.185422141,1.390740141,2.212998852,0.947218701,0.919332253,0.844572951,1.006370388,0.778584045,1.577605719,0.999218389,0.951460886,0.84452354,1.004390054,0.825644841,1.234144274,0.803812889
84,1.089223638,0.877377154,0.834819133,0.876642918,0.548450027,0.88515656,0.644022125,0.641444394,0.840642167,0.760985132,0.898500174,0.956266396,0.587905875,0.614144783,1.015918876,0.913190616,0.899378122,0.726755841,0.659681501,0.855388696,0.837273335,1.041094593,1.158894093,1.415467854,2.22231947,0.930428867,0.935119848,0.838988576,1.044864441,0.776292548,1.582590197,1.015383522,0.944142596,0.859407863,0.991142191,0.85484871,1.25287785,0.799330419
85,1.056778679,0.873197192,0.839362249,0.884899303,0.545262056,0.889681596,0.648737768,0.649638336,0.847272211,0.775230501,0.91040286,0.954700287,0.571240106,0.61060164,1.019289599,0.933143452,0.907635845,0.743375733,0.662860317,0.877764942,0.816308067,1.037449105,1.139597852,1.404886365,2.205485525,0.930057821,0.934570715,0.823567764,1.068836423,0.805938798,1.595440996,1.019504743,0.931030659,0.842986572,0.995299145,0.84437004,1.297414597,0.772509997
86,1.073001159,0.869336311,0.837347848,0.882507266,0.562415245,0.889582508,0.64827684,0.646671564,0.838463724,0.762106487,0.908789676,0.959085392,0.588767433,0.6026122,1.013992749,0.873683082,0.904441499,0.740204833,0.660514783,0.87609635,0.834244582,1.029447969,1.119033474,1.381863526,2.318708299,0.927213135,0.929683424,0.832553789,1.065243645,0.782737385,1.626374442,1.006856859,0.937517325,0.853988028,1.03970474,0.869977679,1.265915063,0.790532875
87,1.083429896,0.867996171,0.833147608,0.862136372,0.542692646,0.887732858,0.654552546,0.653707052,0.842489108,0.779840518,0.927493896,0.953055871,0.609121749,0.591392247,1.00917743,0.876975377,0.901994767,0.707839778,0.65872477,0.884653232,0.811115919,1.01349304,1.097498001,1.374734054,2.408129397,0.907640456,0.94124269,0.836068827,1.068655274,0.778488566,1.579819668,1.025366824,0.945833564,0.850186054,1.015190365,0.855902778,1.353750954,0.798326049
88,1.089485291,0.871250798,0.866020915,0.88510507,0.54338258,0.883637204,0.661324635,0.651757459,0.845283198,0.750477614,0.922349145,0.954112996,0.620214313,0.602785883,1.010253796,0.862183021,0.89509634,0.686919124,0.674371952,0.873229795,0.830547142,1.049616514,1.084908032,1.398292308,2.3822249,0.911103553,0.934378518,0.838761799,1.081969688,0.795865756,1.600004947,1.010551746,0.94358818,0.842285499,1.051942502,0.849020337,1.320233958,0.762819678
89,1.084738161,0.883343969,0.873564204,0.866380308,0.534080365,0.892753336,0.637746419,0.660064421,0.831975753,0.767754797,0.912277642,0.91738773,0.615206505,0.599173267,0.995949467,0.830240108,0.885615251,0.702773627,0.660669095,0.883669191,0.825866342,0.99431872,1.084165429,1.465120539,2.3121043,0.917133051,0.930012905,0.855288148,1.077229636,0.779061441,1.575181507,1.019682382,0.93313744,0.861160546,1.087645688,0.862227183,1.310383996,0.746582349
90,1.065450604,0.894352265,0.890493742,0.865094267,0.527276188,0.893479984,0.634590838,0.653198463,0.818952453,0.751557438,0.919645971,0.921498768,0.612379516,0.580380714,0.994816451,0.786705255,0.884935603,0.71939352,0.654928708,0.880631498,0.803996381,1.002887984,1.078555924,1.482042467,2.362151471,0.923966482,0.927184866,0.869801854,1.098876879,0.797632119,1.542145428,1.01112019,0.932084049,0.880709702,1.068609169,0.950272817,1.326896669,0.761517716
91,1.061077263,0.895341417,0.900265729,0.873247769,0.526276973,0.890507333,0.630938874,0.660064421,0.824682705,0.742295872,0.915329613,0.939195803,0.615879597,0.576108101,0.993116927,0.737351464,0.86702688,0.717899187,0.649929017,0.887477003,0.821382213,1.017943377,1.080726608,1.462330745,2.377985155,0.916050833,0.921199308,0.863707231,1.087887205,0.761970688,1.529529629,1.000675028,0.928812996,0.874642722,1.106216006,0.960751488,1.29032805,0.759918162
92,1.039135798,0.874537332,0.896194068,0.860464518,0.534413437,0.892390012,0.625407744,0.660996835,0.818242091,0.763767755,0.929019881,0.921616225,0.623849012,0.58305544,1.01866644,0.720308098,0.880891698,0.697634581,0.649219184,0.890985325,0.802816347,1.026039201,1.057454587,1.460414524,2.267240301,0.947342383,0.923890063,0.864756073,1.1202524,0.771423115,1.541947533,1.002806693,0.92897932,0.874804508,1.11002331,0.926897321,1.336780537,0.757146843
93,1.037752775,0.908615188,0.912566432,0.86923532,0.537315918,0.892059717,0.629059708,0.649440552,0.837137715,0.763809286,0.918991978,0.928937787,0.613725701,0.586147006,1.01410605,0.68338846,0.881537364,0.68378467,0.658447009,0.892183288,0.799512253,1.028359057,1.042716783,1.409817818,2.103970356,1.043968956,0.931523022,0.851546333,1.104341525,0.784026352,1.495133022,0.996269585,0.933885901,0.897805102,1.094638695,0.896081349,1.326015089,0.750562634
94,1.028071618,0.922303765,0.919295388,0.872707631,0.539147812,0.886609856,0.621933059,0.647490958,0.821083539,0.776310325,0.955920823,0.903645121,0.62026816,0.571349173,1.015437344,0.660817102,0.906616373,0.69471881,0.656379236,0.884867154,0.800180939,1.045923681,1.017171256,1.375325828,2.259999773,1.039392721,0.921391505,0.845139893,1.084566149,0.794147133,1.431534551,0.997726223,0.926844819,0.868171278,1.097863248,0.99937996,1.343426295,0.762577885
95,1.020521063,0.916273133,0.947968455,0.880655367,0.540599053,0.899061963,0.649907814,0.641387884,0.825298352,0.774898247,0.997427625,0.926392859,0.609390986,0.580172294,1.015862225,0.649225162,0.88034798,0.68378467,0.663138078,0.892268857,0.810053888,1.032667361,1.007654518,1.344116777,2.266797004,1.029560001,0.925043244,0.828868668,1.056397561,0.776960901,1.424855599,1.006572637,0.925763708,0.835059052,1.116161616,0.972904266,1.368059676,0.746024365
96,1.044929541,0.928717294,0.946125493,0.889811981,0.536055004,0.888987977,0.640228336,0.644750226,0.828376586,0.787731539,0.984042553,0.938021221,0.601986969,0.577775462,1.017760027,0.625214382,0.877017705,0.678499836,0.659156842,0.865870877,0.806356449,1.032525329,0.989603564,1.330097361,2.244131989,1.093720046,0.921803355,0.849335261,1.041392428,0.835537308,1.359933705,1.051515259,0.94114875,0.840290136,1.132983683,1.086433532,1.291294397,0.728764066
97,0.998803873,0.925366943,0.963012172,0.879729417,0.538338924,0.893017572,0.636150901,0.648338608,0.829181663,0.791635518,0.956923614,0.924709291,0.603387001,0.569369182,1.008525946,0.607007228,0.876440004,0.666217152,0.657737177,0.898558165,0.818471463,1.019221665,0.961396093,1.320938949,2.251963581,1.141584985,0.931468109,0.835615273,1.024243705,0.908912971,1.322482097,1.06945678,0.928369463,0.820066872,1.127544678,1.040860615,1.335576842,0.731330791
98,0.959630696,0.920357371,0.950197154,0.88479642,0.53105893,0.895494781,0.630938874,0.634804476,0.836806213,0.79832212,0.945500523,0.925883873,0.599671531,0.587084896,1.043366191,0.607160358,0.881027628,0.655611036,0.653293007,0.893081761,0.826456358,1.016617745,0.964903462,1.300776352,2.223149232,1.174329798,0.926745559,0.862006406,1.010265081,0.96830095,1.289322334,1.053540342,0.946803792,0.826268673,1.139238539,1.106026786,1.287191659,0.748144704
99,0.962434119,0.936758137,0.936910681,0.900923378,0.528275403,0.898500462,0.662211034,0.641670434,0.837516575,0.825234654,0.931156261,0.92725422,0.541274029,0.549638738,1.023481758,0.586457185,0.871444592,0.647082407,0.655391642,0.891841013,0.81579672,1.008569264,0.913595339,1.265918025,2.194221217,1.347268174,0.921391505,0.852708564,1.01473341,0.990643052,1.291833125,1.039364764,0.934357155,0.815078466,1.163014763,1.10125248,1.358955667,0.727703897
100,0.960864202,0.935290364,0.938796503,0.889014635,0.53248638,0.899458317,0.642036591,0.643620027,0.880327714,0.837112717,0.94275375,0.93829529,0.597490711,0.580068084,1.023510084,0.591311405,0.885649234,0.671210409,0.657706314,0.881487186,0.801282303,1.064151122,0.898263453,1.261000662,2.139138639,1.469620605,0.923807693,0.8610993,0.973854236,0.973600038,1.252946779,1.033325044,0.931224705,0.822547592,1.173426573,1.157986111,1.350122913,0.766260578
101,0.95432288,0.951818762,0.936567804,0.881272666,0.539290557,0.897311402,0.635370869,0.641585669,0.916082591,0.863277681,0.927493896,0.957127756,0.563782241,0.564089204,1.020280988,0.593240843,0.881639311,0.664176113,0.651040059,0.871775125,0.809227865,1.111779188,0.878681595,1.309765686,2.067835912,1.635694629,0.933884298,0.873401933,0.948614214,0.990404354,1.236422555,1.010622802,0.933192881,0.835921911,1.157536908,1.203062996,1.346494872,0.765609597
102,0.963854521,0.955456286,0.959283388,0.914169603,0.543192254,0.894173603,0.63501631,0.639353526,0.943881417,0.884043525,0.975584234,0.917700952,0.601421571,0.5637071,0.998668706,0.591648291,0.881163557,0.674235521,0.64539226,0.90326445,0.848365653,1.100511315,0.859876614,1.312640018,1.997294747,1.681487895,0.927129952,0.876321683,0.928989795,1.024776818,1.236731766,1.063985505,0.950074846,0.82953136,1.145804196,1.266617063,1.307213698,0.748814284
103,0.985833365,0.957019783,0.9579976,0.89382443,0.546142317,0.905238473,0.650085094,0.654893761,0.9304319,0.876194036,0.975671434,0.911162445,0.605567821,0.615291094,1.033338998,0.582644248,0.872022292,0.670262784,0.645237948,0.9489582,0.905282618,1.061215794,0.845572946,1.298930579,1.910658468,1.807458025,0.924988331,0.885846302,0.939707747,1.031603571,1.219069647,1.060894589,0.947884903,0.845844793,1.126961927,1.215215774,1.252928711,0.788393937
104,1.003625762,0.963273772,0.943468198,0.891303789,0.572193277,0.904247589,0.635583605,0.651587929,0.912530782,0.904933965,0.974319847,0.938686818,0.606537074,0.595977491,1.022263766,0.583976479,0.8777993,0.673652367,0.649527807,0.959782655,0.893796956,1.076886658,0.818153776,1.292801488,1.863498414,1.843140286,0.933582274,0.901692321,0.938288751,1.042679143,1.19224252,1.053114009,0.932638465,0.846653724,1.126884227,1.194072421,1.249080275,0.813856598
105,0.992075655,0.960657307,0.943425339,0.893721546,0.581709609,0.936054961,0.648383208,0.662127034,0.978925933,0.942603206,1.034269271,0.936455112,0.650584244,0.610254273,1.021102425,0.58076075,0.877595406,0.663155593,0.664341707,0.960766697,0.916768281,1.106808067,0.80760882,1.321967509,1.825295248,1.99325933,0.94198402,0.892054313,0.920234285,1.100062061,1.172477768,1.038760792,0.944669291,0.845548185,1.102952603,1.216145833,1.284563872,0.778703618
106,0.993010129,0.980695597,0.986413509,0.900614728,0.585563724,0.93612102,0.651255141,0.662974684,1.066395151,0.992898081,1.19375654,0.949140598,0.660572936,0.62341948,1.028580331,0.576442484,0.896149794,0.652913948,0.673816431,0.953407778,0.897848405,1.162816021,0.795670056,1.32808251,1.798345022,2.036640797,0.933499904,0.894151997,0.920294668,1.097675085,1.160430916,1.037872597,0.946083052,0.845656043,1.112121212,1.158296131,1.264779181,0.787166372
107,1.008485029,0.966177409,0.976770101,0.906016101,0.59374777,0.932619897,0.638242802,0.657775769,1.120761508,1.047055403,1.204089641,0.955091813,0.67414248,0.639815201,1.021017448,0.585124954,0.892717572,0.650071072,0.673970743,0.969280794,0.921331078,1.140801061,0.790631783,1.386020036,1.740386692,2.063046906,0.95101727,0.88635655,0.913592174,1.146082971,1.142768797,1.064340782,0.95437157,0.837431915,1.107109557,1.110553075,1.2802916,0.799535013
108,0.98527268,0.96834716,0.962626436,0.89135523,0.593795351,0.940150614,0.676747979,0.649299277,1.258050767,1.111263394,1.262425881,0.89847696,0.665069194,0.615603724,1.009432359,0.591617665,0.887348354,0.637205234,0.683815814,0.994138536,0.940604964,1.111779188,0.783182909,1.408253843,1.682462462,2.071673727,0.93303314,0.898063894,0.88167985,1.140688404,1.142175112,1.051159982,0.953429062,0.851507307,1.106837607,1.155009921,1.293752649,0.788393937
109,0.9845251,0.952042119,0.943982513,0.89289848,0.59805391,0.94778042,0.656679904,0.657380199,1.3195681,1.174183902,1.290068015,0.915156025,0.642157127,0.607822704,1.01300136,0.584910572,0.883712237,0.654262492,0.691716561,1.016258076,0.942375015,1.156755989,0.773163487,1.40752117,1.631562795,2.097770632,0.940693556,0.899679678,0.861572369,1.229340717,1.135125107,1.050378371,0.946831513,0.86409966,1.125135975,1.115203373,1.248944647,0.764326235
110,0.973423541,0.960880664,0.925938625,0.893155688,0.603882664,0.941075439,0.640157424,0.660544756,1.264822883,1.146066949,1.3333624,0.950001958,0.649776533,0.599833264,1.018779742,0.592046429,0.895538111,0.645369392,0.692302944,1.011295084,0.926365889,1.24254332,0.77307209,1.411607231,1.599963627,2.0687672,0.942917548,0.906511325,0.872199746,1.227144699,1.104154556,1.076526806,0.951904419,0.862185191,1.103263403,1.081349206,1.23534797,0.762912676
111,0.975965312,0.952488832,0.934939139,0.919313768,0.601122927,0.945534417,0.662033754,0.662946429,1.332544042,1.189176842,1.505798744,0.947496183,0.637095471,0.608934278,1.021583956,0.590178243,0.911237979,0.675620512,0.681223381,1.044495786,0.966133029,1.285815737,0.774854336,1.439152917,1.589551815,2.076311802,0.935751352,0.880800522,0.858764567,1.21368215,1.105181136,1.056524674,0.961163165,0.871460929,1.11996892,1.075768849,1.233788251,0.748535292
112,0.95432288,0.979834078,0.969141094,0.913835232,0.618585397,0.94166997,0.643171181,0.66142066,1.437251373,1.298363651,1.537844437,0.916134842,0.651580421,0.612234264,1.042063222,0.599534485,0.909606824,0.665597551,0.678692673,1.060668292,0.970695827,1.252627592,0.774637267,1.543305201,1.575639087,2.089112891,0.943027374,0.901182073,0.854628344,1.224375806,1.126627995,1.045830817,0.971475301,0.865879308,1.126262626,1.069320437,1.206238874,0.755138101
113,0.963667626,0.955456286,0.938925081,0.90318681,0.630932838,0.943949003,0.65987094,0.659103752,1.841021027,1.542030069,1.636815487,0.936337654,0.662942222,0.603411144,1.060389758,0.591464535,0.907737792,0.686700441,0.676285414,1.02425876,0.964756323,1.325300634,0.782223238,1.551801389,1.545733544,2.092050339,0.947090964,0.88207614,0.846295514,1.192581277,1.113022721,1.030092017,0.952403393,0.88181524,1.112393162,1.124007937,1.156836484,0.739458756
114,0.941838298,0.953956605,0.953025887,0.8953934,0.628292056,0.933082309,0.645227627,0.657182414,2.099924228,1.700805715,1.636728287,0.906385811,0.657503635,0.601153258,1.035066848,0.593057087,0.925646515,0.676531691,0.672643664,1.032858426,0.988907682,1.436038254,0.77322061,1.522395841,1.502813235,2.111066448,0.936135746,0.880942257,0.855926574,1.266004678,1.120604569,1.060574839,0.962881854,0.881518632,1.127738928,1.074280754,1.152513351,0.738175393
115,0.976413861,0.961518826,0.974069947,0.91437537,0.651107463,0.950984278,0.691214012,0.648734177,2.143540443,1.730791594,1.79586676,0.923847931,0.639168596,0.603932194,1.071776569,0.596334068,0.92160261,0.664868608,0.673476946,1.113934882,1.102662943,1.533235489,0.773209185,1.498302171,1.50577992,2.103460004,0.946651657,0.877965813,0.84194795,1.279419487,1.151735909,1.047749316,0.959028663,0.875128081,1.106604507,1.061135913,1.142629482,0.723277225
116,0.927297873,0.979068283,0.956240357,0.882198616,0.647324721,0.958151671,0.643844845,0.649412297,2.138425838,1.70462663,1.773020579,0.942210564,0.65149965,0.612512158,1.067046227,0.595308098,0.952118802,0.672486059,0.676408864,1.150387199,1.168626834,1.531909857,0.765017708,1.469699745,1.481034816,2.082248539,0.947997035,0.90849562,0.855896383,1.283907003,1.155953544,1.031903933,0.964351056,0.900932967,1.093395493,1.031312004,1.138069001,0.712489538
117,0.947333009,1.008742821,1.051388651,0.900203195,0.691147432,0.952239398,0.655119841,0.648988472,2.116404622,1.750685273,1.948465295,0.932735602,0.651445803,0.594171182,1.077158396,0.601525175,0.94725932,0.659620221,0.675266959,1.218927823,1.190654132,1.571631474,0.752770479,1.438406154,1.444786706,2.027797533,0.957249938,0.906964878,0.845631302,1.27096959,1.133739842,1.032365794,0.975245329,0.908213342,1.101282051,1.100508433,1.11177418,0.712117549
118,0.972227414,1.002584556,1.029573118,0.912266262,0.792995979,0.948903422,0.677279818,0.648903707,2.159736693,1.832585763,2.067928148,0.922595044,0.647864951,0.620466861,1.085599366,0.599075095,0.951914908,0.659292197,0.668199494,1.206648697,1.18463596,1.565098002,0.798206329,1.408253843,1.436170817,2.000803933,0.950248483,0.905320747,0.858311696,1.316083449,1.152589331,1.006466053,0.982674502,0.907080839,1.095182595,1.114707341,1.114842757,0.704938157
119,0.9631817,1.000255265,0.991128064,0.904395689,0.790545524,0.947879509,0.674656077,0.650938065,2.103996969,1.76659191,2.02812173,0.946713128,0.639572452,0.610011116,1.068405846,0.601846748,0.961260067,0.666800306,0.660483921,1.295212425,1.254336624,1.74278004,0.849160288,1.383286602,1.423190152,1.980272719,0.957853985,0.896192987,0.822866977,1.315606053,1.141519585,1.017905994,0.980401397,0.91891819,1.08951049,1.07905506,1.059845723,0.715614247
120,0.921877921,1.00555201,0.995156866,0.898582782,0.791616111,0.961586735,0.672315984,0.654893761,2.051856412,1.769872913,2.038106034,0.976586665,0.637768564,0.591322773,1.090046454,0.606532525,0.959696877,0.666290046,0.667489661,1.412313353,1.408213035,2.043272417,0.828961499,1.367435504,1.395955761,1.972140626,0.96021526,0.906284548,0.837177707,1.319759393,1.120604569,1.023697019,0.968869546,0.919026048,1.061616162,1.093625992,1.068356362,0.714051892
121,0.943333458,1.003446075,1.011014915,0.883587541,0.801394143,0.963403356,0.659374557,0.647293174,2.098740292,1.791054074,1.939222183,0.953055871,0.627295245,0.590002779,1.083078405,0.615521254,0.962347504,0.676313008,0.678353188,1.487014932,1.422412776,1.99928984,0.824780075,1.369746242,1.380144811,1.96376117,1.001537574,0.913768178,0.828210857,1.292070464,1.109881139,1.016484883,0.998336752,0.915844254,1.035353535,1.022631448,1.030143257,0.707504882
122,0.947445146,0.985641353,0.997514144,0.896113583,0.777746057,0.967664156,0.664125656,0.654328662,2.008429627,1.718747404,2.036841646,0.959085392,0.637876259,0.600215368,1.094408566,0.599871371,0.967478846,0.685242556,0.670236405,1.661233047,1.547417693,1.981346463,0.819227693,1.349541375,1.359753117,1.94715686,0.985887263,0.904073476,0.848590061,1.290256361,1.071464793,0.99968025,0.988246382,0.918082295,1.04040404,1.042410714,1.018953971,0.715037664
123,0.953874332,0.979674537,0.966826676,0.90192649,0.729284134,0.967201744,0.666962133,0.65675859,1.918592536,1.668452529,2.091253924,0.951685526,0.636637769,0.596915381,1.105228869,0.605736249,0.969483807,0.673397237,0.66613172,1.593205836,1.54722102,1.92510179,0.816714269,1.314711228,1.320686088,1.939303052,0.975371352,0.900416702,0.827999517,1.257125125,1.069485844,1.00571997,0.984476354,0.93644502,1.037373737,1.14124504,1.021853013,0.689946992
124,0.92337308,0.97929164,0.983327619,0.900254636,0.770132991,0.974038843,0.665047511,0.660940325,1.80971775,1.626837777,2.28435647,0.946713128,0.648376501,0.600006947,1.099847043,0.599549798,0.965541849,0.6865911,0.66168755,1.535275746,1.522912323,1.875248556,0.807060436,1.289828526,1.313843391,1.974614267,0.961670465,0.908665703,0.812058451,1.222991359,1.066430842,0.992894447,0.980207352,0.944102896,1.04009324,1.104414683,1.01752988,0.702966614
125,0.925055134,0.971250798,0.962240699,0.906581959,0.763305022,0.979951116,0.660296412,0.652350814,1.802329987,1.608356176,2.238838507,0.947300419,0.657315169,0.596081701,1.099223884,0.608584466,0.989125633,0.67361592,0.662736868,1.44333205,1.459701845,2.025329041,0.807174683,1.263269131,1.299066802,1.937385981,0.957057741,0.915327267,0.81033754,1.212297704,1.077067692,0.986890255,0.97355436,0.928436607,1.074164724,1.141369048,1.017733322,0.688421836
126,0.952005382,0.95169113,0.940982342,0.902620952,0.726952632,0.974699432,0.655864416,0.654102622,1.703589695,1.606071933,2.319105337,0.935867821,0.649911152,0.595178547,1.092114208,0.640971457,0.997859109,0.683165069,0.664279983,1.403542549,1.468355426,1.964349967,0.797600823,1.257929072,1.276413153,1.920843511,0.961999945,0.906086118,0.788599722,1.185659044,1.075942165,1.014566384,0.975411654,0.949900232,1.073815074,1.132688492,1.037484106,0.714386683
127,0.9439689,0.954722399,0.922938454,0.891226626,0.75578712,0.985797331,0.676925259,0.65602396,1.599119151,1.511213556,2.359522149,0.940526996,0.64902267,0.598200639,1.096391344,0.60814039,0.988615897,0.682800598,0.658755632,1.47516365,1.491012076,1.929031342,0.795373015,1.261141561,1.256305625,1.909804892,0.960682024,0.913683136,0.792947286,1.189812384,1.03515108,1.014815078,1.018933304,0.941244675,1.058857809,1.164124504,1.030973976,0.733990514
128,0.908458864,0.94932993,0.92542431,0.884462049,0.755406466,0.989694808,0.663132889,0.646869349,1.554697859,1.477199103,2.418861179,0.987706042,0.647245706,0.603063777,1.111488783,0.634172486,1.001019472,0.685023873,0.663415839,1.474693022,1.478661055,1.832449579,0.798514795,1.247375763,1.262557259,1.901054389,0.968726833,0.914958755,0.790864078,1.234210149,1.027828969,1.003126443,1.00870433,0.945693793,1.067715618,1.128038194,1.017173858,0.735497071
129,0.93148432,0.948787492,0.91702383,0.895033308,0.796136369,0.979422645,0.688625727,0.638166817,1.56194355,1.493147271,2.596311475,0.943580909,0.653168919,0.59083646,1.105087242,0.636745069,1.067455058,0.671975799,0.668261218,1.482394216,1.466428038,1.891345517,0.805575231,1.233990391,1.243404526,1.898364305,0.961560638,0.917453298,0.817885393,1.206616699,1.047977143,1.004760721,1.002217664,0.943779324,1.041958042,1.171192956,1.03848436,0.741058309
130,0.931596457,0.935737077,0.898851363,0.896293629,0.837579997,0.985004624,0.692561339,0.644495931,1.695302141,1.571019188,2.490887687,0.993383189,0.639949383,0.601570099,1.100781781,0.652180571,1.105039589,0.671319751,0.680822171,1.480212211,1.531093891,1.906258877,0.824220267,1.207557804,1.222524069,1.909526607,0.952774498,0.905717606,0.807499547,1.212966057,1.034619238,1.004725193,1.047846094,0.959202934,1.060839161,1.141989087,1.015834534,0.774500139
131,0.936717378,0.933599234,0.91706669,0.89071221,0.78700069,0.990025102,0.684406467,0.644552441,1.5956147,1.487582025,2.419166376,0.975098861,0.626999085,0.583750174,1.102906186,0.643880926,1.145750501,0.686190181,0.68106907,1.533992213,1.536050033,1.797746426,0.830446704,1.200104265,1.202155109,1.901023469,0.956590978,0.932704028,0.811696154,1.20652122,1.039010031,1.028564323,1.017242335,0.947554333,1.03978244,1.207713294,1.009137916,0.767209151
132,0.919934213,0.936119974,0.920581176,0.898428458,0.757190779,0.993757432,0.686604737,0.645654385,1.578613374,1.456101005,2.326124869,0.986453155,0.637095471,0.590350146,1.101291638,0.64492221,1.135997553,0.692823559,0.68026665,1.56141702,1.58116666,1.81483761,0.838249743,1.190551336,1.210941496,1.876256145,0.954531726,0.95745103,0.802034901,1.201078913,1.035583975,1.027924823,1.004962023,0.961764547,1.038539239,1.173301091,1.028024074,0.804389473
133,0.918439053,0.937683472,0.92538145,0.88947761,0.730854329,1.006969217,0.673344206,0.641105335,1.513828377,1.451449456,2.171433554,1.023335031,0.636637769,0.579755454,1.10460571,0.63945547,1.155707344,0.676313008,0.687210666,1.547383733,1.567989616,1.706277815,0.84315092,1.199723839,1.216465667,1.88330602,0.961368441,0.974884486,0.804903086,1.213300234,1.019282384,1.025473407,1.006985641,0.935150731,1.011771562,1.265562996,1.013698398,0.810397098
134,0.924793481,0.950478622,0.91179496,0.888988914,0.706516309,1.002609328,0.676747979,0.643026673,1.608685357,1.5218872,2.227153819,1.01660076,0.628964515,0.582360706,1.102481305,0.643988117,1.140313318,0.69027226,0.698012468,1.596799726,1.543759588,1.647003125,0.841505769,1.210897102,1.199006559,1.851117776,0.958320749,0.946395669,0.799830928,1.162791808,1.028472128,1.005933137,0.992848035,0.934557515,1.008974359,1.271205357,0.99172671,0.815716544
135,0.920868687,0.937428207,0.950711469,0.88201857,0.692146647,0.98219712,0.655758049,0.634126356,1.606128055,1.471883047,2.084975584,0.974433264,0.626325992,0.580033347,1.115256062,0.654048757,1.104156047,0.695265517,0.683044257,1.55996235,1.522243638,1.646198277,0.844236262,1.202513632,1.202359708,1.84338765,0.951044727,0.964566148,0.833886843,1.17687497,1.104921399,1.004050165,0.976298719,0.935770911,1.006138306,1.262524802,0.983555141,0.814860969
136,0.929428475,0.936088066,0.942739585,0.892229738,0.695810435,0.984740388,0.670472273,0.636330244,1.677732525,1.548010632,2.040460412,0.990446733,0.629852997,0.58725858,1.102368004,0.634922822,1.179359092,0.680467981,0.678353188,1.587900569,1.546591669,1.725357447,0.830229636,1.243261522,1.188628846,1.854797316,0.96419648,0.964027553,0.81248113,1.208383062,1.097846656,0.999111806,0.982702223,0.95019684,1.003224553,1.299665179,0.983419513,0.784711243
137,0.942025194,0.933280153,0.92752443,0.889811981,0.681012538,0.98589642,0.681711814,0.634380651,1.662530782,1.526455686,1.933205441,0.986727224,0.633837704,0.570272336,1.08661908,0.636836947,1.269038638,0.698983125,0.685976174,1.588841826,1.588207529,1.672284822,0.815331886,1.21212292,1.183559339,1.862094555,0.965239834,0.963262182,0.822625445,1.168806989,1.102126133,0.98966142,0.984725841,0.945289328,0.985547786,1.323474702,0.97816394,0.792560216
138,0.93884798,0.963241863,0.944839705,0.881504154,0.656032165,0.975161844,0.686675649,0.643224458,1.665798447,1.56665836,1.941271364,0.978544302,0.604329331,0.580241767,1.110185815,0.635305647,1.270329969,0.709735029,0.665576199,1.567620759,1.547024348,1.738424392,0.809459614,1.206176997,1.16807802,1.854828237,0.956563521,0.979476713,0.815560655,1.179070989,1.094766917,0.990478559,0.989299773,0.944669147,0.971328671,1.279761905,0.95936255,0.778201432
139,0.930101297,0.941320996,0.926924396,0.879472209,0.652344586,0.9613225,0.685541058,0.644721971,1.652964577,1.578328765,1.864841298,0.984887045,0.631064563,0.58305544,1.076365284,0.64752542,1.36092704,0.681452054,0.670853651,1.516279468,1.479880423,1.846037307,0.799440192,1.183365505,1.163144913,1.854890078,0.974163257,0.966550444,0.812783045,1.170430133,1.097982709,0.986002061,0.987331596,0.95019684,0.969036519,1.21968006,0.960481478,0.788338138
140,0.886741674,0.960306318,0.894651123,0.891586718,0.64672995,0.964790593,0.7027372,0.638675407,1.673375639,1.510715176,1.941881758,0.94573431,0.624225944,0.578331249,1.098997281,0.64992956,1.374180175,0.683857565,0.666656379,1.449407436,1.4279196,1.761859672,0.78198332,1.155368943,1.247098674,1.851117776,0.983388704,0.962610199,0.805054043,1.126939419,1.079195063,0.990123281,0.972805899,0.961602761,0.976767677,1.176897321,0.969432907,0.789919092
141,0.879004224,0.945564773,0.903180182,0.887754315,0.634477672,0.980809882,0.729187349,0.650090416,1.581170676,1.478154332,1.910926055,0.939274109,0.632491519,0.59556065,1.089706549,0.641170526,1.383525334,0.68378467,0.656317511,1.422453258,1.399992133,1.715036455,0.779024335,1.120313359,1.144651443,1.842367274,0.960077977,0.960342433,0.799378057,1.073805318,1.072652163,0.983053256,0.984836725,0.953675241,0.982867133,1.158606151,0.994218869,0.776118293
142,0.847306844,0.946585833,0.917581005,0.880269554,0.617824091,0.979818999,0.702205361,0.655628391,1.504783103,1.428980812,2.034966864,0.89992561,0.633649238,0.595595387,1.090697938,0.640573319,1.463927685,0.686408864,0.66397136,1.440551063,1.372930024,1.684878326,0.7545413,1.099079932,1.150914444,1.812219783,0.958650229,0.954814752,0.797626955,1.093951401,1.041755822,0.976089814,0.970588235,0.938629132,0.98974359,1.112041171,0.975807409,0.762336092
143,0.894852914,0.920931717,0.906608949,0.888808869,0.624295197,0.98589642,0.68929939,0.656278255,1.431142262,1.386203173,2.012164283,0.968873577,0.660842173,0.613797416,1.06339225,0.640588632,1.598973732,0.680395087,0.654373187,1.414752064,1.363489753,1.702395606,0.761281846,1.099883054,1.138615775,1.782968987,0.989099695,0.912067353,0.785369241,1.083496443,1.037191871,0.971826482,0.986250485,0.941136817,0.973193473,1.081473214,1.017190811,0.761331721
144,0.925989609,0.925015954,0.90018001,0.894801821,0.636951919,0.977837231,0.675719756,0.65602396,1.435593862,1.377979899,1.897976979,0.969343409,0.670588552,0.623072113,1.097581011,0.639945486,1.667652156,0.691329227,0.658539596,1.470756856,1.355976871,1.730517943,0.75306752,1.085328223,1.130988781,1.76410748,0.955629994,1.069195226,0.793128434,1.113811047,1.008014743,0.965538068,0.994899374,0.952623632,1.002564103,1.065600198,0.969026024,0.773811959
145,0.955369491,0.90960434,0.895508315,0.892126855,0.622915328,0.981008059,0.677953482,0.659273282,1.398134116,1.338524794,1.872122428,0.971379352,0.645953368,0.607787967,1.077838205,0.632595247,1.779216366,0.689470423,0.673476946,1.534206135,1.374542737,1.703910615,0.762115846,1.054499598,1.114188936,1.776135555,0.966255732,1.113558409,0.784886178,1.097197689,1.024205019,0.963797208,0.987331596,0.949819339,0.997163947,1.043154762,0.98913283,0.766632568
146,0.986132397,0.933567326,0.884150523,0.896062142,0.625698856,1.00366627,0.702134449,0.641811709,1.467370714,1.430309826,1.873692013,0.980071258,0.644553336,0.601292205,1.065148425,0.639516722,1.984673939,0.68352954,0.665545337,1.562743336,1.360264328,1.665041189,0.779527019,1.038507601,1.130579583,1.766210074,0.962686362,0.858604757,0.793490731,1.142979902,1.016821066,0.971151455,0.9749404,0.958879361,1.005827506,1.030567956,1.029075189,0.742434669
147,0.957873883,0.920676452,0.893408195,0.915481365,0.626483953,1.002378121,0.666784853,0.646558544,1.526946391,1.475288645,1.848099058,0.960847265,0.643314846,0.595595387,1.083361659,0.648872963,2.244027594,0.678645625,0.673137461,1.476532751,1.347519962,1.713852855,0.785650634,1.015977907,1.096161497,1.723261495,0.965843881,0.857811038,0.786546706,1.120017186,1.022473439,0.969943511,0.981343904,0.967669741,1.018259518,1.016617063,1.03182165,0.745782572
148,0.949127201,0.933726867,0.937382136,0.923917796,0.61380344,1.001453296,0.669727698,0.644128617,1.532345141,1.436331921,1.846485874,0.969265103,0.647622637,0.596324858,1.08310673,0.641645228,2.356135522,0.69129278,0.662119622,1.446754803,1.313888998,1.787993561,0.837244373,0.990165274,1.08144174,1.682013543,0.966063535,0.870538878,0.77788177,1.108846135,1.056127939,0.96106157,0.987941454,0.969503317,1.006721057,1.037574405,1.044401119,0.754115131
149,0.99226255,0.933918315,0.936824961,0.917667635,0.623938334,1.014301757,0.691533116,0.64540009,1.577855654,1.487166708,1.828915242,0.980384481,0.654084325,0.610289009,1.086477453,0.642701825,2.540524009,0.689142399,0.667427937,1.501433278,1.372261338,1.713900199,0.841757112,0.988220873,1.094286007,1.682106305,0.977183493,0.897638688,0.766318459,1.142407027,1.052194778,0.950794046,0.974552309,0.977107264,0.981080031,1.041170635,1.028888701,0.735199479
150,0.960864202,0.939342693,0.935367735,0.917307544,0.62008422,1.005053508,0.672776911,0.648903707,1.571225611,1.484674807,1.73543774,1.013586,0.641941737,0.613276365,1.064270338,0.646836335,2.478913923,0.680650217,0.674279365,1.510717495,1.397002714,1.635451188,0.835233634,0.969988587,1.066847017,1.640518228,0.951703687,0.905179012,0.749079162,1.112665298,1.046022931,0.966603901,0.984282309,0.956506498,0.999378399,1.018105159,1.026956006,0.7344741
151,0.968414757,0.926994257,0.918481056,0.903958435,0.615302263,1.007728894,0.680825415,0.638731917,1.607406706,1.487623557,1.603897803,1.020007048,0.643691778,0.608586911,1.066706322,0.618216342,2.554728651,0.682509021,0.682920807,1.559791212,1.430791016,1.583798883,0.816234434,0.963563609,1.050672335,1.611731239,0.965020181,0.925135357,0.745003321,1.130519884,1.034136869,0.951611184,0.984282309,0.969692067,0.964413364,1.024553571,1.020971433,0.722607644
152,0.978768736,0.914326739,0.930867478,0.921937293,0.608735993,1.00429383,0.689937598,0.636951854,1.613136958,1.454190547,1.607080572,0.994714382,0.656776695,0.599103793,1.088545207,0.625413451,2.749277874,0.686992018,0.679124745,1.555555556,1.409393069,1.556292018,0.825317034,0.974018289,1.041328984,1.627655298,0.965075094,0.921365195,0.750256627,1.099632406,1.02813818,0.950687462,0.994677607,0.968316885,0.968958819,1.013020833,1.055149614,0.708806845
153,0.96680746,0.922239949,0.926238642,0.905167314,0.605928675,1.007068305,0.668096724,0.639410036,1.578897518,1.428233242,1.549921521,0.976978192,0.678315653,0.61490899,1.086024247,0.625352199,2.831345363,0.70324744,0.696345905,1.537628888,1.423199465,1.49029448,0.823694733,1.007904414,1.02988281,1.604001113,0.966667582,0.935510389,0.739478292,1.078388313,1.027235285,0.955128433,0.990464046,0.973143504,0.964685315,1.000744048,1.03534797,0.713531108
154,0.943520353,0.934269304,0.903951654,0.921808688,0.637760807,1.012848461,0.676464331,0.646756329,1.496590263,1.391602293,1.505362749,0.976469207,0.695412202,0.637001528,1.052996828,0.622182408,2.663710198,0.688340562,0.688599469,1.483292688,1.390473194,1.459047439,0.816885639,1.003846533,1.0382941,1.609752327,0.96477307,0.943787737,0.749350885,1.120590061,1.008262112,0.950971684,0.996895271,0.993097126,0.968453768,0.978732639,1.068661524,0.701292663
155,0.955631144,0.931238034,0.903780216,0.920985622,0.629886042,1.015490818,0.665508439,0.644495931,1.456383785,1.343550129,1.408266481,0.972475628,0.715281891,0.649263582,1.059341718,0.618063212,2.632752234,0.684258483,0.680019752,1.523809524,1.463123943,1.443707982,0.80164515,1.024953151,1.02988281,1.564453789,0.967683479,0.968393004,0.738059296,1.096051941,1.008608428,0.956371905,0.987276155,0.988755865,0.962626263,0.973028274,1.050894295,0.696289408
156,0.959443801,0.933854499,0.882564718,0.94987011,0.636071658,1.01595323,0.666217558,0.658934222,1.486455768,1.369341307,1.41144925,0.962217611,0.69525066,0.623766847,1.076903467,0.627557271,2.603391443,0.674709334,0.685266342,1.567321268,1.481217795,1.443897358,0.803038958,1.013145844,1.044943565,1.5552704,0.979407485,0.963063753,0.721121913,1.054995942,1.004044477,0.961558958,0.98885624,0.96748099,0.962781663,0.954613095,1.052420107,0.71656282
157,0.918999738,0.936119974,0.884964855,0.948995602,0.630004996,1.010701546,0.667635796,0.651785714,1.491759803,1.39866268,1.372732822,0.942484633,0.690942868,0.610462693,1.061636075,0.62775634,2.640568186,0.7069286,0.693537436,1.595345056,1.521024269,1.398873213,0.799634411,1.02715117,1.050069905,1.531059646,0.97721095,0.982481504,0.725560051,1.047596315,0.989474465,0.953138878,0.986888063,0.965728307,0.955205905,0.974392361,1.052352293,0.703468799
158,0.959182148,0.945437141,0.917452426,0.949972993,0.617943045,1.020081913,0.674336973,0.649723101,1.510465997,1.389401113,1.304979072,0.960768961,0.683377309,0.619077393,1.042884659,0.62622504,2.601522411,0.678973649,0.684803407,1.547169811,1.517484168,1.330603163,0.857740203,1.033745227,1.041772281,1.534491822,0.979050548,0.984607535,0.710524727,1.090275457,0.961286812,0.957011404,0.992293619,0.979641913,0.968376068,0.953993056,1.033008392,0.692699712
159,0.951145666,0.925654116,0.892036688,0.96792613,0.622035068,1.005879244,0.679761736,0.658538653,1.462019322,1.349281502,1.264475061,0.96405779,0.687765872,0.613554259,1.048436438,0.626699743,2.620110783,0.684112695,0.68443306,1.477730715,1.472013531,1.342865259,0.86148749,1.166880363,1.031110404,1.547478433,0.96842481,0.973183661,0.707264054,1.068601709,0.951095225,0.949870324,0.992099573,0.997249636,0.96961927,0.929625496,1.032737137,0.688645029
160,0.955182596,0.931238034,0.898937082,0.972633041,0.627316632,1.016382613,0.673237839,0.655939195,1.424322788,1.32365645,1.275462156,0.97521632,0.69503527,0.603619564,1.059228416,0.630405488,2.613484215,0.693698291,0.690883279,1.419158859,1.423750148,1.271991289,0.867748201,1.186437096,1.035429715,1.529822826,0.959199363,0.96677722,0.720759616,1.038955459,0.964279972,0.95200199,0.999168376,0.99102087,0.972921523,0.964347718,1.018004577,0.697479773
161,0.955556387,0.924984046,0.905880336,0.967231667,0.629529179,1.01106487,0.674833357,0.646615054,1.379759424,1.297366891,1.339902337,0.96292236,0.668865435,0.603932194,1.055716066,0.637097268,2.565365141,0.686700441,0.675884205,1.343772729,1.365771152,1.251396648,0.855500971,1.194073803,1.050331337,1.494789895,0.965184921,0.975252998,0.725650625,1.029741729,0.980334195,0.946850464,0.993541054,0.988890687,0.9504662,0.939670139,0.99696533,0.704101181
162,0.932045005,0.913784301,0.906866107,0.975642378,0.624128661,1.016646849,0.679797192,0.655006781,1.32738208,1.259199269,1.289152424,0.993069967,0.66453072,0.606120606,1.039287333,0.625168443,2.510381622,0.681233371,0.691407938,1.313053523,1.346143256,1.290502793,0.85174226,1.191861694,1.03571388,1.510219226,0.955135773,0.957422683,0.738844273,1.016231441,0.983500513,0.94674388,0.999501026,1.008143235,0.938811189,0.929935516,1.024989404,0.685408723
163,0.963480731,0.934045948,0.890236585,0.976594048,0.639759237,1.012584225,0.685363778,0.654978526,1.320562607,1.271949497,1.216471922,0.975881916,0.676269452,0.604939558,1.05636755,0.634631876,2.428789887,0.684331377,0.694648478,1.265819535,1.287849585,1.26029732,0.845001714,1.215899004,1.019482365,1.52886429,0.962082315,1.008277348,0.745426001,1.006779014,0.987977885,0.932959108,1.006070854,0.995092488,0.937917638,0.919270833,1.029685513,0.689928392
164,0.943707247,0.922431398,0.895936911,0.968466267,0.637689434,1.018199234,0.683165508,0.642094259,1.367493844,1.302724479,1.183641437,0.972475628,0.675946368,0.599381687,1.073221165,0.644279064,2.408026642,0.69154791,0.696561941,1.281264707,1.326751367,1.269055961,0.83652462,1.166683105,1.035065983,1.522649269,0.962192142,0.986081583,0.760521708,0.971260801,0.98163288,0.962873486,0.993624217,0.991641051,0.935703186,0.949652778,0.995965076,0.683827769
165,0.936044556,0.918219528,0.891008058,0.9701124,0.644398449,1.01047034,0.709651113,0.646389014,1.375260466,1.313481186,1.236353331,0.967190009,0.690862097,0.614665833,1.045320644,0.649408918,2.355625786,0.701898896,0.699092649,1.30205793,1.35790426,1.326768298,0.832594539,1.14313894,1.015810951,1.530472156,0.947200791,1.002154378,0.751554858,0.975223182,0.956450755,0.958574626,1.00523923,1.017068436,0.934421134,0.935019841,1.001424091,0.695266437
166,0.937651853,0.920580728,0.880593177,0.975230844,0.659124973,0.974699432,0.6756843,0.661787975,1.323830271,1.290098845,1.220613882,0.944246506,0.689488988,0.610011116,1.035831634,0.64415656,2.346586468,0.696103801,0.689803099,1.316476276,1.363332416,1.383723132,0.821752542,1.10970369,1.041249417,1.573482576,0.954614096,1.00087876,0.736730874,0.982002196,0.977674982,0.959356237,1.020624272,1.00520412,0.9501554,0.912698413,1.015292023,0.702092439
167,0.936156693,0.902233567,0.874378536,0.958152216,0.666262223,0.953791782,0.691710396,0.660459991,1.300577761,1.267547138,1.182377049,0.970126464,0.675704055,0.591913297,1.010990256,0.654033444,2.365514663,0.69624959,0.693599161,1.339964917,1.348857334,1.32075561,0.818953502,1.079030054,1.022710481,1.571596426,0.968067873,1.008334042,0.735191112,0.978087554,0.979542615,0.958006182,1.011919942,0.966105808,0.943395493,0.910900298,1.005611596,0.691974333
168,0.943221321,0.917294193,0.879693125,0.953110934,0.667665882,0.953362399,0.671145937,0.66130764,1.288975185,1.241174516,1.170997558,0.970987824,0.660761402,0.599868001,1.015040789,0.635948793,2.324599857,0.695557094,0.697858157,1.311171009,1.332140188,1.247230376,0.819307666,1.061389543,1.027882287,1.541943663,0.95557508,1.001530742,0.751101987,0.950064448,0.972034978,0.946068853,1.01776903,0.98729979,0.944522145,0.900855655,1.010765449,0.692532317
169,0.944828617,0.895564773,0.864949426,0.970395329,0.684033973,0.965451182,0.676606155,0.656928119,1.328613374,1.264722984,1.148412975,0.989272151,0.666684616,0.602403779,1.002407659,0.638475438,2.287796921,0.701024164,0.680143201,1.294057246,1.351571412,1.256841208,0.813755284,1.045425725,1.022130784,1.524751863,0.968699377,0.986676872,0.741380351,0.962381248,0.956896019,0.940348883,1.012446637,0.990023189,0.964102564,0.905195933,1.012342121,0.668111225
170,0.941277614,0.897957881,0.868121035,0.967025901,0.678633455,0.959604968,0.658062686,0.665122061,1.279503694,1.250186893,1.149459365,0.98410399,0.659172904,0.60334167,0.998243825,0.638322308,2.257756482,0.692823559,0.674587988,1.325546571,1.347126618,1.237193448,0.802170684,1.092260437,1.012821533,1.542191027,0.958869883,1.005357598,0.725469476,0.943142216,0.949425486,0.945891214,1.009508233,0.997923745,0.97031857,0.90593998,1.031313046,0.661880405
171,0.984263447,0.891959158,0.859763415,0.967103063,0.682130707,0.954254195,0.673131471,0.68204679,1.30896003,1.253467896,1.170648762,0.968364591,0.658365193,0.618521606,1.002719239,0.653803749,2.26907262,0.700914823,0.693105364,1.325204296,1.310230893,1.197424486,0.796241289,1.090964169,1.018857201,1.574688476,0.968891574,1.019049239,0.749864139,0.936363202,0.970711556,0.952641489,1.021317292,1.00353233,0.961655012,0.930803571,1.035263203,0.66619548
172,0.926662431,0.908615188,0.863235042,0.955425808,0.662431899,0.944807769,0.676960715,0.663031193,1.300530403,1.24815184,1.129665155,0.976195138,0.673092456,0.617548979,1.001897802,0.651399608,2.241682808,0.712760141,0.682303562,1.279211055,1.301655981,1.146387653,0.821124186,1.072929142,0.999556702,1.610432578,0.967683479,0.984239023,0.748928205,0.961378718,0.954719175,0.947738658,1.017464102,0.994445343,0.980846931,0.962983631,1.039518522,0.671087138
173,0.945949987,0.913911934,0.91076633,0.962061781,0.668807841,0.935196195,0.702524465,0.643054928,1.228262929,1.230666999,1.158004883,0.994910145,0.683700393,0.63856468,0.98946295,0.649577361,2.243959629,0.681306265,0.685760138,1.312882386,1.303386697,1.099895843,0.859602422,1.076550237,0.998306376,1.611607557,0.985969633,0.991694305,0.748113037,0.948680002,0.959666547,0.955732405,1.002910684,1.004017689,0.970590521,0.927393353,1.026820378,0.666697666
174,0.986580944,0.924122527,0.89705126,0.975385169,0.664953727,0.947516184,0.688625727,0.650259946,1.259660921,1.231040784,1.115713289,0.987588583,0.677507942,0.631825761,1.004475414,0.655442239,2.186019642,0.698290629,0.685698414,1.293244342,1.325138654,1.068080674,0.881274991,1.084144675,0.98465508,1.619028478,0.977814997,0.971993083,0.77102832,0.919845324,0.960186021,0.957331154,1.00837168,1.00501537,0.979448329,0.936321925,1.026939052,0.654291826
175,0.95170635,0.914932993,0.887407852,0.955014275,0.677776985,0.972618576,0.684690115,0.659838382,1.277088464,1.281252596,1.076299268,0.992482676,0.668623122,0.625329999,0.991389078,0.656759157,2.125836817,0.704231512,0.683538053,1.298378471,1.329740786,1.064861282,0.872980692,1.073760444,0.991293179,1.616338394,0.981494193,0.999744876,0.76761669,0.963574736,0.941645743,0.957650904,1.014082164,1.019441299,1.002020202,0.955047123,1.030584047,0.656728355
176,0.939147011,0.92137843,0.889893708,0.954885671,0.682321033,0.972024045,0.694192313,0.664443942,1.245074825,1.240385414,1.07599407,0.990250969,0.666388455,0.630297346,0.985808973,0.656361019,2.087300778,0.676750374,0.670452441,1.307662688,1.360421665,1.037638481,0.868479378,1.055767686,0.970503654,1.605825423,0.979929162,0.984607535,0.763269126,0.971260801,0.95160233,0.970973816,1.009924045,0.996063204,0.985547786,0.953869048,1.039671103,0.642276574
177,0.960677307,0.917740906,0.886122064,0.968311942,0.68536626,0.964823623,0.720890654,0.662918174,1.177495738,1.192125592,1.106949773,1.000900514,0.683942706,0.619737391,0.991162475,0.658382335,2.08081014,0.671574881,0.662459107,1.305609036,1.305078079,1.020405265,0.865851708,1.062446282,0.981426964,1.60381559,0.971609786,0.991665958,0.770907554,0.946961379,0.926296521,0.959427292,1.008316239,1.003451437,0.985703186,1.027715774,0.99613461,0.644006324
178,0.952939857,0.936758137,0.923024173,0.934797706,0.694835011,0.964427269,0.721032478,0.67232708,1.179721538,1.185563585,1.081182421,0.967111704,0.6670077,0.623245797,0.987338545,0.648980154,2.120229721,0.676568138,0.674402815,1.275103752,1.289855643,1.007906448,0.84214555,1.091048709,0.958148152,1.592251322,0.978473957,0.990645463,0.749803756,0.977275982,0.936376792,0.958361459,1.013832677,0.999595535,0.979331779,1.015749008,0.981927609,0.63275365
179,0.973722574,0.936726228,0.90339448,0.941665166,0.695334618,0.95825076,0.690292157,0.663144213,1.107643493,1.152172107,1.044471573,0.974824792,0.693931398,0.631825761,0.96796397,0.664201274,2.053284399,0.694500128,0.666224307,1.293115989,1.306926799,1.051652306,0.84877185,1.080988545,0.954715437,1.600445255,1.003267346,0.986733566,0.788871445,0.951448895,0.943031008,0.960208903,1.008815213,1.006983767,1.002836053,1.023375496,1.004967365,0.617464894
180,0.983515867,0.919463944,0.900265729,0.935749376,0.706111864,0.959968292,0.697347894,0.668908228,1.098645577,1.117368552,1.16559121,0.978896676,0.690189004,0.604453244,0.991502379,0.645948181,1.990009175,0.709261217,0.690420344,1.239549908,1.245761712,1.061499858,0.871838227,1.066800051,0.949361765,1.592344083,1.002526015,0.964169289,0.788720488,0.9407075,0.938331004,0.957153515,1.004490769,0.998463032,0.9996892,1.037450397,0.980723913,0.629554543
181,0.941838298,0.91952776,0.964555117,0.93243139,0.70770585,0.955344167,0.686001986,0.668682188,1.101534382,1.117659274,1.195238926,0.989546221,0.671961661,0.604904821,0.991955586,0.658841725,1.877051687,0.697634581,0.691315351,1.227784195,1.229005231,1.061215794,0.855672341,1.097924563,0.95024836,1.579975882,0.986628593,0.980809026,0.769397983,0.980283573,0.924465993,0.952641489,1.018018517,0.99102087,0.997785548,1.063368056,0.996321099,0.620217614
182,0.957761746,0.923962987,0.947196983,0.93181409,0.728284919,0.962148236,0.67532974,0.66119462,1.114510324,1.179333832,1.158571678,0.975881916,0.678531043,0.599485897,1.000623159,0.650297072,1.862133415,0.702773627,0.690080859,1.206948188,1.189159423,1.063582994,0.882211813,1.088695701,0.938404356,1.578368016,1.000741331,0.973778949,0.78512771,0.939323053,0.930773893,0.957366682,1.012585241,1.003801974,1.01029526,1.006014385,1.001237603,0.618022877
183,0.961051098,0.925143586,0.975570033,0.92684997,0.717388718,0.976185758,0.675471564,0.680747061,1.150549346,1.176011297,1.120640042,0.962021848,0.667061548,0.606433236,1.004418763,0.653068725,1.812417168,0.707256624,0.713968274,1.152483635,1.141132046,1.044313985,0.835724894,1.072900962,0.941450606,1.530874123,0.985804893,0.973637214,0.796600447,0.95087602,0.919654673,0.962233986,1.005350114,1.019171655,1.040753691,1.010044643,0.966533865,0.628010788
184,0.924494449,0.946617741,0.975912909,0.935260681,0.720529108,0.975822434,0.705006382,0.683403029,1.110769085,1.133192126,1.137861877,0.979992953,0.6820042,0.605842712,0.994278269,0.676865123,1.835219356,0.701789554,0.719986421,1.155478544,1.08393974,1.05264653,0.87042157,1.07102701,0.937733726,1.516805294,0.994041899,0.996655044,0.779210193,0.951114718,0.914014669,0.971044872,1.009702279,0.993717306,1.023154623,0.967199901,0.984216326,0.63414861
185,0.919934213,0.943969368,0.95482599,0.93430901,0.728665572,0.969976219,0.686001986,0.677525995,1.096798636,1.140169449,1.127572375,0.989937747,0.673765548,0.633388912,0.9894063,0.672654049,1.817582492,0.721580348,0.722578853,1.125101613,1.083861071,1.086355459,0.858528505,1.04390402,0.938074724,1.518196716,1.001455204,0.972078125,0.777006219,0.927913305,0.921769675,0.974064732,0.98710983,1.013724856,1.021639472,1.058841766,0.98467407,0.623677113
186,0.954061227,0.957051691,0.98847077,0.939633221,0.720648062,0.962148236,0.696780598,0.678797468,1.055218791,1.111097267,1.103287408,1.000704749,0.663615314,0.617132138,0.98484591,0.678717996,1.826451898,0.723147574,0.740941917,1.128438797,1.069110648,1.055676546,0.835267908,1.07205557,0.952169317,1.524442658,0.988440735,1.015590895,0.77102832,0.936219984,0.940792322,0.958752265,1.016105783,1.010435205,1.03038073,0.997147817,1.003695855,0.628791965
187,0.939147011,0.953924697,0.970041145,0.934077523,0.744819547,0.975987581,0.722911644,0.705018083,1.067010797,1.080239223,1.068669341,0.987118751,0.671073179,0.634048909,0.99051099,0.682500306,1.813776464,0.742136531,0.739460527,1.096692765,1.072414743,1.047628066,0.863589626,1.071280628,0.933073417,1.505612071,0.990445073,1.037729966,0.774288992,0.953740392,0.943711271,0.975627953,1.011864501,1.024187025,1.001864802,1.020399306,0.978062219,0.640174835
188,0.964303069,0.931429483,0.952168695,0.882558708,0.759379535,0.984608271,0.692490427,0.681227396,1.055739723,1.081235983,1.070195326,0.997376768,0.694873728,0.634431013,0.973714027,0.672087468,1.819213647,0.752560411,0.744676255,1.113378685,1.045981985,1.050800114,0.823454815,1.064207516,0.916091706,1.507467302,0.978721068,1.070640928,0.795724896,0.956652504,0.945096536,0.977724091,0.998724843,0.998489996,1.026884227,1.015873016,0.984657116,0.623286525
189,0.960004485,0.928238673,0.939139379,0.883819028,0.787833369,0.981437442,0.701496242,0.693235759,1.083917409,1.067862779,1.059251831,0.974041738,0.699423833,0.66673614,0.970711534,0.673190004,1.837156353,0.749170828,0.775384236,1.110640483,1.061519097,1.079632611,0.801942191,1.054922294,0.946440547,1.520113787,0.973916147,1.035122034,0.777972345,0.948107128,0.926098626,0.967349984,1.003049288,1.01957612,1.026146076,0.961805556,0.990234805,0.621333581
190,0.961499645,0.931429483,0.944668267,0.910157154,0.79301977,0.979389616,0.720784286,0.70318151,1.062369767,1.047844505,1.044253575,0.970987824,0.712401055,0.667014034,0.95317811,0.664185961,1.853433921,0.743302839,0.747392136,1.095152526,1.031624907,1.080816211,0.807220382,1.034421541,0.944258158,1.493027426,0.976442162,0.985571335,0.808012801,0.970831145,0.929079418,0.968380289,1.006126296,1.000107857,1.021717172,1.031436012,0.956921251,0.614042593
191,0.927484768,0.939693682,0.929967427,0.911288871,0.778745272,0.974137931,0.733122961,0.711375452,1.006961546,1.020931971,1.073465295,0.950706707,0.680711863,0.656384605,0.966944256,0.683909102,1.847283107,0.791558844,0.797450775,1.126599067,1.053770208,1.058706562,0.790620359,1.023572344,0.941211908,1.508642281,0.967216716,1.00708677,0.810790411,0.934740058,0.901732817,0.967740789,1.007068803,1.010731813,0.996114996,1.105592758,0.957311181,0.621259183
192,0.94621164,0.922654754,0.922509858,0.898737107,0.772940309,0.964823623,0.767586158,0.729854204,1.039590832,1.067987374,0.983911754,0.98281195,0.676538689,0.630714186,1.003965556,0.698793336,1.764264111,0.810110435,0.799827171,1.171822188,1.064744523,1.103778051,0.776545185,1.00841165,0.94522432,1.517423704,0.97339447,1.228052272,0.799770545,0.923664487,0.918801252,0.972075177,0.993152963,1.00959931,1.017365967,1.081597222,0.953361024,0.636157351
193,0.95170635,0.926834716,0.957654723,0.895290517,0.760902148,0.965814507,0.763047795,0.746383363,1.101155522,1.106902567,0.94480293,0.960064211,0.684373486,0.635229957,0.982664854,0.682439054,1.647500595,0.818238146,0.799765447,1.185684337,1.09707745,1.080721523,0.779264252,0.99997182,0.955681599,1.496212238,0.970511518,1.272982396,0.791920778,0.969542178,0.902722292,0.974348954,1.004490769,1.015935933,0.992035742,1.073102679,0.969042977,0.622616944
194,0.945650955,0.945277601,0.964383679,0.885053628,0.747055885,0.952668781,0.795667281,0.767179024,1.172759992,1.141456932,0.955092431,0.956540465,0.683188843,0.63540364,0.97640494,0.701197476,1.584157406,0.850129387,0.793191778,1.168142729,1.078865594,1.072152258,0.781537758,0.986262381,0.949543631,1.480473702,0.974382911,1.179918927,0.811333857,1.058671886,0.906890453,0.978185952,1.002189943,1.011972173,0.998135198,1.014384921,0.958328389,0.62483028
195,0.928419243,0.937587747,0.970384022,0.891843926,0.781957034,0.953989959,0.807793221,0.756526899,1.138615268,1.162596561,0.927450296,1.001174582,0.672203974,0.648186744,0.959976207,0.689973049,1.505420192,0.827933083,0.779828406,1.188893167,1.117295362,1.048953698,0.782497429,0.971580742,0.940177546,1.415664327,0.975398808,1.128922527,0.815711612,1.025492911,0.881238327,0.991757559,1.001635527,1.020385051,0.991763792,1.040736607,0.95941341,0.619938622
196,0.930661982,0.928015316,0.938796503,0.895830654,0.782337687,0.953461488,0.763189618,0.733555606,1.129475279,1.147935875,0.941576561,0.962609139,0.685908136,0.632034181,0.965188081,0.685716036,1.405002209,0.837154208,0.807511882,1.142129808,1.10978248,1.023435281,0.789340797,0.96239415,0.946110915,1.340032776,0.976304879,1.107095275,0.80073667,1.03991025,0.879543852,0.997548584,0.991434274,1.040581351,1.012160062,1.045200893,0.947291684,0.632679252
197,0.972675962,0.934652202,0.957783302,0.897039533,0.79102134,0.95270181,0.794319955,0.761301989,1.183083917,1.156200681,0.923003139,0.955679105,0.687038932,0.645512019,0.960457738,0.673511577,1.360213409,0.823741663,0.782976359,1.191716938,1.145458836,1.016949153,0.792174112,0.961111972,0.944417291,1.267462354,0.971719612,1.061229696,0.816919268,1.005394567,0.882289644,1.004831776,1.003160171,1.015962897,0.997358197,1.002108135,1.009934729,0.631656282
198,0.978394947,0.930057435,0.937382136,0.890352118,0.809816097,0.966276919,0.788505177,0.742568942,1.197338511,1.188221613,0.93337984,0.974237501,0.677884874,0.636654161,0.96969182,0.662501531,1.281408231,0.841673652,0.788161225,1.306208018,1.264838925,1.009042704,0.801393808,0.958336269,0.926526251,1.234779382,0.977924824,1.017206679,0.819908218,0.977992075,0.904985714,1.005151526,1.001552365,1.005716443,1.022727273,1.010478671,0.996151564,0.627545801
199,0.949837401,0.961231653,1.005914624,0.881324108,0.828920134,0.975954551,0.766770671,0.733696881,1.306213298,1.215507933,0.937608999,0.977839552,0.670642399,0.638529943,0.973430773,0.662179958,1.217555306,0.885665342,0.832448614,1.369828435,1.276324588,1.056528738,0.815788872,0.95611007,0.920354183,1.194149841,0.973257187,0.993962072,0.816798503,0.973838736,0.886395963,0.98696131,1.004019515,1.014533786,1.001515152,1.013764881,0.976824616,0.630465916
200,0.971479834,0.981557116,1.015172296,0.88855166,0.842338163,0.973543401,0.792050773,0.729712929,1.297783671,1.247944181,0.940922567,0.978348538,0.671207797,0.634153119,0.979662361,0.665395688,1.164610732,0.904982323,0.823930622,1.358191075,1.260040121,0.99029448,0.822495145,0.956617305,0.933073417,1.160106367,0.982784657,0.981857868,0.828633537,0.977610159,0.889475702,0.994173447,1.000498974,1.024456668,1.020901321,0.988777282,0.974044249,0.635785362
