frame,WT_Ser-h1,WT_Ser-h1,WT_Ser-h1,WT_Ser-h1,WT_Ser-h1,WT_Ser-h1,WT_Ser-h1,NOS11_Ser-h1,NOS11_Ser-h1,NOS11_Ser-h1,NOS11_Ser-h1,NOS11_Ser-h1,NOS11_Ser-h1,NOS11_Ser-h1,NOS11_Ser-h1,NOS11_Ser-h1,NOS11_Ser-h1,NOS11_Ser-h1,NOS11_Ser-h1,NOS11_Ser-h1,NOS11_Ser-h1
1,1.496921765,1.493687183,1.478461807,1.018826248,1.157104351,1.145104826,1.016475713,0.89929186,0.941220123,0.991735537,1.075743402,0.974669404,0.985009787,1.002696318,1.278821899,0.99476077,0.921048374,1.07000777,1.247147817,0.972399763,0.981623733
2,1.548683463,1.530858045,1.523151378,0.992014137,1.17708467,1.166974787,1.045497585,0.903974903,0.942704307,0.992312128,1.042690705,0.951754121,0.991454624,1.029857392,1.242228301,0.988246382,0.924958205,1.055244755,1.221230159,0.944070526,0.961275923
3,1.537933321,1.554863361,1.505319149,0.998266898,1.125914517,1.132871809,1.026181233,0.894711118,0.923409913,0.988962412,1.05643904,0.987138458,0.998138158,1.016388171,1.216221977,0.989133448,0.902577792,1.062004662,1.207279266,0.948224125,0.946173161
4,1.510844857,1.538416812,1.431723055,0.997485303,1.096692765,1.094206034,0.998532336,0.890630506,0.909279243,1.002773125,1.072937041,0.979590604,0.999761302,1.01820633,1.199701567,0.996479459,0.91018174,1.05955711,1.278397817,0.969042977,0.966093183
5,1.534855086,1.601129662,1.526116149,0.987732355,1.075129423,1.088502537,1.003503456,0.892733328,0.933397236,0.998270229,1.064716387,0.972103134,0.988208335,1.021681859,1.177638825,0.988107778,0.915304967,1.041414141,1.177765377,0.948274985,0.954803311
6,1.541627202,1.58729961,1.517047436,0.987970231,1.139648312,1.11894741,1.007906448,0.869738682,0.907300331,1.021086736,1.069251921,0.979198116,0.997087888,1.03152713,1.146374392,0.996285413,0.921533732,1.041336441,1.04265873,0.938916674,0.962243095
7,1.513828377,1.603704627,1.530781304,0.978251266,1.112437428,1.114502616,1.012025376,0.895984178,0.913298909,1.015513028,1.080250588,0.957641447,0.988685731,0.996017365,1.128610509,0.984725841,0.908402092,1.043123543,0.927517361,0.938543698,0.963526458
8,1.470922523,1.546515491,1.585585978,1.008903388,1.102639798,1.118396727,1.017091185,0.897961967,0.892644012,1.013783257,1.101170734,0.980466155,0.986060056,1.013815537,1.122037873,0.985113932,0.928625357,1.031740482,0.931547619,0.921149445,0.943290245
9,1.456052283,1.547512252,1.49895361,1.002140891,1.1133359,1.127207647,1.0094688,0.910556168,0.891809159,1.011833832,1.07993877,0.962049393,0.970258271,1.029919234,1.103812129,0.984282309,0.917462115,1.023581974,1.126116071,0.931050267,0.930586813
10,1.454347414,1.549173519,1.638079874,0.993781221,1.115731827,1.109231798,1.019269009,0.905611694,0.897220247,1.006562148,1.07993877,0.971559688,0.95397909,1.04059319,1.101538352,0.997837778,0.949010408,1.018026418,1.097780258,0.931355429,0.981288943
11,1.381985224,1.510133732,1.665983607,0.980664016,1.091815342,1.08500177,1.010463024,0.917160167,0.890881544,1.000851157,1.069053491,0.9532335,0.964481787,1.026913705,1.090489217,1.00277208,0.93935717,1.034110334,1.094184028,0.905755701,0.970203664
12,1.367683273,1.503571725,1.574598884,0.991912189,1.126641852,1.1302364,1.019931825,0.939029519,0.899755728,1.011010132,1.061258043,0.968842461,0.949348355,1.04059319,1.106867517,0.995730997,0.953810063,1.042152292,1.10875496,0.929727897,0.978703618
13,1.397423754,1.529819752,1.598447855,0.983212696,1.149659864,1.149864296,0.992235584,0.942018937,0.896539996,1.003871393,1.069903903,0.977477205,0.965627536,1.048113196,1.100436992,1.000304929,0.938197703,1.063131313,1.112475198,0.920742562,0.963991444
14,1.452784618,1.52903065,1.525549355,0.981343664,1.150815043,1.15033631,0.965012783,0.954454005,0.89558146,1.005408967,1.062873827,0.985296782,0.997899461,1.047581353,1.097168437,1.000304929,0.944210753,1.051398601,1.082217262,0.897143342,0.908490654
15,1.447480583,1.481933715,1.516393443,0.956978285,1.09237154,1.113558589,0.9893476,0.926753583,0.922204013,1.005848274,1.062562009,1.018567719,0.984198215,1.022188965,1.068000142,0.991489716,0.992584803,1.053885004,1.06547619,0.923777231,0.932297963
16,1.38132222,1.510382922,1.522148587,0.978964896,1.075471698,1.082327027,0.964018559,0.92043375,1.021427909,1.006699432,1.088046036,1.003441821,0.974745787,1.010389482,1.073613529,0.992321339,0.982122634,1.047785548,1.053943452,0.963194032,0.950506835
17,1.37890699,1.494393222,1.475671434,0.996126007,1.073760322,1.07988829,0.978411135,0.91021517,0.994650753,1.00505203,1.113870227,1.027474186,0.99894973,1.027965022,1.064482893,0.984781283,0.972118859,1.05027195,1.057353671,0.944850386,0.951752999
18,1.456004925,1.561342304,1.406696896,0.969415843,1.090617379,1.130157731,1.003124704,0.94589495,0.969048576,0.999395953,0.980298778,1.002385122,0.990308875,1.020556332,1.085124525,1.000526695,0.974006364,1.047552448,1.10875496,0.899465966,0.9551567
19,1.351581739,1.503364067,1.388821067,0.972814082,1.134129123,1.174999017,1.003266736,0.94137104,0.952320584,1.008923423,1.123990135,0.999667894,0.993650642,1.022337386,1.051870537,0.991046183,0.996953028,1.047591298,1.046875,0.894702043,0.936036455
20,1.304271642,1.421712767,1.447157307,0.974377273,1.202156334,1.228690556,1.017801345,0.947543108,0.947991713,0.99552456,1.102162882,1.021405712,0.952260467,1.017043698,1.054712758,0.995426069,0.91037049,1.065811966,1.029513889,0.938357209,0.919278341
21,1.242612237,1.365769582,1.396494594,0.985557481,1.201129508,1.240608897,1.028643121,0.958125419,0.939086608,0.99071964,0.913286277,1.014220156,0.96725068,1.0193937,1.055423313,0.985086212,0.96977296,1.034693085,1.00688244,0.913418666,0.930252023
22,1.22897329,1.355594318,1.339727939,0.985285622,1.197278912,1.196554301,0.973250639,0.947850006,0.919390248,1.003130062,0.935680472,1.018567719,0.983959517,1.023462913,1.039222653,0.989050286,0.955967211,1.045454545,1.049417163,0.885716708,0.907709476
23,1.165751089,1.291718581,1.285184862,0.98426615,1.174175331,1.210636038,0.99786952,0.981165532,0.926130917,1.000384394,0.953709216,0.996286456,0.986394233,1.027989759,1.030127545,1.005460997,0.85096802,1.017715618,1.198474702,0.936119352,0.918032177
24,1.12592347,1.243874076,1.233780956,0.986135182,1.151841869,1.198639028,0.976185967,0.971753981,0.91710213,1.009994234,0.962610199,0.98333434,0.985487182,1.022028175,1.031974988,0.9965349,0.879361484,1.025679876,1.124751984,0.931202848,0.923891007
25,1.144487592,1.274399867,1.22392745,0.996669725,1.15466564,1.192306179,0.968942335,0.99175921,0.903342506,0.997748552,1.007313547,0.959966186,0.985009787,1.030488182,1.055920702,0.996978433,0.909939061,1.015268065,1.080729167,0.914774943,0.8999907
26,1.186777799,1.275396628,1.129403558,0.989737316,1.166003508,1.170200212,0.958005871,1.019436898,0.899322841,0.99560693,1.002409502,0.982851277,0.978326252,1.015942907,1.032543433,1.001912735,0.917758723,1.017715618,1.071118552,0.905925235,0.881893425
27,1.186730441,1.260985132,1.113620509,0.976280287,1.169169555,1.167053456,0.977085503,1.042602044,0.887263845,1.002580929,1.010771891,0.968963227,0.983291163,1.016734487,1.027001101,1.008898376,0.936606806,1.005283605,1.063926091,0.968330932,0.918887752
28,1.225232052,1.286983969,1.101805023,0.98511571,1.221879947,1.18860874,0.962598239,1.06117508,0.894097276,1.008072266,1.018935851,0.992029467,0.999522605,1.047915301,1.032685544,1.002217664,0.942511999,1.024242424,1.018725198,0.966059168,0.902538826
29,1.218317863,1.284907384,1.08750436,0.992285996,1.255337355,1.188844747,1.017043841,1.072416654,0.900837946,1.012355509,1.028715594,0.998762152,0.970115052,1.022337386,1.03179735,0.996119089,0.973224397,1.006526807,1.094494048,0.966025261,0.913214917
30,1.158789543,1.256831963,1.060995814,0.995786183,1.192743764,1.128663022,1.00686488,1.08097571,0.911876565,1.002141622,1.00087876,1.02264356,0.980140354,1.037736082,1.03051835,0.991933248,0.978779054,0.993978244,1.094184028,0.98119861,0.900399888
31,1.197670013,1.251931224,1.055502267,1.005063377,1.128994994,1.086103135,0.983145535,1.061277379,0.919915896,0.999011559,1.004620574,0.995501479,0.940468802,1.02372265,1.028066934,1.013694073,0.992476945,1.007226107,1.095424107,0.961549546,0.902297033
32,1.220259519,1.281044937,1.045256366,0.982397118,1.11556069,1.081619006,0.964634031,1.092649215,0.920070499,1.006864172,1.045893925,0.996709136,0.98672841,1.01537396,1.012434718,0.99966735,0.997357493,1.014529915,1.058407738,0.990828177,0.933358133
33,1.204773631,1.254506188,1.035533659,0.973153906,1.102982073,1.062463124,0.989063536,1.070825329,0.938530039,0.990143049,1.024690308,1.016635469,0.956270588,1.019480279,1.021387714,0.995010257,1.009060023,1.004351204,1.134486607,0.993066034,0.916972008
34,1.258950559,1.2870255,1.026203348,0.973595677,1.094553545,1.072375408,0.997112016,1.058390261,0.984694351,1.005189314,1.0286589,1.010838717,0.969780876,1.019987384,1.003517249,1.003104729,0.994202664,1.007459207,1.123883929,0.970111045,0.899972101
35,1.271405569,1.293047595,1.030563307,0.978115336,1.097291747,1.062148448,0.965296847,1.044295668,0.977582635,1.004173416,1.028403776,1.024455045,0.960567146,1.007507638,1.008171386,1.001829573,0.986895324,1.021950272,1.053447421,1.025786217,0.91793918
36,1.274010229,1.22871501,1.018311824,0.973867537,1.058144012,1.088227196,0.990105104,1.033292792,0.968151882,1.008401746,1.010885279,1.023971982,0.964720485,1.009597902,1.013891356,0.997283362,0.998840533,1.037801088,1.074900794,1.039772824,0.899934902
37,1.184504641,1.175305258,1.031871294,0.976654093,1.071364395,1.083585729,0.984660544,0.931413892,0.94715686,1.00008237,1.028290388,1.007094982,0.979806177,1.007050006,1.005115998,1.008621168,1.012673246,1.060644911,1.164868552,0.992353988,0.925285967
38,1.117257056,1.10648725,0.964117544,0.987256601,1.056304283,1.060299729,1.001562352,0.982052127,0.937540583,1.003953763,1.026391133,1.000694403,0.974841266,0.984885778,0.999147334,1.005876809,1.021193982,1.075369075,1.160714286,0.975468339,0.903673393
39,1.113326388,1.116247197,0.945718521,0.988106161,1.027296453,1.053534201,1.011504592,0.983950351,0.933768282,0.993218198,1.008759248,0.994203249,0.968062252,0.986901832,1.006608164,1.014359372,1.033220083,1.03030303,1.096292163,0.981079936,0.951436808
40,1.141882932,1.121023341,0.953217649,0.981241717,0.989303898,1.038233096,0.986128208,0.990304284,0.984756192,1.006864172,1.014853871,0.989161283,0.976368931,0.99046394,0.996766973,1.004573931,1.034433479,1.006759907,1.076388889,0.964923286,0.946917139
41,1.133263876,1.118199186,0.928322288,0.99830088,1.028922261,1.05290485,0.991525424,1.027075258,0.988002845,1.008484116,1.013436517,1.017269489,1.001145749,0.976932877,0.998685473,1.005959971,1.018200938,0.984615385,1.08265129,0.956921251,0.971412629
42,1.115078613,1.099759116,0.97083188,0.982872872,1.035168784,1.062895803,0.993466528,1.008740921,0.970625522,1.002635842,0.994358931,1.012740777,1.011648446,0.986555516,0.990123281,1.005738205,1.013805749,0.971911422,1.036520337,1.028803933,0.951325212
43,1.111574162,1.103455436,0.965076735,0.992184049,0.998630899,1.027809464,0.99573904,1.004683042,0.963575647,1.006205211,1.005272557,1.026357104,1.006206139,0.996858419,1.007816108,1.004213561,1.035781697,0.987373737,1.146763393,1.022209036,0.94035153
44,1.075250995,1.065370878,0.969916289,0.986576953,0.994651949,1.033552295,0.996591232,1.01584505,0.946909496,1.001784685,1.008305695,1.057907131,1.004487516,0.996413155,0.997690695,0.99024228,1.034595265,0.986635587,1.154265873,1.008154616,0.97794104
45,1.043995075,1.018149348,0.973796652,0.999354334,1.01844008,1.033237619,1.000142032,1.012048604,0.984106861,1.008264463,1.060464325,1.030191414,0.997565284,1.009338165,0.986002061,1.002993846,1.029714717,0.984731935,1.149491567,0.991709757,0.954449921
46,1.011697291,1.011005897,0.970265085,0.998946546,0.976297437,1.033198285,1.006675504,0.997635746,1.008750502,1.003541913,1.057374493,1.045196546,1.003819163,1.014384485,0.989057448,1.005599601,1.040904924,0.97031857,1.075334821,1.022802407,0.973272575
47,1.015485887,0.997674225,0.996381235,1.015767832,0.999572156,1.017700507,1.00260392,1.020027962,0.995980335,0.991406057,1.020041387,1.037678884,0.993555163,1.01166343,1.001527694,1.008926096,1.032249366,1.006721057,1.062748016,0.999135373,0.960494746
48,1.015485887,1.005855968,1.00209278,1.012437557,0.981902195,1.02627542,1.000426096,1.013912727,1.012182678,0.995414733,1.004053633,1.008906467,0.991215926,1.00977106,0.984545422,1.016410711,1.009275737,1.001359751,1.044022817,1.030770535,0.994457361
49,1.010513355,0.980978487,1.019968608,0.996058042,1.002823771,1.05290485,1.004308304,1.007513327,0.993321171,0.996869938,0.980723984,0.998671578,0.989019907,0.987211043,0.992929975,1.00695792,1.003046972,0.970784771,1.031436012,1.007544291,0.983223287
50,1,1,1,1,1,1,1,1,1,1,1,1,1,1,1,1,1,1,1,1,1
51,1.013970449,1.034222111,1.013079874,1.011689945,1.056817696,1.094009362,0.999857968,1.014799323,1.022355524,0.999286126,0.99155257,0.971559688,0.984532391,1.001335791,0.996731446,0.991933248,1.008251092,1.025951826,0.976810516,1.000796813,1.010173905
52,0.975658269,0.990240053,1.008894315,0.994222992,1.095323664,1.147582897,1.003266736,1.001636791,1.063788998,1.003926306,1.026504521,0.947980194,1.015658567,0.98415604,1.002557999,1.020374785,1.006956803,0.999222999,0.969122024,0.968602187,0.995145541
53,0.973574541,0.978943434,0.976238228,1.019505896,1.115817396,1.120953467,1.020168545,0.990088319,1.045916948,1.001784685,0.956260453,0.947587706,1.003007591,1.007507638,0.990194337,1.008842934,1.000997681,1.011810412,0.982762897,0.985843859,0.981772529
54,0.973527183,0.989575546,1.058467039,1.00652462,1.143199418,1.145655509,1.021257457,0.993214136,0.989703472,1.00024711,0.87839102,1.085924763,0.815248007,1.056325834,1.02113902,1.004490769,0.908536914,1.095299145,0.964037698,1.176214292,1.201841347
55,1.02789354,1.00269956,1.089204744,0.995276447,1.169469045,1.152342367,1.038585361,0.985018812,0.981911506,0.9104912,0.875074411,1.122637522,0.81286103,1.205625162,1.002806693,0.921522426,0.908779593,1.136052836,0.86328125,1.221802153,1.252394681
56,1.026283387,0.963908963,1.09059993,0.979678527,1.151071749,1.124690241,1.044266641,0.976925787,0.970378158,0.917931962,0.875187799,1.187669827,0.807514203,1.243806508,0.986606033,0.907357099,0.898209567,1.174242424,0.893539187,1.287751123,1.287808054
57,1.008808486,0.946590248,1.09269271,0.971488769,1.161254439,1.074932148,1.048290882,0.997351581,0.94653845,0.917465199,0.889134564,1.158776644,0.804076956,1.378919247,0.987671866,0.914897156,0.891495443,1.17004662,0.883060516,1.273934051,1.273691063
58,1.003362379,0.917642661,1.096442274,0.975940463,1.130235742,1.042205877,1.021020737,1.035895745,0.934170248,0.913950743,0.875698047,1.169766318,0.823554686,1.413204537,0.999502611,0.923989577,0.891576336,1.150699301,0.89515129,1.252301433,1.212629034
59,0.979873082,0.895049423,1.087417161,0.960546437,1.106661533,1.023404004,1.007906448,1.114529934,0.924368449,0.903489745,0.87479094,1.142775195,0.803504082,1.434762712,1.016236189,0.928009092,0.892600982,1.166511267,0.882440476,1.215444605,1.218190272
60,1.053655995,0.94098347,1.099755842,0.949060387,1.091344714,1.01966723,0.99242496,1.341543813,0.909031879,0.90634524,0.871927885,1.105398225,0.788513868,1.463383261,0.986002061,0.91572878,0.908105485,1.201515152,0.85844494,1.293447487,1.200595183
61,1.011555219,0.92819171,1.095657482,0.951575084,1.046421084,0.956063407,0.988164,1.486320288,0.930707152,0.904972406,0.872494827,1.075267194,0.783310259,1.482826434,0.993072086,0.922270888,0.953594348,1.182750583,0.850260417,1.322793931,1.14794011
62,0.997442697,0.905017028,1.079918033,0.947089408,1.036666239,0.945128427,1.016144305,1.647169146,0.912896942,0.912220971,0.908353885,1.07091963,0.780780064,1.452709305,1.004867304,0.923961856,0.911314243,1.225718726,0.85546875,1.284140036,1.122868037
63,0.977694639,0.885663261,1.067056156,0.936792741,1.023403072,0.916296267,1.010747088,1.761642247,0.910485143,0.917300459,0.998752728,1.048728941,0.799112045,1.515627512,0.995772196,0.916366358,0.908186378,1.201864802,0.874813988,1.245503094,1.12240305
64,0.94885395,0.858667663,1.067840949,0.941278418,1.065032302,0.951618613,1.007622384,1.908294213,0.888902631,0.914033113,0.940669558,1.014189964,0.783453478,1.519251463,1.003943582,0.931086101,0.915844254,1.174902875,0.871775794,1.221734339,1.039970241
65,0.95387384,0.849323033,1.057159051,0.931627417,1.065973559,0.953309995,1.00994224,1.767962081,0.889861167,0.923313473,0.890155059,0.977447014,0.794051654,1.497396445,0.990727253,0.926040916,0.867146632,1.211305361,0.911024306,1.198219886,1.086617688
66,0.933699564,0.871210233,1.032350889,0.944268869,1.04958713,0.977343351,1.017233217,1.815667731,0.880585016,0.922160292,0.874819287,1.033844575,0.788752566,1.506685137,0.996234057,0.917558352,0.852801596,1.191452991,0.887834821,1.231465627,1.066381475
67,0.924985793,0.859373702,1.011117893,0.941584259,1.078851666,0.987452307,0.980115519,1.959819044,0.882996815,0.940830839,0.864727726,0.997735644,0.793240082,1.542974113,0.993818169,0.92756556,0.859273041,1.151825952,0.895337302,1.234161227,1.013038222
68,0.894203448,0.8307999,0.98648413,0.928365107,1.046078809,0.973685246,0.977369567,1.918433227,0.8734733,0.928777354,0.855543272,1.020650927,0.815248007,1.59170573,0.976302981,0.919360204,0.869573424,1.122804973,0.88764881,1.195778588,1.009969311
69,0.894014018,0.836614337,0.987617719,0.912325415,1.02969238,0.964362978,0.99337184,1.881264421,0.877338363,0.929189204,0.862119795,1.027927058,0.797154724,1.54559622,0.978932035,0.929284249,0.880359165,1.165850816,0.860739087,1.166449097,0.98069376
70,0.87909642,0.829387823,0.953653645,0.968124512,1.02173448,0.950320576,0.981109743,1.86042943,0.862620203,0.928859724,0.853785753,0.979862327,0.797488901,1.413451905,0.960173375,0.931695958,0.851884808,1.124048174,0.86359127,1.168873442,0.954691714
71,0.897565827,0.809660271,0.973055459,0.927923336,1.002695418,0.933092082,0.976943471,1.819521011,0.887480288,0.937947887,0.853020382,1.004830626,0.804411133,1.489876439,0.951433545,0.922825304,0.899719571,1.098601399,0.878100198,1.1782148,0.978201432
72,0.877060049,0.799111222,0.980074991,0.927005811,1.002567065,0.898202415,0.979784111,1.800947975,0.873720664,0.942697894,0.839697253,0.971227583,0.807084547,1.50264066,0.959178598,0.930254477,0.877959338,1.074125874,0.845424107,1.151207934,0.918794755
73,0.892025005,0.794335078,0.947462504,0.948856492,0.985710007,0.899421783,0.989868384,1.797458427,0.887140163,0.927926196,0.838166511,0.998309281,0.79137824,1.534081211,0.97648062,0.918667184,0.870571105,1.071833722,0.866691468,1.119250657,0.881670232
74,0.865931048,0.762854058,0.945587722,0.92812723,0.970949386,0.895960351,1.008948016,1.778055628,0.872762129,0.943549051,0.839385435,0.984481613,0.797966296,1.547389643,0.978505702,0.930060431,0.863398587,1.086208236,0.851438492,1.173128762,0.920282712
75,0.874171245,0.781834039,0.955702825,0.928161212,0.952038677,0.879715219,1.008332544,1.743228344,0.86611422,0.917712309,0.836352298,1.033210555,0.797393421,1.583097302,0.983515117,0.932638465,0.866796096,1.065967366,0.835565476,1.146528779,0.899135125
76,0.869861716,0.794335078,0.916288804,0.927481565,0.931716083,0.885064705,1.00852192,1.778805824,0.869113509,0.944812059,0.84360915,1.030523519,0.798634649,1.616133381,0.973638398,0.925237013,0.868036456,1.052408702,0.884052579,1.127422226,0.879494095
77,0.860058723,0.784076751,0.903732124,0.934957692,0.919394173,0.850607717,1.001704384,1.815088034,0.861970873,0.931440652,0.85245344,1.063975605,0.796916026,1.597531261,0.968984261,0.930476243,0.877878445,1.079448329,0.865947421,1.095854878,0.882228215
78,0.87147187,0.772032561,0.910882456,0.917966493,0.92538399,0.85918263,1.061263138,1.899189561,0.861043258,0.931001345,0.852283357,1.071674416,0.812479114,1.573845716,0.98330195,0.927842768,0.868171278,1.048251748,0.869853671,1.181062982,0.862456989
79,0.854044327,0.769374533,0.930633066,0.918170388,0.897274633,0.847854305,0.986601648,2.013810428,0.85996104,0.931852503,0.84516824,1.037527927,0.778345348,1.569689923,0.963264291,0.932139491,0.875613439,1.01010101,0.831039187,1.162905824,0.85896029
80,0.865457473,0.761483512,0.931635856,0.925102797,0.896205023,0.849388349,0.995360288,2.144537777,0.853344052,0.923148733,0.846302123,1.027564761,0.784933403,1.54552201,0.970654066,0.930226756,0.863856981,1.033449883,0.868055556,1.145816733,0.859443876
81,0.875355181,0.748442562,0.916070806,0.914772148,0.879733025,0.853833143,1.000284064,2.209963968,0.864042547,0.929546141,0.84720923,1.022613369,0.764071227,1.522702255,0.984332256,0.937960858,0.850266947,1.01045066,0.85187252,1.178045266,0.84309495
82,0.839221443,0.77053742,0.9374782,0.911951609,0.878748984,0.837470007,1.035508001,2.198824693,0.947002257,0.931166086,0.83856337,0.976692229,0.79242851,1.583839408,0.996376168,0.945528636,0.844820148,0.985625486,0.847222222,1.232228533,0.786645587
83,0.864273537,0.763269375,0.909836066,0.903523975,0.866427074,0.847736302,1.041615377,2.212998852,0.947218701,0.919332253,0.844572951,1.006370388,0.778584045,1.577605719,0.999218389,0.951460886,0.84452354,1.004390054,0.825644841,1.234144274,0.803812889
84,0.840642167,0.760985132,0.898500174,0.899378122,0.855388696,0.837273335,1.041094593,2.22231947,0.930428867,0.935119848,0.838988576,1.044864441,0.776292548,1.582590197,1.015383522,0.944142596,0.859407863,0.991142191,0.85484871,1.25287785,0.799330419
85,0.847272211,0.775230501,0.91040286,0.907635845,0.877764942,0.816308067,1.037449105,2.205485525,0.930057821,0.934570715,0.823567764,1.068836423,0.805938798,1.595440996,1.019504743,0.931030659,0.842986572,0.995299145,0.84437004,1.297414597,0.772509997
86,0.838463724,0.762106487,0.908789676,0.904441499,0.87609635,0.834244582,1.029447969,2.318708299,0.927213135,0.929683424,0.832553789,1.065243645,0.782737385,1.626374442,1.006856859,0.937517325,0.853988028,1.03970474,0.869977679,1.265915063,0.790532875
87,0.842489108,0.779840518,0.927493896,0.901994767,0.884653232,0.811115919,1.01349304,2.408129397,0.907640456,0.94124269,0.836068827,1.068655274,0.778488566,1.579819668,1.025366824,0.945833564,0.850186054,1.015190365,0.855902778,1.353750954,0.798326049
88,0.845283198,0.750477614,0.922349145,0.89509634,0.873229795,0.830547142,1.049616514,2.3822249,0.911103553,0.934378518,0.838761799,1.081969688,0.795865756,1.600004947,1.010551746,0.94358818,0.842285499,1.051942502,0.849020337,1.320233958,0.762819678
89,0.831975753,0.767754797,0.912277642,0.885615251,0.883669191,0.825866342,0.99431872,2.3121043,0.917133051,0.930012905,0.855288148,1.077229636,0.779061441,1.575181507,1.019682382,0.93313744,0.861160546,1.087645688,0.862227183,1.310383996,0.746582349
90,0.818952453,0.751557438,0.919645971,0.884935603,0.880631498,0.803996381,1.002887984,2.362151471,0.923966482,0.927184866,0.869801854,1.098876879,0.797632119,1.542145428,1.01112019,0.932084049,0.880709702,1.068609169,0.950272817,1.326896669,0.761517716
91,0.824682705,0.742295872,0.915329613,0.86702688,0.887477003,0.821382213,1.017943377,2.377985155,0.916050833,0.921199308,0.863707231,1.087887205,0.761970688,1.529529629,1.000675028,0.928812996,0.874642722,1.106216006,0.960751488,1.29032805,0.759918162
92,0.818242091,0.763767755,0.929019881,0.880891698,0.890985325,0.802816347,1.026039201,2.267240301,0.947342383,0.923890063,0.864756073,1.1202524,0.771423115,1.541947533,1.002806693,0.92897932,0.874804508,1.11002331,0.926897321,1.336780537,0.757146843
93,0.837137715,0.763809286,0.918991978,0.881537364,0.892183288,0.799512253,1.028359057,2.103970356,1.043968956,0.931523022,0.851546333,1.104341525,0.784026352,1.495133022,0.996269585,0.933885901,0.897805102,1.094638695,0.896081349,1.326015089,0.750562634
94,0.821083539,0.776310325,0.955920823,0.906616373,0.884867154,0.800180939,1.045923681,2.259999773,1.039392721,0.921391505,0.845139893,1.084566149,0.794147133,1.431534551,0.997726223,0.926844819,0.868171278,1.097863248,0.99937996,1.343426295,0.762577885
95,0.825298352,0.774898247,0.997427625,0.88034798,0.892268857,0.810053888,1.032667361,2.266797004,1.029560001,0.925043244,0.828868668,1.056397561,0.776960901,1.424855599,1.006572637,0.925763708,0.835059052,1.116161616,0.972904266,1.368059676,0.746024365
96,0.828376586,0.787731539,0.984042553,0.877017705,0.865870877,0.806356449,1.032525329,2.244131989,1.093720046,0.921803355,0.849335261,1.041392428,0.835537308,1.359933705,1.051515259,0.94114875,0.840290136,1.132983683,1.086433532,1.291294397,0.728764066
97,0.829181663,0.791635518,0.956923614,0.876440004,0.898558165,0.818471463,1.019221665,2.251963581,1.141584985,0.931468109,0.835615273,1.024243705,0.908912971,1.322482097,1.06945678,0.928369463,0.820066872,1.127544678,1.040860615,1.335576842,0.731330791
98,0.836806213,0.79832212,0.945500523,0.881027628,0.893081761,0.826456358,1.016617745,2.223149232,1.174329798,0.926745559,0.862006406,1.010265081,0.96830095,1.289322334,1.053540342,0.946803792,0.826268673,1.139238539,1.106026786,1.287191659,0.748144704
99,0.837516575,0.825234654,0.931156261,0.871444592,0.891841013,0.81579672,1.008569264,2.194221217,1.347268174,0.921391505,0.852708564,1.01473341,0.990643052,1.291833125,1.039364764,0.934357155,0.815078466,1.163014763,1.10125248,1.358955667,0.727703897
100,0.880327714,0.837112717,0.94275375,0.885649234,0.881487186,0.801282303,1.064151122,2.139138639,1.469620605,0.923807693,0.8610993,0.973854236,0.973600038,1.252946779,1.033325044,0.931224705,0.822547592,1.173426573,1.157986111,1.350122913,0.766260578
101,0.916082591,0.863277681,0.927493896,0.881639311,0.871775125,0.809227865,1.111779188,2.067835912,1.635694629,0.933884298,0.873401933,0.948614214,0.990404354,1.236422555,1.010622802,0.933192881,0.835921911,1.157536908,1.203062996,1.346494872,0.765609597
102,0.943881417,0.884043525,0.975584234,0.881163557,0.90326445,0.848365653,1.100511315,1.997294747,1.681487895,0.927129952,0.876321683,0.928989795,1.024776818,1.236731766,1.063985505,0.950074846,0.82953136,1.145804196,1.266617063,1.307213698,0.748814284
103,0.9304319,0.876194036,0.975671434,0.872022292,0.9489582,0.905282618,1.061215794,1.910658468,1.807458025,0.924988331,0.885846302,0.939707747,1.031603571,1.219069647,1.060894589,0.947884903,0.845844793,1.126961927,1.215215774,1.252928711,0.788393937
104,0.912530782,0.904933965,0.974319847,0.8777993,0.959782655,0.893796956,1.076886658,1.863498414,1.843140286,0.933582274,0.901692321,0.938288751,1.042679143,1.19224252,1.053114009,0.932638465,0.846653724,1.126884227,1.194072421,1.249080275,0.813856598
105,0.978925933,0.942603206,1.034269271,0.877595406,0.960766697,0.916768281,1.106808067,1.825295248,1.99325933,0.94198402,0.892054313,0.920234285,1.100062061,1.172477768,1.038760792,0.944669291,0.845548185,1.102952603,1.216145833,1.284563872,0.778703618
106,1.066395151,0.992898081,1.19375654,0.896149794,0.953407778,0.897848405,1.162816021,1.798345022,2.036640797,0.933499904,0.894151997,0.920294668,1.097675085,1.160430916,1.037872597,0.946083052,0.845656043,1.112121212,1.158296131,1.264779181,0.787166372
107,1.120761508,1.047055403,1.204089641,0.892717572,0.969280794,0.921331078,1.140801061,1.740386692,2.063046906,0.95101727,0.88635655,0.913592174,1.146082971,1.142768797,1.064340782,0.95437157,0.837431915,1.107109557,1.110553075,1.2802916,0.799535013
108,1.258050767,1.111263394,1.262425881,0.887348354,0.994138536,0.940604964,1.111779188,1.682462462,2.071673727,0.93303314,0.898063894,0.88167985,1.140688404,1.142175112,1.051159982,0.953429062,0.851507307,1.106837607,1.155009921,1.293752649,0.788393937
109,1.3195681,1.174183902,1.290068015,0.883712237,1.016258076,0.942375015,1.156755989,1.631562795,2.097770632,0.940693556,0.899679678,0.861572369,1.229340717,1.135125107,1.050378371,0.946831513,0.86409966,1.125135975,1.115203373,1.248944647,0.764326235
110,1.264822883,1.146066949,1.3333624,0.895538111,1.011295084,0.926365889,1.24254332,1.599963627,2.0687672,0.942917548,0.906511325,0.872199746,1.227144699,1.104154556,1.076526806,0.951904419,0.862185191,1.103263403,1.081349206,1.23534797,0.762912676
111,1.332544042,1.189176842,1.505798744,0.911237979,1.044495786,0.966133029,1.285815737,1.589551815,2.076311802,0.935751352,0.880800522,0.858764567,1.21368215,1.105181136,1.056524674,0.961163165,0.871460929,1.11996892,1.075768849,1.233788251,0.748535292
112,1.437251373,1.298363651,1.537844437,0.909606824,1.060668292,0.970695827,1.252627592,1.575639087,2.089112891,0.943027374,0.901182073,0.854628344,1.224375806,1.126627995,1.045830817,0.971475301,0.865879308,1.126262626,1.069320437,1.206238874,0.755138101
113,1.841021027,1.542030069,1.636815487,0.907737792,1.02425876,0.964756323,1.325300634,1.545733544,2.092050339,0.947090964,0.88207614,0.846295514,1.192581277,1.113022721,1.030092017,0.952403393,0.88181524,1.112393162,1.124007937,1.156836484,0.739458756
114,2.099924228,1.700805715,1.636728287,0.925646515,1.032858426,0.988907682,1.436038254,1.502813235,2.111066448,0.936135746,0.880942257,0.855926574,1.266004678,1.120604569,1.060574839,0.962881854,0.881518632,1.127738928,1.074280754,1.152513351,0.738175393
115,2.143540443,1.730791594,1.79586676,0.92160261,1.113934882,1.102662943,1.533235489,1.50577992,2.103460004,0.946651657,0.877965813,0.84194795,1.279419487,1.151735909,1.047749316,0.959028663,0.875128081,1.106604507,1.061135913,1.142629482,0.723277225
116,2.138425838,1.70462663,1.773020579,0.952118802,1.150387199,1.168626834,1.531909857,1.481034816,2.082248539,0.947997035,0.90849562,0.855896383,1.283907003,1.155953544,1.031903933,0.964351056,0.900932967,1.093395493,1.031312004,1.138069001,0.712489538
117,2.116404622,1.750685273,1.948465295,0.94725932,1.218927823,1.190654132,1.571631474,1.444786706,2.027797533,0.957249938,0.906964878,0.845631302,1.27096959,1.133739842,1.032365794,0.975245329,0.908213342,1.101282051,1.100508433,1.11177418,0.712117549
118,2.159736693,1.832585763,2.067928148,0.951914908,1.206648697,1.18463596,1.565098002,1.436170817,2.000803933,0.950248483,0.905320747,0.858311696,1.316083449,1.152589331,1.006466053,0.982674502,0.907080839,1.095182595,1.114707341,1.114842757,0.704938157
119,2.103996969,1.76659191,2.02812173,0.961260067,1.295212425,1.254336624,1.74278004,1.423190152,1.980272719,0.957853985,0.896192987,0.822866977,1.315606053,1.141519585,1.017905994,0.980401397,0.91891819,1.08951049,1.07905506,1.059845723,0.715614247
120,2.051856412,1.769872913,2.038106034,0.959696877,1.412313353,1.408213035,2.043272417,1.395955761,1.972140626,0.96021526,0.906284548,0.837177707,1.319759393,1.120604569,1.023697019,0.968869546,0.919026048,1.061616162,1.093625992,1.068356362,0.714051892
121,2.098740292,1.791054074,1.939222183,0.962347504,1.487014932,1.422412776,1.99928984,1.380144811,1.96376117,1.001537574,0.913768178,0.828210857,1.292070464,1.109881139,1.016484883,0.998336752,0.915844254,1.035353535,1.022631448,1.030143257,0.707504882
122,2.008429627,1.718747404,2.036841646,0.967478846,1.661233047,1.547417693,1.981346463,1.359753117,1.94715686,0.985887263,0.904073476,0.848590061,1.290256361,1.071464793,0.99968025,0.988246382,0.918082295,1.04040404,1.042410714,1.018953971,0.715037664
123,1.918592536,1.668452529,2.091253924,0.969483807,1.593205836,1.54722102,1.92510179,1.320686088,1.939303052,0.975371352,0.900416702,0.827999517,1.257125125,1.069485844,1.00571997,0.984476354,0.93644502,1.037373737,1.14124504,1.021853013,0.689946992
124,1.80971775,1.626837777,2.28435647,0.965541849,1.535275746,1.522912323,1.875248556,1.313843391,1.974614267,0.961670465,0.908665703,0.812058451,1.222991359,1.066430842,0.992894447,0.980207352,0.944102896,1.04009324,1.104414683,1.01752988,0.702966614
125,1.802329987,1.608356176,2.238838507,0.989125633,1.44333205,1.459701845,2.025329041,1.299066802,1.937385981,0.957057741,0.915327267,0.81033754,1.212297704,1.077067692,0.986890255,0.97355436,0.928436607,1.074164724,1.141369048,1.017733322,0.688421836
126,1.703589695,1.606071933,2.319105337,0.997859109,1.403542549,1.468355426,1.964349967,1.276413153,1.920843511,0.961999945,0.906086118,0.788599722,1.185659044,1.075942165,1.014566384,0.975411654,0.949900232,1.073815074,1.132688492,1.037484106,0.714386683
127,1.599119151,1.511213556,2.359522149,0.988615897,1.47516365,1.491012076,1.929031342,1.256305625,1.909804892,0.960682024,0.913683136,0.792947286,1.189812384,1.03515108,1.014815078,1.018933304,0.941244675,1.058857809,1.164124504,1.030973976,0.733990514
128,1.554697859,1.477199103,2.418861179,1.001019472,1.474693022,1.478661055,1.832449579,1.262557259,1.901054389,0.968726833,0.914958755,0.790864078,1.234210149,1.027828969,1.003126443,1.00870433,0.945693793,1.067715618,1.128038194,1.017173858,0.735497071
129,1.56194355,1.493147271,2.596311475,1.067455058,1.482394216,1.466428038,1.891345517,1.243404526,1.898364305,0.961560638,0.917453298,0.817885393,1.206616699,1.047977143,1.004760721,1.002217664,0.943779324,1.041958042,1.171192956,1.03848436,0.741058309
130,1.695302141,1.571019188,2.490887687,1.105039589,1.480212211,1.531093891,1.906258877,1.222524069,1.909526607,0.952774498,0.905717606,0.807499547,1.212966057,1.034619238,1.004725193,1.047846094,0.959202934,1.060839161,1.141989087,1.015834534,0.774500139
131,1.5956147,1.487582025,2.419166376,1.145750501,1.533992213,1.536050033,1.797746426,1.202155109,1.901023469,0.956590978,0.932704028,0.811696154,1.20652122,1.039010031,1.028564323,1.017242335,0.947554333,1.03978244,1.207713294,1.009137916,0.767209151
132,1.578613374,1.456101005,2.326124869,1.135997553,1.56141702,1.58116666,1.81483761,1.210941496,1.876256145,0.954531726,0.95745103,0.802034901,1.201078913,1.035583975,1.027924823,1.004962023,0.961764547,1.038539239,1.173301091,1.028024074,0.804389473
133,1.513828377,1.451449456,2.171433554,1.155707344,1.547383733,1.567989616,1.706277815,1.216465667,1.88330602,0.961368441,0.974884486,0.804903086,1.213300234,1.019282384,1.025473407,1.006985641,0.935150731,1.011771562,1.265562996,1.013698398,0.810397098
134,1.608685357,1.5218872,2.227153819,1.140313318,1.596799726,1.543759588,1.647003125,1.199006559,1.851117776,0.958320749,0.946395669,0.799830928,1.162791808,1.028472128,1.005933137,0.992848035,0.934557515,1.008974359,1.271205357,0.99172671,0.815716544
135,1.606128055,1.471883047,2.084975584,1.104156047,1.55996235,1.522243638,1.646198277,1.202359708,1.84338765,0.951044727,0.964566148,0.833886843,1.17687497,1.104921399,1.004050165,0.976298719,0.935770911,1.006138306,1.262524802,0.983555141,0.814860969
136,1.677732525,1.548010632,2.040460412,1.179359092,1.587900569,1.546591669,1.725357447,1.188628846,1.854797316,0.96419648,0.964027553,0.81248113,1.208383062,1.097846656,0.999111806,0.982702223,0.95019684,1.003224553,1.299665179,0.983419513,0.784711243
137,1.662530782,1.526455686,1.933205441,1.269038638,1.588841826,1.588207529,1.672284822,1.183559339,1.862094555,0.965239834,0.963262182,0.822625445,1.168806989,1.102126133,0.98966142,0.984725841,0.945289328,0.985547786,1.323474702,0.97816394,0.792560216
138,1.665798447,1.56665836,1.941271364,1.270329969,1.567620759,1.547024348,1.738424392,1.16807802,1.854828237,0.956563521,0.979476713,0.815560655,1.179070989,1.094766917,0.990478559,0.989299773,0.944669147,0.971328671,1.279761905,0.95936255,0.778201432
139,1.652964577,1.578328765,1.864841298,1.36092704,1.516279468,1.479880423,1.846037307,1.163144913,1.854890078,0.974163257,0.966550444,0.812783045,1.170430133,1.097982709,0.986002061,0.987331596,0.95019684,0.969036519,1.21968006,0.960481478,0.788338138
140,1.673375639,1.510715176,1.941881758,1.374180175,1.449407436,1.4279196,1.761859672,1.247098674,1.851117776,0.983388704,0.962610199,0.805054043,1.126939419,1.079195063,0.990123281,0.972805899,0.961602761,0.976767677,1.176897321,0.969432907,0.789919092
141,1.581170676,1.478154332,1.910926055,1.383525334,1.422453258,1.399992133,1.715036455,1.144651443,1.842367274,0.960077977,0.960342433,0.799378057,1.073805318,1.072652163,0.983053256,0.984836725,0.953675241,0.982867133,1.158606151,0.994218869,0.776118293
142,1.504783103,1.428980812,2.034966864,1.463927685,1.440551063,1.372930024,1.684878326,1.150914444,1.812219783,0.958650229,0.954814752,0.797626955,1.093951401,1.041755822,0.976089814,0.970588235,0.938629132,0.98974359,1.112041171,0.975807409,0.762336092
143,1.431142262,1.386203173,2.012164283,1.598973732,1.414752064,1.363489753,1.702395606,1.138615775,1.782968987,0.989099695,0.912067353,0.785369241,1.083496443,1.037191871,0.971826482,0.986250485,0.941136817,0.973193473,1.081473214,1.017190811,0.761331721
144,1.435593862,1.377979899,1.897976979,1.667652156,1.470756856,1.355976871,1.730517943,1.130988781,1.76410748,0.955629994,1.069195226,0.793128434,1.113811047,1.008014743,0.965538068,0.994899374,0.952623632,1.002564103,1.065600198,0.969026024,0.773811959
145,1.398134116,1.338524794,1.872122428,1.779216366,1.534206135,1.374542737,1.703910615,1.114188936,1.776135555,0.966255732,1.113558409,0.784886178,1.097197689,1.024205019,0.963797208,0.987331596,0.949819339,0.997163947,1.043154762,0.98913283,0.766632568
146,1.467370714,1.430309826,1.873692013,1.984673939,1.562743336,1.360264328,1.665041189,1.130579583,1.766210074,0.962686362,0.858604757,0.793490731,1.142979902,1.016821066,0.971151455,0.9749404,0.958879361,1.005827506,1.030567956,1.029075189,0.742434669
147,1.526946391,1.475288645,1.848099058,2.244027594,1.476532751,1.347519962,1.713852855,1.096161497,1.723261495,0.965843881,0.857811038,0.786546706,1.120017186,1.022473439,0.969943511,0.981343904,0.967669741,1.018259518,1.016617063,1.03182165,0.745782572
148,1.532345141,1.436331921,1.846485874,2.356135522,1.446754803,1.313888998,1.787993561,1.08144174,1.682013543,0.966063535,0.870538878,0.77788177,1.108846135,1.056127939,0.96106157,0.987941454,0.969503317,1.006721057,1.037574405,1.044401119,0.754115131
149,1.577855654,1.487166708,1.828915242,2.540524009,1.501433278,1.372261338,1.713900199,1.094286007,1.682106305,0.977183493,0.897638688,0.766318459,1.142407027,1.052194778,0.950794046,0.974552309,0.977107264,0.981080031,1.041170635,1.028888701,0.735199479
150,1.571225611,1.484674807,1.73543774,2.478913923,1.510717495,1.397002714,1.635451188,1.066847017,1.640518228,0.951703687,0.905179012,0.749079162,1.112665298,1.046022931,0.966603901,0.984282309,0.956506498,0.999378399,1.018105159,1.026956006,0.7344741
151,1.607406706,1.487623557,1.603897803,2.554728651,1.559791212,1.430791016,1.583798883,1.050672335,1.611731239,0.965020181,0.925135357,0.745003321,1.130519884,1.034136869,0.951611184,0.984282309,0.969692067,0.964413364,1.024553571,1.020971433,0.722607644
152,1.613136958,1.454190547,1.607080572,2.749277874,1.555555556,1.409393069,1.556292018,1.041328984,1.627655298,0.965075094,0.921365195,0.750256627,1.099632406,1.02813818,0.950687462,0.994677607,0.968316885,0.968958819,1.013020833,1.055149614,0.708806845
153,1.578897518,1.428233242,1.549921521,2.831345363,1.537628888,1.423199465,1.49029448,1.02988281,1.604001113,0.966667582,0.935510389,0.739478292,1.078388313,1.027235285,0.955128433,0.990464046,0.973143504,0.964685315,1.000744048,1.03534797,0.713531108
154,1.496590263,1.391602293,1.505362749,2.663710198,1.483292688,1.390473194,1.459047439,1.0382941,1.609752327,0.96477307,0.943787737,0.749350885,1.120590061,1.008262112,0.950971684,0.996895271,0.993097126,0.968453768,0.978732639,1.068661524,0.701292663
155,1.456383785,1.343550129,1.408266481,2.632752234,1.523809524,1.463123943,1.443707982,1.02988281,1.564453789,0.967683479,0.968393004,0.738059296,1.096051941,1.008608428,0.956371905,0.987276155,0.988755865,0.962626263,0.973028274,1.050894295,0.696289408
156,1.486455768,1.369341307,1.41144925,2.603391443,1.567321268,1.481217795,1.443897358,1.044943565,1.5552704,0.979407485,0.963063753,0.721121913,1.054995942,1.004044477,0.961558958,0.98885624,0.96748099,0.962781663,0.954613095,1.052420107,0.71656282
157,1.491759803,1.39866268,1.372732822,2.640568186,1.595345056,1.521024269,1.398873213,1.050069905,1.531059646,0.97721095,0.982481504,0.725560051,1.047596315,0.989474465,0.953138878,0.986888063,0.965728307,0.955205905,0.974392361,1.052352293,0.703468799
158,1.510465997,1.389401113,1.304979072,2.601522411,1.547169811,1.517484168,1.330603163,1.041772281,1.534491822,0.979050548,0.984607535,0.710524727,1.090275457,0.961286812,0.957011404,0.992293619,0.979641913,0.968376068,0.953993056,1.033008392,0.692699712
159,1.462019322,1.349281502,1.264475061,2.620110783,1.477730715,1.472013531,1.342865259,1.031110404,1.547478433,0.96842481,0.973183661,0.707264054,1.068601709,0.951095225,0.949870324,0.992099573,0.997249636,0.96961927,0.929625496,1.032737137,0.688645029
160,1.424322788,1.32365645,1.275462156,2.613484215,1.419158859,1.423750148,1.271991289,1.035429715,1.529822826,0.959199363,0.96677722,0.720759616,1.038955459,0.964279972,0.95200199,0.999168376,0.99102087,0.972921523,0.964347718,1.018004577,0.697479773
161,1.379759424,1.297366891,1.339902337,2.565365141,1.343772729,1.365771152,1.251396648,1.050331337,1.494789895,0.965184921,0.975252998,0.725650625,1.029741729,0.980334195,0.946850464,0.993541054,0.988890687,0.9504662,0.939670139,0.99696533,0.704101181
162,1.32738208,1.259199269,1.289152424,2.510381622,1.313053523,1.346143256,1.290502793,1.03571388,1.510219226,0.955135773,0.957422683,0.738844273,1.016231441,0.983500513,0.94674388,0.999501026,1.008143235,0.938811189,0.929935516,1.024989404,0.685408723
163,1.320562607,1.271949497,1.216471922,2.428789887,1.265819535,1.287849585,1.26029732,1.019482365,1.52886429,0.962082315,1.008277348,0.745426001,1.006779014,0.987977885,0.932959108,1.006070854,0.995092488,0.937917638,0.919270833,1.029685513,0.689928392
164,1.367493844,1.302724479,1.183641437,2.408026642,1.281264707,1.326751367,1.269055961,1.035065983,1.522649269,0.962192142,0.986081583,0.760521708,0.971260801,0.98163288,0.962873486,0.993624217,0.991641051,0.935703186,0.949652778,0.995965076,0.683827769
165,1.375260466,1.313481186,1.236353331,2.355625786,1.30205793,1.35790426,1.326768298,1.015810951,1.530472156,0.947200791,1.002154378,0.751554858,0.975223182,0.956450755,0.958574626,1.00523923,1.017068436,0.934421134,0.935019841,1.001424091,0.695266437
166,1.323830271,1.290098845,1.220613882,2.346586468,1.316476276,1.363332416,1.383723132,1.041249417,1.573482576,0.954614096,1.00087876,0.736730874,0.982002196,0.977674982,0.959356237,1.020624272,1.00520412,0.9501554,0.912698413,1.015292023,0.702092439
167,1.300577761,1.267547138,1.182377049,2.365514663,1.339964917,1.348857334,1.32075561,1.022710481,1.571596426,0.968067873,1.008334042,0.735191112,0.978087554,0.979542615,0.958006182,1.011919942,0.966105808,0.943395493,0.910900298,1.005611596,0.691974333
168,1.288975185,1.241174516,1.170997558,2.324599857,1.311171009,1.332140188,1.247230376,1.027882287,1.541943663,0.95557508,1.001530742,0.751101987,0.950064448,0.972034978,0.946068853,1.01776903,0.98729979,0.944522145,0.900855655,1.010765449,0.692532317
169,1.328613374,1.264722984,1.148412975,2.287796921,1.294057246,1.351571412,1.256841208,1.022130784,1.524751863,0.968699377,0.986676872,0.741380351,0.962381248,0.956896019,0.940348883,1.012446637,0.990023189,0.964102564,0.905195933,1.012342121,0.668111225
170,1.279503694,1.250186893,1.149459365,2.257756482,1.325546571,1.347126618,1.237193448,1.012821533,1.542191027,0.958869883,1.005357598,0.725469476,0.943142216,0.949425486,0.945891214,1.009508233,0.997923745,0.97031857,0.90593998,1.031313046,0.661880405
171,1.30896003,1.253467896,1.170648762,2.26907262,1.325204296,1.310230893,1.197424486,1.018857201,1.574688476,0.968891574,1.019049239,0.749864139,0.936363202,0.970711556,0.952641489,1.021317292,1.00353233,0.961655012,0.930803571,1.035263203,0.66619548
172,1.300530403,1.24815184,1.129665155,2.241682808,1.279211055,1.301655981,1.146387653,0.999556702,1.610432578,0.967683479,0.984239023,0.748928205,0.961378718,0.954719175,0.947738658,1.017464102,0.994445343,0.980846931,0.962983631,1.039518522,0.671087138
173,1.228262929,1.230666999,1.158004883,2.243959629,1.312882386,1.303386697,1.099895843,0.998306376,1.611607557,0.985969633,0.991694305,0.748113037,0.948680002,0.959666547,0.955732405,1.002910684,1.004017689,0.970590521,0.927393353,1.026820378,0.666697666
174,1.259660921,1.231040784,1.115713289,2.186019642,1.293244342,1.325138654,1.068080674,0.98465508,1.619028478,0.977814997,0.971993083,0.77102832,0.919845324,0.960186021,0.957331154,1.00837168,1.00501537,0.979448329,0.936321925,1.026939052,0.654291826
175,1.277088464,1.281252596,1.076299268,2.125836817,1.298378471,1.329740786,1.064861282,0.991293179,1.616338394,0.981494193,0.999744876,0.76761669,0.963574736,0.941645743,0.957650904,1.014082164,1.019441299,1.002020202,0.955047123,1.030584047,0.656728355
176,1.245074825,1.240385414,1.07599407,2.087300778,1.307662688,1.360421665,1.037638481,0.970503654,1.605825423,0.979929162,0.984607535,0.763269126,0.971260801,0.95160233,0.970973816,1.009924045,0.996063204,0.985547786,0.953869048,1.039671103,0.642276574
177,1.177495738,1.192125592,1.106949773,2.08081014,1.305609036,1.305078079,1.020405265,0.981426964,1.60381559,0.971609786,0.991665958,0.770907554,0.946961379,0.926296521,0.959427292,1.008316239,1.003451437,0.985703186,1.027715774,0.99613461,0.644006324
178,1.179721538,1.185563585,1.081182421,2.120229721,1.275103752,1.289855643,1.007906448,0.958148152,1.592251322,0.978473957,0.990645463,0.749803756,0.977275982,0.936376792,0.958361459,1.013832677,0.999595535,0.979331779,1.015749008,0.981927609,0.63275365
179,1.107643493,1.152172107,1.044471573,2.053284399,1.293115989,1.306926799,1.051652306,0.954715437,1.600445255,1.003267346,0.986733566,0.788871445,0.951448895,0.943031008,0.960208903,1.008815213,1.006983767,1.002836053,1.023375496,1.004967365,0.617464894
180,1.098645577,1.117368552,1.16559121,1.990009175,1.239549908,1.245761712,1.061499858,0.949361765,1.592344083,1.002526015,0.964169289,0.788720488,0.9407075,0.938331004,0.957153515,1.004490769,0.998463032,0.9996892,1.037450397,0.980723913,0.629554543
181,1.101534382,1.117659274,1.195238926,1.877051687,1.227784195,1.229005231,1.061215794,0.95024836,1.579975882,0.986628593,0.980809026,0.769397983,0.980283573,0.924465993,0.952641489,1.018018517,0.99102087,0.997785548,1.063368056,0.996321099,0.620217614
182,1.114510324,1.179333832,1.158571678,1.862133415,1.206948188,1.189159423,1.063582994,0.938404356,1.578368016,1.000741331,0.973778949,0.78512771,0.939323053,0.930773893,0.957366682,1.012585241,1.003801974,1.01029526,1.006014385,1.001237603,0.618022877
183,1.150549346,1.176011297,1.120640042,1.812417168,1.152483635,1.141132046,1.044313985,0.941450606,1.530874123,0.985804893,0.973637214,0.796600447,0.95087602,0.919654673,0.962233986,1.005350114,1.019171655,1.040753691,1.010044643,0.966533865,0.628010788
184,1.110769085,1.133192126,1.137861877,1.835219356,1.155478544,1.08393974,1.05264653,0.937733726,1.516805294,0.994041899,0.996655044,0.779210193,0.951114718,0.914014669,0.971044872,1.009702279,0.993717306,1.023154623,0.967199901,0.984216326,0.63414861
185,1.096798636,1.140169449,1.127572375,1.817582492,1.125101613,1.083861071,1.086355459,0.938074724,1.518196716,1.001455204,0.972078125,0.777006219,0.927913305,0.921769675,0.974064732,0.98710983,1.013724856,1.021639472,1.058841766,0.98467407,0.623677113
186,1.055218791,1.111097267,1.103287408,1.826451898,1.128438797,1.069110648,1.055676546,0.952169317,1.524442658,0.988440735,1.015590895,0.77102832,0.936219984,0.940792322,0.958752265,1.016105783,1.010435205,1.03038073,0.997147817,1.003695855,0.628791965
187,1.067010797,1.080239223,1.068669341,1.813776464,1.096692765,1.072414743,1.047628066,0.933073417,1.505612071,0.990445073,1.037729966,0.774288992,0.953740392,0.943711271,0.975627953,1.011864501,1.024187025,1.001864802,1.020399306,0.978062219,0.640174835
188,1.055739723,1.081235983,1.070195326,1.819213647,1.113378685,1.045981985,1.050800114,0.916091706,1.507467302,0.978721068,1.070640928,0.795724896,0.956652504,0.945096536,0.977724091,0.998724843,0.998489996,1.026884227,1.015873016,0.984657116,0.623286525
189,1.083917409,1.067862779,1.059251831,1.837156353,1.110640483,1.061519097,1.079632611,0.946440547,1.520113787,0.973916147,1.035122034,0.777972345,0.948107128,0.926098626,0.967349984,1.003049288,1.01957612,1.026146076,0.961805556,0.990234805,0.621333581
190,1.062369767,1.047844505,1.044253575,1.853433921,1.095152526,1.031624907,1.080816211,0.944258158,1.493027426,0.976442162,0.985571335,0.808012801,0.970831145,0.929079418,0.968380289,1.006126296,1.000107857,1.021717172,1.031436012,0.956921251,0.614042593
191,1.006961546,1.020931971,1.073465295,1.847283107,1.126599067,1.053770208,1.058706562,0.941211908,1.508642281,0.967216716,1.00708677,0.810790411,0.934740058,0.901732817,0.967740789,1.007068803,1.010731813,0.996114996,1.105592758,0.957311181,0.621259183
192,1.039590832,1.067987374,0.983911754,1.764264111,1.171822188,1.064744523,1.103778051,0.94522432,1.517423704,0.97339447,1.228052272,0.799770545,0.923664487,0.918801252,0.972075177,0.993152963,1.00959931,1.017365967,1.081597222,0.953361024,0.636157351
193,1.101155522,1.106902567,0.94480293,1.647500595,1.185684337,1.09707745,1.080721523,0.955681599,1.496212238,0.970511518,1.272982396,0.791920778,0.969542178,0.902722292,0.974348954,1.004490769,1.015935933,0.992035742,1.073102679,0.969042977,0.622616944
194,1.172759992,1.141456932,0.955092431,1.584157406,1.168142729,1.078865594,1.072152258,0.949543631,1.480473702,0.974382911,1.179918927,0.811333857,1.058671886,0.906890453,0.978185952,1.002189943,1.011972173,0.998135198,1.014384921,0.958328389,0.62483028
195,1.138615268,1.162596561,0.927450296,1.505420192,1.188893167,1.117295362,1.048953698,0.940177546,1.415664327,0.975398808,1.128922527,0.815711612,1.025492911,0.881238327,0.991757559,1.001635527,1.020385051,0.991763792,1.040736607,0.95941341,0.619938622
196,1.129475279,1.147935875,0.941576561,1.405002209,1.142129808,1.10978248,1.023435281,0.946110915,1.340032776,0.976304879,1.107095275,0.80073667,1.03991025,0.879543852,0.997548584,0.991434274,1.040581351,1.012160062,1.045200893,0.947291684,0.632679252
197,1.183083917,1.156200681,0.923003139,1.360213409,1.191716938,1.145458836,1.016949153,0.944417291,1.267462354,0.971719612,1.061229696,0.816919268,1.005394567,0.882289644,1.004831776,1.003160171,1.015962897,0.997358197,1.002108135,1.009934729,0.631656282
198,1.197338511,1.188221613,0.93337984,1.281408231,1.306208018,1.264838925,1.009042704,0.926526251,1.234779382,0.977924824,1.017206679,0.819908218,0.977992075,0.904985714,1.005151526,1.001552365,1.005716443,1.022727273,1.010478671,0.996151564,0.627545801
199,1.306213298,1.215507933,0.937608999,1.217555306,1.369828435,1.276324588,1.056528738,0.920354183,1.194149841,0.973257187,0.993962072,0.816798503,0.973838736,0.886395963,0.98696131,1.004019515,1.014533786,1.001515152,1.013764881,0.976824616,0.630465916
200,1.297783671,1.247944181,0.940922567,1.164610732,1.358191075,1.260040121,0.99029448,0.933073417,1.160106367,0.982784657,0.981857868,0.828633537,0.977610159,0.889475702,0.994173447,1.000498974,1.024456668,1.020901321,0.988777282,0.974044249,0.635785362
