2.738197103,,0.728188685,0.364094343,0.564094343,,3.302291446
1.562479116,,0.900343675,0.450171838,0.650171838,,2.212650954
0.900176574,,0.584716725,0.292358363,0.492358363,,1.392534937
4.622822032,,0.629443339,0.314721669,0.514721669,,5.137543701
1.141804187,,0.840894136,0.420447068,0.620447068,,1.762251255
0.6125114,,0.650790279,0.32539514,0.52539514,,1.13790654
0.807694194,,0.884834272,0.442417136,0.642417136,,1.45011133
1.189603723,,0.387568502,0.193784251,0.393784251,,1.583387974
1.85527949,,0.13864977,0.069324885,0.269324885,,2.124604375
0.832798426,,0.160774872,0.080387436,0.280387436,,1.113185862
3.751020813,,0.329834655,0.164917328,0.364917328,,4.115938141
1.637408523,,0.754635401,0.3773177,0.5773177,,2.214726223
3.440864826,,0.911280039,0.45564002,0.65564002,,4.096504846
3.484044755,,0.896455076,0.448227538,0.648227538,,4.132272293
1.844329948,,0.593009273,0.296504637,0.496504637,,2.340834585
1.190613284,,0.396102798,0.198051399,0.398051399,,1.588664683
3.428701445,,0.122646979,0.06132349,0.26132349,,3.690024935
1.935843284,,0.625853953,0.312926976,0.512926976,,2.44877026
0.655020806,,0.726094434,0.363047217,0.563047217,,1.218068023
1.344125794,,0.785568283,0.392784142,0.592784142,,1.936909936
1.977598006,,0.686048494,0.343024247,0.543024247,,2.520622253
1.003270123,,0.506960523,0.253480262,0.453480262,,1.456750385
1.009600097,,0.426560324,0.213280162,0.413280162,,1.422880259
3.190476155,,0.130459516,0.065229758,0.265229758,,3.455705913
2.463039103,,0.282296942,0.141148471,0.341148471,,2.804187574
3.445427548,,0.166578965,0.083289482,0.283289482,,3.72871703
1.826918955,,0.580511165,0.290255582,0.490255582,,2.317174537
1.87559529,,0.614831157,0.307415578,0.507415578,,2.383010868
0.870818161,,0.185303891,0.092651945,0.292651945,,1.163470106
2.469769406,,0.759060147,0.379530073,0.579530073,,3.049299479
0.563555329,,0.696467816,0.348233908,0.548233908,,1.111789237
2.606760961,,0.380680439,0.19034022,0.39034022,,2.997101181
3.825445555,,0.240511633,0.120255816,0.320255816,,4.145701371
5.687504284,,0.291420021,0.14571001,0.34571001,,6.033214294
2.012553652,,0.056039814,0.028019907,0.228019907,,2.240573559
0.761806761,,0.954586823,0.477293411,0.677293411,,1.439100172
3.284441387,,0.180577132,0.090288566,0.290288566,,3.574729953
2.829072897,,0.783925739,0.39196287,0.59196287,,3.421035767
1.869185697,,0.67484639,0.337423195,0.537423195,,2.406608892
1.381717561,,0.11431046,0.05715523,0.25715523,,1.638872791
3.079163935,,0.156121829,0.078060915,0.278060915,,3.35722485
1.079753097,,0.58454098,0.29227049,0.49227049,,1.572023587
2.787873768,,0.696654211,0.348327105,0.548327105,,3.336200873
4.085621245,,0.359993942,0.179996971,0.379996971,,4.465618216
1.264121942,,0.146148917,0.073074458,0.273074458,,1.5371964
2.728084935,,0.727173663,0.363586831,0.563586831,,3.291671766
0.732813265,,0.173422466,0.086711233,0.286711233,,1.019524498
0.193143768,,0.817331348,0.408665674,0.608665674,,0.801809442
1.652976342,,0.838894098,0.419447049,0.619447049,,2.272423391
2.071650845,,0.923495321,0.461747661,0.661747661,,2.733398506
0.496550342,,0.486339531,0.243169766,0.443169766,,0.939720108
2.108742503,,0.701043209,0.350521604,0.550521604,,2.659264107
0.211729071,,0.428518576,0.214259288,0.414259288,,0.625988359
0.861256787,,0.041054928,0.020527464,0.220527464,,1.081784251
1.849652755,,0.55478557,0.277392785,0.477392785,,2.32704554
1.451841781,,0.033899285,0.016949643,0.216949643,,1.668791424
1.404130135,,0.221513805,0.110756903,0.310756903,,1.714887038
0.348491723,,0.289578888,0.144789444,0.344789444,,0.693281167
2.821506729,,0.999227453,0.499613727,0.699613727,,3.521120456
1.873648071,,0.837110762,0.418555381,0.618555381,,2.492203452
2.133500897,,0.486383206,0.243191603,0.443191603,,2.5766925
2.9713778,,0.062613416,0.031306708,0.231306708,,3.202684508
1.691112445,,0.106943977,0.053471989,0.253471989,,1.944584434
2.955208639,,0.09397806,0.04698903,0.24698903,,3.202197669
1.687929148,,0.38709933,0.193549665,0.393549665,,2.081478813
0.6089258,,0.89165362,0.44582681,0.64582681,,1.25475261
2.734185245,,0.742743584,0.371371792,0.571371792,,3.305557037
1.159452019,,0.277934028,0.138967014,0.338967014,,1.498419033
2.982144039,,0.33393838,0.16696919,0.36696919,,3.349113229
2.331363187,,0.266053684,0.133026842,0.333026842,,2.664390029
3.219768587,,0.163707442,0.081853721,0.281853721,,3.501622308
2.432904316,,0.798652194,0.399326097,0.599326097,,3.032230413
2.362229477,,0.297469026,0.148734513,0.348734513,,2.71096399
1.807909155,,0.006228808,0.003114404,0.203114404,,2.011023559
3.676130155,,0.069794681,0.03489734,0.23489734,,3.911027495
0.737929839,,0.995970306,0.497985153,0.697985153,,1.435914992
3.161744697,,0.189754782,0.094877391,0.294877391,,3.456622088
0.739291329,,0.298788445,0.149394222,0.349394222,,1.088685551
4.576463077,,0.820866218,0.410433109,0.610433109,,5.186896186
4.179472432,,0.478330267,0.239165134,0.439165134,,4.618637566
4.698782381,,0.49792013,0.248960065,0.448960065,,5.147742446
1.113688077,,0.948248107,0.474124053,0.674124053,,1.78781213
1.843923465,,0.572012241,0.286006121,0.486006121,,2.329929586
1.144924619,,0.517169177,0.258584589,0.458584589,,1.603509208
2.373261277,,0.723988959,0.361994479,0.561994479,,2.935255756
1.815082794,,0.798032252,0.399016126,0.599016126,,2.41409892
1.787670503,,0.136987032,0.068493516,0.268493516,,2.056164019
0.653475161,,0.277188271,0.138594136,0.338594136,,0.992069297
1.404894761,,0.61472274,0.30736137,0.50736137,,1.912256131
3.168347432,,0.126838132,0.063419066,0.263419066,,3.431766498
1.055032768,,0.81878732,0.40939366,0.60939366,,1.664426428
2.308192781,,0.305209437,0.152604718,0.352604718,,2.660797499
3.068825471,,0.550604872,0.275302436,0.475302436,,3.544127907
0.446115555,,0.437958561,0.21897928,0.41897928,,0.865094835
3.368693535,,0.098441435,0.049220718,0.249220718,,3.617914253
1.598347148,,0.009149427,0.004574713,0.204574713,,1.802921861
2.153285219,,0.858615616,0.429307808,0.629307808,,2.782593027
1.361389329,,0.694253119,0.34712656,0.54712656,,1.908515889
0.934223194,,0.576801073,0.288400536,0.488400536,,1.42262373
2.395959626,,0.028635782,0.014317891,0.214317891,,2.610277517
1.027211723,,0.802037346,0.401018673,0.601018673,,1.628230396
2.063014961,,0.985611147,0.492805574,0.692805574,,2.755820535
2.25874551,,0.913805549,0.456902774,0.656902774,,2.915648284
0.750148161,,0.620094804,0.310047402,0.510047402,,1.260195563
1.532271652,,0.902573889,0.451286945,0.651286945,,2.183558597
3.55340869,,0.628930243,0.314465122,0.514465122,,4.067873812
2.503734206,,0.397387496,0.198693748,0.398693748,,2.902427954
2.517760252,,0.502711644,0.251355822,0.451355822,,2.969116074
4.151620516,,0.790160944,0.395080472,0.595080472,,4.746700988
1.528319994,,0.379870583,0.189935291,0.389935291,,1.918255285
4.661688071,,0.542732484,0.271366242,0.471366242,,5.133054313
4.779128284,,0.476582951,0.238291475,0.438291475,,5.217419759
1.431255606,,0.395906186,0.197953093,0.397953093,,1.829208699
3.097153232,,0.45762008,0.22881004,0.42881004,,3.525963272
0.915018935,,0.133748175,0.066874087,0.266874087,,1.181893022
1.482843387,,0.592133936,0.296066968,0.496066968,,1.978910355
3.400185632,,0.048931235,0.024465618,0.224465618,,3.62465125
1.221480284,,0.464027974,0.232013987,0.432013987,,1.653494271
1.128345097,,0.652367662,0.326183831,0.526183831,,1.654528928
1.850591632,,0.086481186,0.043240593,0.243240593,,2.093832225
2.17364809,,0.697633932,0.348816966,0.548816966,,2.722465056
2.404223019,,0.486792291,0.243396145,0.443396145,,2.847619164
2.451915387,,0.039889704,0.019944852,0.219944852,,2.671860239
1.316764335,,0.303887661,0.15194383,0.35194383,,1.668708165
3.243398,,0.649345909,0.324672954,0.524672954,,3.768070954
1.227319271,,0.230361493,0.115180747,0.315180747,,1.542500018
1.892036265,,0.330936062,0.165468031,0.365468031,,2.257504296
2.632281594,,0.111284005,0.055642002,0.255642002,,2.887923596
0.324814387,,0.019715728,0.009857864,0.209857864,,0.534672251
1.042669994,,0.093694505,0.046847253,0.246847253,,1.289517247
0.427731813,,0.109483587,0.054741793,0.254741793,,0.682473606
2.616974916,,0.892073258,0.446036629,0.646036629,,3.263011545
0.519007032,,0.35471464,0.17735732,0.37735732,,0.896364352
2.187547142,,0.589298818,0.294649409,0.494649409,,2.682196551
3.637757935,,0.860391167,0.430195583,0.630195583,,4.267953518
3.11818331,,0.957905323,0.478952662,0.678952662,,3.797135972
1.821759542,,0.035961928,0.017980964,0.217980964,,2.039740506
0.362029832,,0.013462674,0.006731337,0.206731337,,0.568761169
2.722257348,,0.339614888,0.169807444,0.369807444,,3.092064792
1.54762669,,0.53618005,0.268090025,0.468090025,,2.015716715
0.74621549,,0.840453734,0.420226867,0.620226867,,1.366442357
2.77852289,,0.447252013,0.223626007,0.423626007,,3.202148897
0.305715348,,0.665298621,0.332649311,0.532649311,,0.838364659
1.132061168,,0.400015526,0.200007763,0.400007763,,1.532068931
2.073328394,,0.361812831,0.180906416,0.380906416,,2.45423481
2.792711219,,0.195253217,0.097626608,0.297626608,,3.090337827
0.216642297,,0.665390705,0.332695352,0.532695352,,0.749337649
0.639295935,,0.955849119,0.47792456,0.67792456,,1.317220495
0.183924226,,0.771858025,0.385929012,0.585929012,,0.769853238
0.875507865,,0.613817337,0.306908668,0.506908668,,1.382416533
2.282079213,,0.528574807,0.264287404,0.464287404,,2.746366617
1.851299103,,0.051111212,0.025555606,0.225555606,,2.076854709
2.745122426,,0.107602085,0.053801043,0.253801043,,2.998923469
3.118319948,,0.951874247,0.475937123,0.675937123,,3.794257071
2.547789335,,0.973345226,0.486672613,0.686672613,,3.234461948
2.101590348,,0.237884106,0.118942053,0.318942053,,2.420532401
2.96050411,,0.333620464,0.166810232,0.366810232,,3.327314342
3.484934297,,0.898409021,0.44920451,0.64920451,,4.134138807
2.355123129,,0.690849309,0.345424654,0.545424654,,2.900547783
1.599048129,,0.871805797,0.435902899,0.635902899,,2.234951028
4.867549568,,0.677890829,0.338945415,0.538945415,,5.406494983
2.746422084,,0.971629139,0.485814569,0.685814569,,3.432236653
1.82414971,,0.965774103,0.482887052,0.682887052,,2.507036762
4.410787903,,0.763650311,0.381825156,0.581825156,,4.992613059
2.74392209,,0.329846552,0.164923276,0.364923276,,3.108845366
1.728246619,,0.709856593,0.354928296,0.554928296,,2.283174915
3.438720916,,0.934750433,0.467375217,0.667375217,,4.106096133
2.570112361,,0.37122826,0.18561413,0.38561413,,2.955726491
1.914031103,,0.008254949,0.004127475,0.204127475,,2.118158578
3.580509335,,0.607155725,0.303577863,0.503577863,,4.084087198
2.668484168,,0.510623473,0.255311736,0.455311736,,3.123795904
2.119707213,,0.837571048,0.418785524,0.618785524,,2.738492737
3.640734052,,0.781364416,0.390682208,0.590682208,,4.23141626
2.32386451,,0.007715453,0.003857727,0.203857727,,2.527722237
1.391260219,,0.479749441,0.239874721,0.439874721,,1.83113494
2.283231355,,0.909880596,0.454940298,0.654940298,,2.938171653
3.127267897,,0.462445103,0.231222551,0.431222551,,3.558490448
0.764170497,,0.49841615,0.249208075,0.449208075,,1.213378572
3.071408226,,0.280998933,0.140499467,0.340499467,,3.411907693
2.109231013,,0.839878286,0.419939143,0.619939143,,2.729170156
0.933537974,,0.511837101,0.255918551,0.455918551,,1.389456525
1.642240819,,0.856189958,0.428094979,0.628094979,,2.270335798
4.348960626,,0.638363505,0.319181753,0.519181753,,4.868142379
1.465864974,,0.716859107,0.358429554,0.558429554,,2.024294528
0.549365697,,0.949749551,0.474874775,0.674874775,,1.224240472
3.049129329,,0.04324298,0.02162149,0.22162149,,3.270750819
3.379648348,,0.154494927,0.077247463,0.277247463,,3.656895811
0.508794806,,0.191211861,0.09560593,0.29560593,,0.804400736
1.564219452,,0.168987886,0.084493943,0.284493943,,1.848713395
0.916133632,,0.267594329,0.133797165,0.333797165,,1.249930797
0.989606535,,0.098165721,0.04908286,0.24908286,,1.238689395
2.363929374,,0.995760806,0.497880403,0.697880403,,3.061809777
1.327274368,,0.062743426,0.031371713,0.231371713,,1.558646081
3.249933955,,0.131837907,0.065918954,0.265918954,,3.515852909
3.043764658,,0.761708937,0.380854468,0.580854468,,3.624619126
0.950229413,,0.333075539,0.16653777,0.36653777,,1.316767183
1.533964942,,0.39621852,0.19810926,0.39810926,,1.932074202
4.959451245,,0.668614791,0.334307395,0.534307395,,5.49375864
2.719817806,,0.47694534,0.23847267,0.43847267,,3.158290476
1.831123981,,0.795013529,0.397506764,0.597506764,,2.428630745
1.587528568,,0.120312397,0.060156199,0.260156199,,1.847684767
2.247963116,,0.673914604,0.336957302,0.536957302,,2.784920418
0.698510729,,0.197630219,0.098815109,0.298815109,,0.997325838
1.186274342,,0.300292488,0.150146244,0.350146244,,1.536420586
0.966016987,,0.225033616,0.112516808,0.312516808,,1.278533795
0.1183982,,0.819782797,0.409891399,0.609891399,,0.728289599
1.458321213,,0.134018789,0.067009394,0.267009394,,1.725330607
0.764090342,,0.422604339,0.21130217,0.41130217,,1.175392512
1.42227951,,0.176318374,0.088159187,0.288159187,,1.710438697
2.134477484,,0.699961941,0.349980971,0.549980971,,2.684458455
1.219177877,,0.616262848,0.308131424,0.508131424,,1.727309301
1.127172065,,0.674130004,0.337065002,0.537065002,,1.664237067
2.168107574,,0.491914485,0.245957242,0.445957242,,2.614064816
2.003807877,,0.284194834,0.142097417,0.342097417,,2.345905294
1.416268161,,0.962945533,0.481472767,0.681472767,,2.097740928
1.612141,,0.754109589,0.377054795,0.577054795,,2.189195795
1.386002523,,0.1588133,0.07940665,0.27940665,,1.665409173
1.336812755,,0.810841618,0.405420809,0.605420809,,1.942233564
1.96860409,,0.918975555,0.459487778,0.659487778,,2.628091868
0.87047831,,0.586538233,0.293269117,0.493269117,,1.363747427
0.41921011,,0.375743802,0.187871901,0.387871901,,0.807082011
0.6066908,,0.241083123,0.120541561,0.320541561,,0.927232361
0.280319032,,0.645549512,0.322774756,0.522774756,,0.803093788
0.804591852,,0.920105884,0.460052942,0.660052942,,1.464644794
0.269014316,,0.253445661,0.126722831,0.326722831,,0.595737147
0.780774781,,0.085882378,0.042941189,0.242941189,,1.02371597
0.636113432,,0.87151063,0.435755315,0.635755315,,1.271868747
0.594800652,,0.903476715,0.451738358,0.651738358,,1.24653901
0.535414871,,0.380075101,0.190037551,0.390037551,,0.925452422
1.20383691,,0.754831755,0.377415877,0.577415877,,1.781252787
0.464687897,,0.044984816,0.022492408,0.222492408,,0.687180305
1.520875148,,0.142184547,0.071092274,0.271092274,,1.791967422
0.716573523,,0.107014349,0.053507175,0.253507175,,0.970080698
0.823320703,,0.885990077,0.442995039,0.642995039,,1.466315742
0.20349471,,0.645976498,0.322988249,0.522988249,,0.726482959
0.276185774,,0.174067399,0.0870337,0.2870337,,0.563219474
1.026333884,,0.50494823,0.252474115,0.452474115,,1.478807999
0.723755497,,0.441003836,0.220501918,0.420501918,,1.144257415
1.196619697,,0.91794422,0.45897211,0.65897211,,1.855591807
1.39709689,,0.08661352,0.04330676,0.24330676,,1.64040365
0.497928561,,0.106053332,0.053026666,0.253026666,,0.750955227
1.66287789,,0.288299913,0.144149956,0.344149956,,2.007027846
1.030100613,,0.059608269,0.029804134,0.229804134,,1.259904747
1.360189135,,0.403166467,0.201583233,0.401583233,,1.761772368
0.629310245,,0.7417357,0.37086785,0.57086785,,1.200178095
1.230900942,,0.40165632,0.20082816,0.40082816,,1.631729102
1.417187606,,0.028150725,0.014075363,0.214075363,,1.631262969
2.453564542,,0.227492904,0.113746452,0.313746452,,2.767310994
1.454968271,,0.569348534,0.284674267,0.484674267,,1.939642538
2.752118432,,0.748776041,0.37438802,0.57438802,,3.326506452
2.747175961,,0.702600444,0.351300222,0.551300222,,3.298476183
0.524361568,,0.984286785,0.492143392,0.692143392,,1.21650496
2.743257716,,0.071912974,0.035956487,0.235956487,,2.979214203
2.236329465,,0.257811476,0.128905738,0.328905738,,2.565235203
2.175429639,,0.238494571,0.119247286,0.319247286,,2.494676925
1.510488781,,0.163687542,0.081843771,0.281843771,,1.792332552
1.808441858,,0.188420641,0.09421032,0.29421032,,2.102652178
2.6749366,,0.938662312,0.469331156,0.669331156,,3.344267756
1.298272561,,0.424048015,0.212024008,0.412024008,,1.710296569
3.705995697,,0.97340131,0.486700655,0.686700655,,4.392696352
1.712210058,,0.572394894,0.286197447,0.486197447,,2.198407505
1.884734658,,0.368593352,0.184296676,0.384296676,,2.269031334
2.903565,,0.336513601,0.1682568,0.3682568,,3.2718218
2.325946452,,0.625569834,0.312784917,0.512784917,,2.838731369
1.897068574,,0.825551695,0.412775847,0.612775847,,2.509844421
2.989453916,,0.984181738,0.492090869,0.692090869,,3.681544785
2.278181219,,0.703493322,0.351746661,0.551746661,,2.82992788
1.868685755,,0.687106611,0.343553305,0.543553305,,2.41223906
2.60214609,,0.987717384,0.493858692,0.693858692,,3.296004782
2.166035535,,0.199418647,0.099709324,0.299709324,,2.465744859
2.045568142,,0.208419047,0.104209523,0.304209523,,2.349777665
3.08298911,,0.145034502,0.072517251,0.272517251,,3.355506361
2.209202813,,0.244120029,0.122060014,0.322060014,,2.531262827
1.235980194,,0.56365701,0.281828505,0.481828505,,1.717808699
2.5881996,,0.879440691,0.439720345,0.639720345,,3.227919945
1.875725503,,0.086416301,0.043208151,0.243208151,,2.118933654
1.306185606,,0.847539776,0.423769888,0.623769888,,1.929955494
2.504045516,,0.111483073,0.055741536,0.255741536,,2.759787052
2.432093923,,0.805463317,0.402731658,0.602731658,,3.034825581
2.180892955,,0.412580938,0.206290469,0.406290469,,2.587183424
1.360137413,,0.077304548,0.038652274,0.238652274,,1.598789687
3.328662935,,0.758526265,0.379263132,0.579263132,,3.907926067
1.480377626,,0.624658184,0.312329092,0.512329092,,1.992706718
2.398122374,,0.985745355,0.492872677,0.692872677,,3.090995051
2.192025935,,0.424490815,0.212245408,0.412245408,,2.604271343
2.263992723,,0.160483378,0.080241689,0.280241689,,2.544234412
1.73283431,,0.15838658,0.07919329,0.27919329,,2.0120276
3.023899387,,0.202991299,0.10149565,0.30149565,,3.325395037
3.486073981,,0.973316231,0.486658116,0.686658116,,4.172732097
1.571487716,,0.838815987,0.419407993,0.619407993,,2.190895709
1.647416394,,0.318339296,0.159169648,0.359169648,,2.006586042
2.882221271,,0.077847341,0.038923671,0.238923671,,3.121144942
2.256054484,,0.153944953,0.076972476,0.276972476,,2.53302696
1.542123852,,0.357835065,0.178917532,0.378917532,,1.921041384
2.986659206,,0.716683873,0.358341936,0.558341936,,3.545001142
1.839952781,,0.887995573,0.443997787,0.643997787,,2.483950568
2.352205355,,0.424999047,0.212499523,0.412499523,,2.764704878
3.220110335,,0.286453103,0.143226552,0.343226552,,3.563336887
2.066878168,,0.771216006,0.385608003,0.585608003,,2.652486171
4.139770774,,0.168608051,0.084304026,0.284304026,,4.4240748
0.937052729,,0.579056141,0.28952807,0.48952807,,1.426580799
1.886941019,,0.411701258,0.205850629,0.405850629,,2.292791648
0.350830839,,0.649403147,0.324701573,0.524701573,,0.875532412
2.554870574,,0.593676589,0.296838295,0.496838295,,3.051708869
2.051104045,,0.439909825,0.219954912,0.419954912,,2.471058957
1.483933297,,0.081235903,0.040617951,0.240617951,,1.724551248
0.514583394,,0.927779652,0.463889826,0.663889826,,1.17847322
1.04049829,,0.372162503,0.186081252,0.386081252,,1.426579542
2.607989355,,0.369686423,0.184843212,0.384843212,,2.992832567
1.972367684,,0.419786629,0.209893315,0.409893315,,2.382260999
1.357765394,,0.036257767,0.018128884,0.218128884,,1.575894278
2.44336911,,0.826035921,0.41301796,0.61301796,,3.05638707
2.711174703,,0.992185489,0.496092745,0.696092745,,3.407267448
2.138156006,,0.456104799,0.2280524,0.4280524,,2.566208406
0.85237729,,0.443280187,0.221640094,0.421640094,,1.274017384
0.980232206,,0.71772709,0.358863545,0.558863545,,1.539095751
1.715920574,,0.416045519,0.208022759,0.408022759,,2.123943333
1.485762394,,0.719485987,0.359742993,0.559742993,,2.045505387
2.982401703,,0.52285985,0.261429925,0.461429925,,3.443831628
2.316250619,,0.751932466,0.375966233,0.575966233,,2.892216852
1.434462116,,0.208926753,0.104463376,0.304463376,,1.738925492
0.528674174,,0.018860625,0.009430312,0.209430312,,0.738104486
1.566102032,,0.156702038,0.078351019,0.278351019,,1.844453051
2.681911445,,0.350265138,0.175132569,0.375132569,,3.057044014
1.635870548,,0.370759527,0.185379764,0.385379764,,2.021250312
1.477593529,,0.326612385,0.163306192,0.363306192,,1.840899721
1.817959277,,0.354512499,0.177256249,0.377256249,,2.195215526
1.046524142,,0.178282262,0.089141131,0.289141131,,1.335665273
2.5395954,,0.422492263,0.211246132,0.411246132,,2.950841532
2.005442832,,0.174275339,0.087137669,0.287137669,,2.292580501
0.763571458,,0.324608932,0.162304466,0.362304466,,1.125875924
1.214930284,,0.350437448,0.175218724,0.375218724,,1.590149008
0.801870342,,0.182447626,0.091223813,0.291223813,,1.093094155
1.430084123,,0.134391651,0.067195826,0.267195826,,1.697279949
0.340496019,,0.157230045,0.078615023,0.278615023,,0.619111042
2.587599232,,0.784753523,0.392376761,0.592376761,,3.179975993
1.440278574,,0.227600207,0.113800103,0.313800103,,1.754078677
0.309337529,,0.240838698,0.120419349,0.320419349,,0.629756878
1.089452058,,0.45584685,0.227923425,0.427923425,,1.517375483
1.344006903,,0.750158415,0.375079208,0.575079208,,1.919086111
2.434088252,,0.084139569,0.042069784,0.242069784,,2.676158036
0.639561942,,0.409671576,0.204835788,0.404835788,,1.04439773
0.883998542,,0.369689088,0.184844544,0.384844544,,1.268843086
2.705077232,,0.343922408,0.171961204,0.371961204,,3.077038436
0.622682432,,0.087592998,0.043796499,0.243796499,,0.866478931
1.137619077,,0.622883759,0.311441879,0.511441879,,1.649060956
1.172472781,,0.138290289,0.069145145,0.269145145,,1.441617926
1.130837026,,0.354150223,0.177075112,0.377075112,,1.507912138
2.258341116,,0.429400594,0.214700297,0.414700297,,2.673041413
2.223806477,,0.057438386,0.028719193,0.228719193,,2.45252567
0.49358891,,0.276034002,0.138017001,0.338017001,,0.831605911
1.231009432,,0.938552846,0.469276423,0.669276423,,1.900285855
1.1470348,,0.073019539,0.03650977,0.23650977,,1.38354457
1.637944845,,0.236026127,0.118013063,0.318013063,,1.955957908
0.341088142,,0.834570625,0.417285312,0.617285312,,0.958373454
0.365960374,,0.174374275,0.087187138,0.287187138,,0.653147512
2.669033019,,0.587860396,0.293930198,0.493930198,,3.162963217
1.900135374,,0.763822902,0.381911451,0.581911451,,2.482046825
1.238443994,,0.929009057,0.464504528,0.664504528,,1.902948522
1.356438161,,0.768385567,0.384192783,0.584192783,,1.940630944
1.008452942,,0.05087993,0.025439965,0.225439965,,1.233892907
0.514517858,,0.773815628,0.386907814,0.586907814,,1.101425672
1.453434613,,0.36546767,0.182733835,0.382733835,,1.836168448
2.775360974,,0.381578505,0.190789253,0.390789253,,3.166150227
0.813206348,,0.5964565,0.29822825,0.49822825,,1.311434598
1.013350065,,0.808134457,0.404067229,0.604067229,,1.617417294
1.54703131,,0.022691585,0.011345792,0.211345792,,1.758377102
1.932677323,,0.369842157,0.184921079,0.384921079,,2.317598402
2.033822297,,0.377734319,0.18886716,0.38886716,,2.422689457
2.556101923,,0.032601094,0.016300547,0.216300547,,2.77240247
2.288812477,,0.485293636,0.242646818,0.442646818,,2.731459295
2.258252374,,0.152898089,0.076449045,0.276449045,,2.534701419
4.749621994,,0.467554422,0.233777211,0.433777211,,5.183399205
2.868917555,,0.121452118,0.060726059,0.260726059,,3.129643614
3.83835371,,0.341743425,0.170871712,0.370871712,,4.209225422
1.674334445,,0.786063602,0.393031801,0.593031801,,2.267366246
1.616021523,,0.456298808,0.228149404,0.428149404,,2.044170927
3.119839613,,0.175185231,0.087592616,0.287592616,,3.407432229
1.392018006,,0.57404063,0.287020315,0.487020315,,1.879038321
1.615347703,,0.670713105,0.335356553,0.535356553,,2.150704256
2.463189884,,0.170438855,0.085219427,0.285219427,,2.748409311
2.288801665,,0.321243663,0.160621831,0.360621831,,2.649423496
1.188471632,,0.421242924,0.210621462,0.410621462,,1.599093094
1.702391852,,0.134423281,0.06721164,0.26721164,,1.969603492
2.985530032,,0.538542945,0.269271473,0.469271473,,3.454801505
3.028337,,0.453715934,0.226857967,0.426857967,,3.455194967
0.981802897,,0.868659502,0.434329751,0.634329751,,1.616132648
0.480960219,,0.108511944,0.054255972,0.254255972,,0.735216191
0.548217581,,0.650740887,0.325370444,0.525370444,,1.073588025
1.464218039,,0.96813697,0.484068485,0.684068485,,2.148286524
0.374672239,,0.623073749,0.311536874,0.511536874,,0.886209113
0.670888645,,0.459403105,0.229701552,0.429701552,,1.100590197
0.719598671,,0.798487069,0.399243534,0.599243534,,1.318842205
0.907585239,,0.284874232,0.142437116,0.342437116,,1.250022355
3.083879071,,0.100448591,0.050224296,0.250224296,,3.334103367
1.733010658,,0.35120553,0.175602765,0.375602765,,2.108613423
1.631072568,,0.290348959,0.14517448,0.34517448,,1.976247048
1.714698206,,0.471547736,0.235773868,0.435773868,,2.150472074
0.638456948,,0.84519105,0.422595525,0.622595525,,1.261052473
1.3286086,,0.680880927,0.340440464,0.540440464,,1.869049064
1.890291974,,0.662944744,0.331472372,0.531472372,,2.421764346
1.802478271,,0.917194254,0.458597127,0.658597127,,2.461075398
1.823587955,,0.301604477,0.150802239,0.350802239,,2.174390194
3.083163748,,0.29362981,0.146814905,0.346814905,,3.429978653
2.415996626,,0.636903608,0.318451804,0.518451804,,2.93444843
3.876611465,,0.377283009,0.188641504,0.388641504,,4.265252969
1.553124323,,0.697769918,0.348884959,0.548884959,,2.102009282
0.158757994,,0.546201824,0.273100912,0.473100912,,0.631858906
2.175521239,,0.297417113,0.148708557,0.348708557,,2.524229796
0.581122355,,0.166577283,0.083288642,0.283288642,,0.864410997
2.17263291,,0.32934266,0.16467133,0.36467133,,2.53730424
2.666674252,,0.973340922,0.486670461,0.686670461,,3.353344713
2.853611529,,0.264083954,0.132041977,0.332041977,,3.185653506
1.797481981,,0.918171535,0.459085768,0.659085768,,2.456567749
2.259591077,,0.114362203,0.057181102,0.257181102,,2.516772179
0.77743911,,0.616947586,0.308473793,0.508473793,,1.285912903
1.962243529,,0.02538108,0.01269054,0.21269054,,2.174934069
2.787301077,,0.345171804,0.172585902,0.372585902,,3.159886979
0.581386981,,0.836546433,0.418273216,0.618273216,,1.199660197
2.917691426,,0.192244202,0.096122101,0.296122101,,3.213813527
1.827844587,,0.7304387,0.36521935,0.56521935,,2.393063937
2.01535111,,0.433703997,0.216851998,0.416851998,,2.432203108
0.829723613,,0.878269456,0.439134728,0.639134728,,1.468858341
1.988956535,,0.178330409,0.089165204,0.289165204,,2.278121739
3.117741639,,0.009779836,0.004889918,0.204889918,,3.322631557
1.26715689,,0.375420758,0.187710379,0.387710379,,1.654867269
2.720996961,,0.149354248,0.074677124,0.274677124,,2.995674085
1.434214729,,0.210513143,0.105256571,0.305256571,,1.7394713
0.296098465,,0.478786987,0.239393493,0.439393493,,0.735491958
4.220355503,,0.211598231,0.105799116,0.305799116,,4.526154619
0.430858013,,0.651894705,0.325947353,0.525947353,,0.956805366
1.437531806,,0.894360133,0.447180066,0.647180066,,2.084711872
3.134990368,,0.683684908,0.341842454,0.541842454,,3.676832822
2.580491,,0.612332964,0.306166482,0.506166482,,3.086657482
0.89658809,,0.437382598,0.218691299,0.418691299,,1.315279389
1.720175342,,0.298357695,0.149178848,0.349178848,,2.06935419
1.574556155,,0.779234576,0.389617288,0.589617288,,2.164173443
0.882221716,,0.733704236,0.366852118,0.566852118,,1.449073834
0.762994265,,0.149953108,0.074976554,0.274976554,,1.037970819
2.53584109,,0.53134756,0.26567378,0.46567378,,3.00151487
1.628828129,,0.110321581,0.055160791,0.255160791,,1.88398892
0.780750703,,0.527117811,0.263558905,0.463558905,,1.244309608
1.759182768,,0.335581925,0.167790963,0.367790963,,2.126973731
1.602158303,,0.997607782,0.498803891,0.698803891,,2.300962194
1.034122232,,0.054247737,0.027123869,0.227123869,,1.261246101
1.565512935,,0.210244899,0.105122449,0.305122449,,1.870635384
0.953696252,,0.347526726,0.173763363,0.373763363,,1.327459615
1.939177355,,0.606181488,0.303090744,0.503090744,,2.442268099
2.286427548,,0.679062337,0.339531168,0.539531168,,2.825958716
1.455587135,,0.104022866,0.052011433,0.252011433,,1.707598568
4.773026716,,0.739762429,0.369881215,0.569881215,,5.342907931
3.885256155,,0.389366531,0.194683266,0.394683266,,4.279939421
4.954470665,,0.799097747,0.399548873,0.599548873,,5.554019538
1.938132968,,0.597106,0.298553,0.498553,,2.436685968
3.988836277,,0.99316129,0.496580645,0.696580645,,4.685416922
5.6366442,,0.954233305,0.477116652,0.677116652,,6.313760852
3.432693994,,0.029971882,0.014985941,0.214985941,,3.647679935
2.650421529,,0.498650218,0.249325109,0.449325109,,3.099746638
7.433170742,,0.271104726,0.135552363,0.335552363,,7.768723105
3.144766587,,0.768748343,0.384374171,0.584374171,,3.729140758
4.049029852,,0.316083556,0.158041778,0.358041778,,4.40707163
3.624605484,,0.004035022,0.002017511,0.202017511,,3.826622995
2.808603903,,0.827582671,0.413791335,0.613791335,,3.422395238
3.982323071,,0.611853406,0.305926703,0.505926703,,4.488249774
4.641402574,,0.63472654,0.31736327,0.51736327,,5.158765844
4.869713265,,0.786646151,0.393323075,0.593323075,,5.46303634
2.678392497,,0.878312113,0.439156057,0.639156057,,3.317548554
6.48523249,,0.070795817,0.035397909,0.235397909,,6.720630399
1.553543465,,0.809378432,0.404689216,0.604689216,,2.158232681
6.519602065,,0.694878012,0.347439006,0.547439006,,7.067041071
1.58365731,,0.48179539,0.240897695,0.440897695,,2.024555005
3.933373052,,0.945278117,0.472639058,0.672639058,,4.60601211
4.841342181,,0.386733619,0.19336681,0.39336681,,5.234708991
3.596616129,,0.673731512,0.336865756,0.536865756,,4.133481885
3.835422884,,0.031801679,0.015900839,0.215900839,,4.051323723
2.652220077,,0.974926419,0.487463209,0.687463209,,3.339683286
4.450965258,,0.769045094,0.384522547,0.584522547,,5.035487805
2.019901206,,0.382354382,0.191177191,0.391177191,,2.411078397
4.334649658,,0.156952699,0.07847635,0.27847635,,4.613126008
3.343947465,,0.659025416,0.329512708,0.529512708,,3.873460173
2.780836529,,0.045330108,0.022665054,0.222665054,,3.003501583
1.590331748,,0.951853648,0.475926824,0.675926824,,2.266258572
6.355885329,,0.894492251,0.447246125,0.647246125,,7.003131454
5.049647129,,0.215789452,0.107894726,0.307894726,,5.357541855
6.179689723,,0.510379305,0.255189652,0.455189652,,6.634879375
1.418126871,,0.689833082,0.344916541,0.544916541,,1.963043412
4.106915426,,0.766236615,0.383118308,0.583118308,,4.690033734
3.169024858,,0.609478261,0.304739131,0.504739131,,3.673763989
5.136138187,,0.716502383,0.358251191,0.558251191,,5.694389378
2.294077013,,0.445318041,0.222659021,0.422659021,,2.716736034
3.296865761,,0.716741642,0.358370821,0.558370821,,3.855236582
5.399484206,,0.598954413,0.299477207,0.499477207,,5.898961413
2.116756419,,0.061940968,0.030970484,0.230970484,,2.347726903
4.891392884,,0.118432597,0.059216299,0.259216299,,5.150609183
2.300580632,,0.539171901,0.269585951,0.469585951,,2.770166583
3.940293206,,0.174496202,0.087248101,0.287248101,,4.227541307
7.16095191,,0.027030457,0.013515228,0.213515228,,7.374467138
3.0115344,,0.473090984,0.236545492,0.436545492,,3.448079892
3.859550245,,0.813376533,0.406688266,0.606688266,,4.466238511
2.776526458,,0.342039849,0.171019924,0.371019924,,3.147546382
4.320515935,,0.622289354,0.311144677,0.511144677,,4.831660612
2.176316561,,0.786976473,0.393488236,0.593488236,,2.769804797
5.184775439,,0.913976025,0.456988012,0.656988012,,5.841763451
3.284996884,,0.208559096,0.104279548,0.304279548,,3.589276432
4.569152284,,0.467508818,0.233754409,0.433754409,,5.002906693
3.875608529,,0.355087275,0.177543638,0.377543638,,4.253152167
4.462204148,,0.422967166,0.211483583,0.411483583,,4.873687731
3.431241065,,0.640081587,0.320040793,0.520040793,,3.951281858
2.610083148,,0.31209947,0.156049735,0.356049735,,2.966132883
5.945659161,,0.619466562,0.309733281,0.509733281,,6.455392442
5.616590587,,0.926193023,0.463096512,0.663096512,,6.279687099
2.863980955,,0.202630014,0.101315007,0.301315007,,3.165295962
3.120874877,,0.264015138,0.132007569,0.332007569,,3.452882446
4.180146484,,0.905665763,0.452832881,0.652832881,,4.832979365
2.454479619,,0.923759194,0.461879597,0.661879597,,3.116359216
6.25123429,,0.400822928,0.200411464,0.400411464,,6.651645754
3.970789471,,0.039051606,0.019525803,0.219525803,,4.190315274
3.987330671,,0.809780144,0.404890072,0.604890072,,4.592220743
4.332891135,,0.520247112,0.260123556,0.460123556,,4.793014691
3.195994665,,0.09662335,0.048311675,0.248311675,,3.44430634
4.624105523,,0.772533862,0.386266931,0.586266931,,5.210372454
3.576624206,,0.90969071,0.454845355,0.654845355,,4.231469561
5.106911039,,0.656642792,0.328321396,0.528321396,,5.635232435
5.002590019,,0.844760294,0.422380147,0.622380147,,5.624970166
2.947478645,,0.477581587,0.238790793,0.438790793,,3.386269438
2.660839084,,0.505502595,0.252751297,0.452751297,,3.113590381
2.821959606,,0.579145938,0.289572969,0.489572969,,3.311532575
7.355717329,,0.705780237,0.352890119,0.552890119,,7.908607448
2.723496316,,0.28092957,0.140464785,0.340464785,,3.063961101
2.325026206,,0.504450287,0.252225143,0.452225143,,2.777251349
4.676227684,,0.874257704,0.437128852,0.637128852,,5.313356536
2.37607151,,0.567315291,0.283657645,0.483657645,,2.859729155
3.835781897,,0.818580621,0.409290311,0.609290311,,4.445072208
4.048993852,,0.808652669,0.404326335,0.604326335,,4.653320187
3.278736542,,0.121840037,0.060920019,0.260920019,,3.539656561
3.705580142,,0.144940696,0.072470348,0.272470348,,3.97805049
4.570879019,,0.768890315,0.384445157,0.584445157,,5.155324176
3.027811026,,0.312424405,0.156212202,0.356212202,,3.384023228
5.50430669,,0.082135174,0.041067587,0.241067587,,5.745374277
3.836768703,,0.074334681,0.037167341,0.237167341,,4.073936044
3.586859897,,0.300350593,0.150175296,0.350175296,,3.937035193
4.197769458,,0.541834745,0.270917372,0.470917372,,4.66868683
3.782272832,,0.116752416,0.058376208,0.258376208,,4.04064904
3.832020497,,0.03091833,0.015459165,0.215459165,,4.047479662
4.469158439,,0.856819229,0.428409614,0.628409614,,5.097568053
4.4357984,,0.841191366,0.420595683,0.620595683,,5.056394083
2.969859852,,0.279163039,0.13958152,0.33958152,,3.309441372
4.270181181,,0.520384859,0.26019243,0.46019243,,4.730373611
3.643350594,,0.044039837,0.022019918,0.222019918,,3.865370512
6.584357587,,0.486736947,0.243368473,0.443368473,,7.02772606
2.094844632,,0.430074748,0.215037374,0.415037374,,2.509882006
2.062587897,,0.139969652,0.069984826,0.269984826,,2.332572723
5.645994277,,0.40080889,0.200404445,0.400404445,,6.046398722
4.342092213,,0.139613037,0.069806518,0.269806518,,4.611898731
4.845914419,,0.772058986,0.386029493,0.586029493,,5.431943912
3.83018251,,0.983400782,0.491700391,0.691700391,,4.521882901
4.285759026,,0.794361082,0.397180541,0.597180541,,4.882939567
3.292345394,,0.323215104,0.161607552,0.361607552,,3.653952946
2.282339665,,0.838715028,0.419357514,0.619357514,,2.901697179
5.017762639,,0.300426169,0.150213085,0.350213085,,5.367975724
6.31689931,,0.507761164,0.253880582,0.453880582,,6.770779892
5.904498523,,0.823539469,0.411769734,0.611769734,,6.516268257
3.848257284,,0.25337764,0.12668882,0.32668882,,4.174946104
2.268298703,,0.974730349,0.487365175,0.687365175,,2.955663878
3.170100497,,0.290074764,0.145037382,0.345037382,,3.515137879
5.368351916,,0.033420541,0.016710271,0.216710271,,5.585062187
3.376274174,,0.465186022,0.232593011,0.432593011,,3.808867185
5.612591226,,0.923930199,0.4619651,0.6619651,,6.274556326
1.641703535,,0.374242973,0.187121486,0.387121486,,2.028825021
6.452815735,,0.651018668,0.325509334,0.525509334,,6.978325069
0.535106419,,0.941127754,0.470563877,0.670563877,,1.205670296
7.95247409,,0.991056526,0.495528263,0.695528263,,8.648002353
4.246434071,,0.001143051,0.000571525,0.200571525,,4.447005596
0.392151387,,0.943568018,0.471784009,0.671784009,,1.063935396
4.423233123,,0.960297021,0.48014851,0.68014851,,5.103381633
2.247630697,,0.258557808,0.129278904,0.329278904,,2.576909601
3.847320168,,0.211153413,0.105576706,0.305576706,,4.152896874
3.396847277,,0.196398749,0.098199375,0.298199375,,3.695046652
4.108818761,,0.103938624,0.051969312,0.251969312,,4.360788073
4.077679432,,0.61764048,0.30882024,0.50882024,,4.586499672
3.309513742,,0.418676874,0.209338437,0.409338437,,3.718852179
5.33141651,,0.212011516,0.106005758,0.306005758,,5.637422268
2.018364387,,0.734370606,0.367185303,0.567185303,,2.58554969
4.023492948,,0.007322148,0.003661074,0.203661074,,4.227154022
3.623518071,,0.120065389,0.060032694,0.260032694,,3.883550765
7.444959632,,0.513318784,0.256659392,0.456659392,,7.901619024
3.6442676,,0.937153243,0.468576622,0.668576622,,4.312844222
4.962014697,,0.618785535,0.309392767,0.509392767,,5.471407464
2.805470129,,0.754043403,0.377021702,0.577021702,,3.382491831
2.465190626,,0.538489964,0.269244982,0.469244982,,2.934435608
4.276622381,,0.679462038,0.339731019,0.539731019,,4.8163534
2.870092774,,0.086859215,0.043429608,0.243429608,,3.113522382
4.584344381,,0.304550144,0.152275072,0.352275072,,4.936619453
5.338196729,,0.501109111,0.250554555,0.450554555,,5.788751284
1.945491968,,0.56831716,0.28415858,0.48415858,,2.429650548
4.272234897,,0.850763996,0.425381998,0.625381998,,4.897616895
3.129957342,,0.294744966,0.147372483,0.347372483,,3.477329825
3.953523677,,0.566904111,0.283452055,0.483452055,,4.436975732
1.091282368,,0.002324932,0.001162466,0.201162466,,1.292444834
1.436957213,,0.23746404,0.11873202,0.31873202,,1.755689233
1.479619903,,0.52948537,0.264742685,0.464742685,,1.944362588
2.14254189,,0.18620277,0.093101385,0.293101385,,2.435643275
2.185561161,,0.770084163,0.385042081,0.585042081,,2.770603242
2.187124806,,0.693778583,0.346889291,0.546889291,,2.734014097
2.037741787,,0.562765791,0.281382896,0.481382896,,2.519124683
1.064612045,,0.251838532,0.125919266,0.325919266,,1.390531311
2.429711974,,0.416368156,0.208184078,0.408184078,,2.837896052
2.292913923,,0.411241055,0.205620528,0.405620528,,2.698534451
1.819385058,,0.694973123,0.347486562,0.547486562,,2.36687162
2.817224839,,0.470840973,0.235420486,0.435420486,,3.252645325
2.301863948,,0.992525894,0.496262947,0.696262947,,2.998126895
1.440742942,,0.198953943,0.099476972,0.299476972,,1.740219914
1.685678019,,0.353826446,0.176913223,0.376913223,,2.062591242
2.322730277,,0.441437527,0.220718763,0.420718763,,2.74344904
1.949972787,,0.357498497,0.178749249,0.378749249,,2.328722036
2.108390265,,0.840358728,0.420179364,0.620179364,,2.728569629
2.919540329,,0.436393594,0.218196797,0.418196797,,3.337737126
2.143407155,,0.615600216,0.307800108,0.507800108,,2.651207263
1.494517406,,0.91204215,0.456021075,0.656021075,,2.150538481
0.545194097,,0.22440192,0.11220096,0.31220096,,0.857395057
1.407834839,,0.853694626,0.426847313,0.626847313,,2.034682152
1.601707155,,0.966384858,0.483192429,0.683192429,,2.284899584
2.823672548,,0.80363517,0.401817585,0.601817585,,3.425490133
0.521047548,,0.029570538,0.014785269,0.214785269,,0.735832817
2.270648845,,0.950327329,0.475163665,0.675163665,,2.94581251
0.882175723,,0.551539093,0.275769546,0.475769546,,1.357945269
2.510441348,,0.213532462,0.106766231,0.306766231,,2.817207579
1.866216329,,0.358984138,0.179492069,0.379492069,,2.245708398
1.31837349,,0.503711443,0.251855722,0.451855722,,1.770229212
1.541300523,,0.887667651,0.443833825,0.643833825,,2.185134348
1.807275,,0.853201149,0.426600575,0.626600575,,2.433875575
1.079981639,,0.016953213,0.008476606,0.208476606,,1.288458245
1.629454974,,0.500804396,0.250402198,0.450402198,,2.079857172
0.545813742,,0.929383495,0.464691748,0.664691748,,1.21050549
1.891071484,,0.569832136,0.284916068,0.484916068,,2.375987552
0.586649735,,0.230430951,0.115215476,0.315215476,,0.901865211
0.495702348,,0.896447048,0.448223524,0.648223524,,1.143925872
1.797360613,,0.27166521,0.135832605,0.335832605,,2.133193218
3.536087968,,0.561360168,0.280680084,0.480680084,,4.016768052
2.721941206,,0.550570175,0.275285088,0.475285088,,3.197226294
2.931917271,,0.531341836,0.265670918,0.465670918,,3.397588189
2.384745594,,0.000284443,0.000142221,0.200142221,,2.584887815
0.307723877,,0.156624405,0.078312202,0.278312202,,0.586036079
0.647889852,,0.616322939,0.30816147,0.50816147,,1.156051322
1.048638574,,0.128985393,0.064492696,0.264492696,,1.31313127
1.776154413,,0.117150242,0.058575121,0.258575121,,2.034729534
3.516599787,,0.174932952,0.087466476,0.287466476,,3.804066263
1.651760006,,0.701331895,0.350665948,0.550665948,,2.202425954
1.487873884,,0.95053123,0.475265615,0.675265615,,2.163139499
0.502817465,,0.181311479,0.09065574,0.29065574,,0.793473205
0.463462161,,0.501368281,0.25068414,0.45068414,,0.914146301
1.069336897,,0.527324079,0.263662039,0.463662039,,1.532998936
2.998880439,,0.067189362,0.033594681,0.233594681,,3.23247512
1.000348419,,0.310870033,0.155435016,0.355435016,,1.355783435
3.719075123,,0.655476726,0.327738363,0.527738363,,4.246813486
1.144591026,,0.746107744,0.373053872,0.573053872,,1.717644898
1.457911594,,0.344526747,0.172263373,0.372263373,,1.830174967
2.132000219,,0.354894778,0.177447389,0.377447389,,2.509447608
0.737705768,,0.288237844,0.144118922,0.344118922,,1.08182469
1.545161813,,0.49128469,0.245642345,0.445642345,,1.990804158
2.127774077,,0.940570909,0.470285454,0.670285454,,2.798059531
1.171274,,0.591432199,0.2957161,0.4957161,,1.6669901
1.571509658,,0.974743714,0.487371857,0.687371857,,2.258881515
0.121397955,,0.845136245,0.422568122,0.622568122,,0.743966077
4.900274697,,0.09533652,0.04766826,0.24766826,,5.147942957
2.971385716,,0.756443627,0.378221813,0.578221813,,3.549607529
1.522721761,,0.51955575,0.259777875,0.459777875,,1.982499636
0.744183477,,0.685921425,0.342960712,0.542960712,,1.287144189
2.678576497,,0.229668982,0.114834491,0.314834491,,2.993410988
1.339643445,,0.864668223,0.432334112,0.632334112,,1.971977557
3.707969684,,0.596139796,0.298069898,0.498069898,,4.206039582
1.009531871,,0.551634182,0.275817091,0.475817091,,1.485348962
0.833830206,,0.752985189,0.376492595,0.576492595,,1.410322801
1.350191581,,0.530822759,0.265411379,0.465411379,,1.81560296
2.848392968,,0.23797489,0.118987445,0.318987445,,3.167380413
1.224056368,,0.462206322,0.231103161,0.431103161,,1.655159529
3.042082,,0.060048589,0.030024295,0.230024295,,3.272106295
1.875517819,,0.860714263,0.430357131,0.630357131,,2.50587495
1.623811232,,0.296295978,0.148147989,0.348147989,,1.971959221
2.343051432,,0.842727998,0.421363999,0.621363999,,2.964415431
1.00609991,,0.477553346,0.238776673,0.438776673,,1.444876583
2.073602271,,0.320589898,0.160294949,0.360294949,,2.43389722
0.595562271,,0.308858157,0.154429078,0.354429078,,0.949991349
1.846192148,,0.631880401,0.315940201,0.515940201,,2.362132349
2.562419374,,0.109671839,0.054835919,0.254835919,,2.817255293
0.93029391,,0.879438977,0.439719488,0.639719488,,1.570013398
0.814931219,,0.805503547,0.402751773,0.602751773,,1.417682992
0.901425135,,0.305683496,0.152841748,0.352841748,,1.254266883
3.816448903,,0.916246856,0.458123428,0.658123428,,4.474572331
3.37067511,,0.746406218,0.373203109,0.573203109,,3.943878219
1.130560735,,0.437013606,0.218506803,0.418506803,,1.549067538
0.925602781,,0.37707536,0.18853768,0.38853768,,1.314140461
1.349334716,,0.05551704,0.02775852,0.22775852,,1.577093236
1.735315174,,0.705824825,0.352912412,0.552912412,,2.288227586
1.947891865,,0.151786552,0.075893276,0.275893276,,2.223785141
2.718182077,,0.705006789,0.352503395,0.552503395,,3.270685472
2.055411884,,0.581135734,0.290567867,0.490567867,,2.545979751
1.112532097,,0.478600019,0.23930001,0.43930001,,1.551832107
4.086663258,,0.868093143,0.434046571,0.634046571,,4.720709829
1.128406961,,0.508283283,0.254141641,0.454141641,,1.582548602
1.517740703,,0.549692713,0.274846356,0.474846356,,1.992587059
1.573596148,,0.60190589,0.300952945,0.500952945,,2.074549093
4.098572748,,0.429696727,0.214848363,0.414848363,,4.513421111
1.820978006,,0.382011247,0.191005624,0.391005624,,2.21198363
2.066794032,,0.772736508,0.386368254,0.586368254,,2.653162286
2.891831961,,0.1902928,0.0951464,0.2951464,,3.186978361
2.29519911,,0.973334069,0.486667034,0.686667034,,2.981866144
2.516837045,,0.763812698,0.381906349,0.581906349,,3.098743394
2.96004009,,0.283105214,0.141552607,0.341552607,,3.301592697
1.154906884,,0.823468488,0.411734244,0.611734244,,1.766641128
4.001567735,,0.341024414,0.170512207,0.370512207,,4.372079942
0.753347535,,0.754962159,0.37748108,0.57748108,,1.330828615
1.601637226,,0.669553342,0.334776671,0.534776671,,2.136413897
4.3272768,,0.663855714,0.331927857,0.531927857,,4.859204657
2.662050032,,0.576008145,0.288004073,0.488004073,,3.150054105
4.127533987,,0.017370104,0.008685052,0.208685052,,4.336219039
2.508792303,,0.081456591,0.040728295,0.240728295,,2.749520598
1.909912239,,0.277033983,0.138516991,0.338516991,,2.24842923
0.835156581,,0.480785885,0.240392942,0.440392942,,1.275549523
4.221636374,,0.358488559,0.179244279,0.379244279,,4.600880653
0.98433569,,0.046157744,0.023078872,0.223078872,,1.207414562
2.158069181,,0.171255033,0.085627517,0.285627517,,2.443696698
2.809504994,,0.91008195,0.455040975,0.655040975,,3.464545969
2.250463142,,0.953082726,0.476541363,0.676541363,,2.927004505
2.203544484,,0.459998644,0.229999322,0.429999322,,2.633543806
1.807234439,,0.787807562,0.393903781,0.593903781,,2.40113822
0.323856161,,0.449955765,0.224977883,0.424977883,,0.748834044
3.149416065,,0.681149503,0.340574752,0.540574752,,3.689990817
2.173038574,,0.91676253,0.458381265,0.658381265,,2.831419839
2.482430116,,0.799752371,0.399876186,0.599876186,,3.082306302
2.236297639,,0.979656233,0.489828117,0.689828117,,2.926125756
2.836731658,,0.133721306,0.066860653,0.266860653,,3.103592311
1.426031477,,0.982661811,0.491330905,0.691330905,,2.117362382
4.383543284,,0.627143097,0.313571549,0.513571549,,4.897114833
0.814948329,,0.822555299,0.41127765,0.61127765,,1.426225979
0.579473148,,0.704715852,0.352357926,0.552357926,,1.131831074
1.620140245,,0.446243683,0.223121842,0.423121842,,2.043262087
2.286384284,,0.766765838,0.383382919,0.583382919,,2.869767203
3.796158748,,0.609551002,0.304775501,0.504775501,,4.300934249
0.537089761,,0.865389407,0.432694703,0.632694703,,1.169784464
0.382806329,,0.765268412,0.382634206,0.582634206,,0.965440535
3.039859477,,0.842421108,0.421210554,0.621210554,,3.661070031
1.654050277,,0.334552531,0.167276266,0.367276266,,2.021326543
3.050415903,,0.992277612,0.496138806,0.696138806,,3.746554709
4.281987568,,0.10577852,0.05288926,0.25288926,,4.534876828
1.482398265,,0.992919764,0.496459882,0.696459882,,2.178858147
2.210780219,,0.123690478,0.061845239,0.261845239,,2.472625458
1.092643858,,0.072691799,0.036345899,0.236345899,,1.328989757
2.292201148,,0.162463288,0.081231644,0.281231644,,2.573432792
2.024302239,,0.57776506,0.28888253,0.48888253,,2.513184769
