DATE	NOS11_F	NOS11_M	NOS23_F	NOS23_M	WT_F	WT_M	moon
2025-05-01	2	1	1	5	6	16	0
2025-05-02	3	1	6	2	12	19	0
2025-05-03	1	0	0	2	5	6	0
2025-05-04	1	0	1	2	5	8	0
2025-05-05	4	5	4	2	26	15	0
2025-05-06	6	6	4	3	14	19	0
2025-05-07	0	4	0	0	13	8	0
2025-05-08	1	2	1	0	6	5	0
2025-05-09	1	2	2	0	5	1	1
2025-05-10	0	0	0	0	0	0	1
2025-05-11	0	0	0	0	0	3	1
2025-05-12	0	0	0	0	0	0	1
2025-05-13	0	0	0	0	0	0	1
2025-05-14	0	0	1	0	0	0	1
2025-05-15	0	0	0	0	0	0	1
2025-05-16	0	1	0	0	2	0	0
2025-05-17	3	1	0	0	1	1	0
2025-05-18	1	0	0	0	3	2	0
2025-05-19	2	0	1	0	12	7	0
2025-05-20	0	5	0	2	14	9	0
2025-05-21	9	3	2	4	21	15	0
2025-05-22	3	3	3	0	22	24	0
2025-05-23	3	4	3	3	12	12	0
2025-05-24	4	3	3	0	5	6	0
2025-05-25	3	3	0	0	7	9	0
2025-05-26	4	7	2	0	6	13	0
2025-05-27	5	4	2	1	12	10	0
2025-05-28	6	4	4	4	9	16	0
2025-05-29	1	5	1	3	4	13	0
2025-05-30	2	3	2	2	14	10	0
2025-05-31	1	1	1	1	12	16	0
2025-06-01	1	3	1	0	3	8	0
2025-06-02	4	4	6	3	23	22	0
2025-06-03	4	11	2	4	14	12	0
2025-06-04	1	2	3	2	14	19	0
2025-06-05	4	5	3	0	9	12	0
2025-06-06	3	2	4	1	4	4	0
2025-06-07	1	0	1	0	1	1	0
2025-06-08	3	2	2	0	3	3	1
2025-06-09	2	1	0	0	1	0	1
2025-06-10	0	1	2	0	0	0	1
2025-06-11	1	0	1	2	0	0	1
2025-06-12	0	1	0	0	0	0	1
2025-06-13	1	1	0	0	0	0	1
2025-06-14	1	0	1	0	0	0	1
2025-06-15	1	0	0	0	3	0	0
2025-06-16	3	1	0	0	2	2	0
2025-06-17	3	0	1	0	5	3	0
2025-06-18	7	4	3	0	16	15	0
2025-06-19	9	4	3	0	20	17	0
2025-06-20	8	6	3	1	22	24	0
2025-06-21	6	6	2	5	20	16	0
2025-06-22	5	6	1	0	21	8	0
2025-06-23	6	7	6	7	19	19	0
2025-06-24	7	8	5	4	22	14	0
2025-06-25	3	10	0	2	8	14	0
2025-06-26	7	17	7	1	17	21	0
2025-06-27	3	12	0	3	8	13	0
2025-06-28	1	7	1	6	12	21	0
2025-06-29	5	6	6	2	10	9	0
2025-06-30	13	7	5	5	20	32	0
2025-07-01	14	12	3	4	31	25	0
2025-07-02	12	12	3	8	18	35	0
2025-07-03	5	11	6	6	22	23	0
2025-07-04	7	6	1	3	7	8	0
2025-07-05	4	2	3	0	2	10	0
2025-07-06	0	4	1	2	5	6	0
2025-07-07	4	5	0	0	1	5	1
2025-07-08	3	2	0	1	0	1	1
2025-07-09	1	1	0	0	1	1	1
2025-07-10	0	0	1	0	0	0	1
2025-07-11	0	0	0	0	0	0	1
2025-07-12	2	0	0	0	0	0	1
2025-07-13	0	0	0	0	0	0	1
2025-07-14	0	0	0	0	0	1	0
2025-07-15	2	1	0	0	3	1	0
2025-07-16	6	3	1	0	3	1	0
2025-07-17	6	4	1	1	6	4	0
2025-07-18	5	7	1	0	18	14	0
2025-07-19	3	10	1	3	16	12	0
2025-07-20	4	4	7	2	14	12	0
2025-07-21	16	6	7	14	23	30	0
2025-07-22	4	6	12	8	16	17	0
2025-07-23	8	6	6	5	9	11	0
2025-07-24	6	6	12	20	18	17	0
2025-07-25	3	7	2	10	3	6	0
2025-07-26	5	2	5	5	8	7	0
2025-07-27	4	9	1	3	7	9	0
2025-07-28	6	9	10	9	9	11	0
2025-07-29	6	6	2	4	15	15	0
2025-07-30	6	11	10	8	19	25	0
2025-07-31	9	15	15	14	37	17	0
2025-08-01	7	10	3	9	30	18	0
2025-08-02	4	2	3	0	11	11	0
2025-08-03	4	2	2	4	8	9	0
2025-08-04	8	5	8	9	11	7	0
2025-08-05	3	3	0	1	8	2	0
2025-08-06	2	4	1	4	0	2	1
2025-08-07	0	0	0	0	0	0	1
2025-08-08	0	0	0	0	0	0	1
2025-08-09	0	0	0	0	1	0	1
2025-08-10	0	0	0	0	0	0	1
2025-08-11	0	1	0	0	0	0	1
2025-08-12	0	0	0	0	0	0	1
2025-08-13	1	0	0	0	0	1	0
2025-08-14	1	0	0	0	0	0	0
2025-08-15	1	0	0	0	0	0	0
2025-08-16	1	2	0	1	5	5	0
2025-08-17	2	4	0	0	6	5	0
2025-08-18	6	1	3	1	12	3	0
2025-08-19	3	4	6	4	15	16	0
2025-08-20	3	2	6	4	15	10	0
2025-08-21	10	3	11	6	11	14	0
2025-08-22	3	5	7	10	7	5	0
2025-08-23	5	5	5	4	5	4	0
2025-08-24	3	1	4	3	2	4	0
2025-08-25	13	11	18	12	21	14	0
2025-08-26	2	7	8	6	9	13	0
2025-08-27	16	13	15	9	17	26	0
2025-08-28	11	12	16	11	19	17	0
2025-08-29	6	10	13	13	17	19	0
2025-08-30	4	3	8	10	10	7	0
2025-08-31	2	1	4	2	10	10	0
2025-09-01	8	13	10	8	12	17	0
2025-09-02	9	5	7	5	5	9	0
2025-09-03	6	0	5	4	5	6	0
2025-09-04	3	4	2	3	2	2	1
2025-09-05	0	2	0	0	0	1	1
2025-09-06	0	0	0	3	0	0	1
2025-09-07	0	0	0	0	0	0	1
2025-09-08	1	0	0	1	0	0	1
2025-09-09	0	0	0	0	0	0	1
2025-09-10	0	0	0	0	0	0	1
2025-09-11	2	0	0	1	0	2	0
2025-09-12	1	1	0	0	1	0	0
2025-09-13	3	0	2	0	1	1	0
2025-09-14	1	1	1	2	5	4	0
2025-09-15	6	10	3	0	13	5	0
2025-09-16	5	6	5	3	9	9	0
2025-09-17	7	8	10	5	21	10	0
2025-09-18	9	13	8	6	11	13	0
2025-09-19	13	15	6	8	11	9	0
2025-09-20	3	2	4	5	3	4	0
2025-09-21	4	4	4	1	5	9	0
2025-09-22	14	15	5	5	13	8	0
2025-09-23	11	12	7	6	4	18	0
2025-09-24	9	11	6	3	4	17	0
2025-09-25	16	14	1	5	17	16	0
2025-09-26	6	5	5	3	11	12	0
2025-09-27	5	4	1	2	5	7	0
2025-09-28	4	12	5	3	5	10	0
2025-09-29	5	12	17	7	17	24	0
2025-09-30	5	6	3	3	7	6	0
2025-10-01	4	8	3	1	6	8	0
2025-10-02	1	6	1	5	3	4	0
2025-10-03	2	2	0	1	0	0	0
2025-10-04	2	1	1	2	0	1	1
2025-10-05	0	0	0	0	0	0	1
2025-10-06	0	1	1	0	0	0	1
2025-10-07	1	0	0	0	0	0	1
2025-10-08	0	0	0	0	0	0	1
2025-10-09	1	0	0	1	1	0	1
2025-10-10	1	0	0	0	0	0	1
2025-10-11	0	3	0	0	0	0	0
2025-10-12	0	2	0	0	0	0	0
2025-10-13	1	2	0	0	1	0	0
2025-10-14	4	4	0	0	4	7	0
2025-10-15	7	9	1	1	6	10	0
2025-10-16	6	8	7	4	8	16	0
2025-10-17	10	12	7	10	10	7	0
2025-10-18	9	9	3	3	6	7	0
2025-10-19	7	7	3	2	4	18	0
2025-10-20	12	4	8	5	10	22	0
2025-10-21	17	14	5	3	7	12	0
2025-10-22	6	13	1	3	9	16	0
2025-10-23	3	9	3	5	21	22	0
2025-10-24	6	7	2	1	11	14	0
2025-10-25	6	6	0	3	9	8	0
2025-10-26	4	5	2	4	11	5	0
2025-10-27	8	15	2	10	15	30	0
2025-10-28	18	13	6	2	14	34	0
2025-10-29	9	9	5	6	21	25	0
2025-10-30	9	6	2	6	19	10	0
2025-10-31	9	6	1	1	8	15	0
2025-11-01	3	2	3	2	7	13	0
2025-11-02	2	1	0	0	2	3	1
2025-11-03	2	0	0	2	0	4	1
2025-11-04	1	0	0	0	0	0	1
2025-11-05	0	1	0	0	0	0	1
2025-11-06	0	0	0	0	0	0	1
2025-11-07	0	0	0	0	0	0	1
2025-11-08	0	0	0	0	0	0	1
2025-11-09	0	0	0	0	0	0	0
2025-11-10	6	3	0	0	1	0	0
2025-11-11	0	1	0	0	3	4	0
2025-11-12	8	4	1	1	11	3	0
2025-11-13	5	2	2	2	11	11	0
2025-11-14	4	7	3	3	5	4	0
2025-11-15	5	1	3	3	14	13	0
2025-11-16	6	13	3	3	11	8	0
2025-11-17	13	11	4	4	13	15	0
2025-11-18	6	9	2	2	10	26	0
2025-11-19	6	4	3	3	13	18	0
2025-11-20	5	10	1	1	9	18	0
2025-11-21	11	6	2	2	24	30	0
2025-11-22	2	15	4	4	10	25	0
2025-11-23	8	10	4	4	11	30	0
2025-11-24	10	7	7	7	28	31	0
2025-11-25	5	9	1	1	21	27	0
2025-11-26	13	14	1	1	29	40	0
2025-11-27	3	3	1	1	18	12	0
2025-11-28	8	8	1	1	13	17	0
2025-11-29	0	1	0	0	3	8	0
2025-11-30	3	1	3	3	3	9	0
2025-12-01	2	2	0	1	2	2	0
2025-12-02	1	1	1	0	1	0	1
2025-12-03	0	0	0	0	0	1	1
2025-12-04	0	0	0	0	0	1	1
2025-12-05	0	0	0	0	0	0	1
2025-12-06	0	0	0	0	0	0	1
2025-12-07	0	0	0	0	0	0	1
2025-12-08	3	0	0	0	0	0	1
2025-12-09	7	1	0	0	1	0	0
2025-12-10	2	0	0	0	0	1	0
2025-12-11	14	5	1	0	7	8	0
2025-12-12	7	6	1	0	21	9	0
2025-12-13	5	6	2	1	25	9	0
2025-12-14	5	8	0	2	22	16	0
2025-12-15	8	7	3	0	40	30	0
2025-12-16	6	7	3	2	21	27	0
2025-12-17	7	9	7	7	35	25	0
2025-12-18	4	6	4	5	11	13	0
2025-12-19	8	7	2	8	25	18	0
2025-12-20	1	3	5	3	13	21	0
2025-12-21	6	3	3	2	13	15	0
2025-12-22	6	11	6	7	22	20	0
2025-12-23	2	6	4	5	25	32	0
2025-12-24	1	1	2	3	13	15	0
2025-12-25	11	4	5	1	24	22	0
2025-12-26	6	7	6	2	25	23	0
2025-12-27	0	4	2	4	3	5	0
2025-12-28	0	1	2	1	7	6	0
2025-12-29	6	4	2	3	4	16	0
2025-12-30	5	5	0	1	7	15	0
2025-12-31	0	0	1	1	1	1	1
2026-01-01	2	2	0	2	1	1	1
2026-01-02	0	1	0	0	0	2	1
2026-01-03	1	0	0	0	0	0	1
2026-01-04	0	0	0	0	0	0	1
2026-01-05	1	0	0	0	0	0	1
2026-01-06	0	0	0	0	0	0	1
2026-01-07	1	0	0	0	0	1	0
2026-01-08	1	0	0	0	0	0	0
2026-01-09	2	2	0	0	5	3	0
2026-01-10	1	1	0	0	6	4	0
2026-01-11	5	2	4	1	13	6	0
2026-01-12	9	1	3	3	20	23	0
2026-01-13	5	5	1	2	24	23	0
2026-01-14	9	7	5	4	25	35	0
2026-01-15	6	5	6	2	26	25	0
2026-01-16	3	7	3	4	13	19	0
2026-01-17	1	1	3	3	15	6	0
2026-01-18	4	5	2	0	6	5	0
2026-01-19	4	8	3	3	13	14	0
2026-01-20	6	7	3	3	15	8	0
2026-01-21	2	9	1	2	18	19	0
2026-01-22	3	2	3	2	17	8	0
2026-01-23	2	2	5	1	17	13	0
2026-01-24	4	3	4	1	10	9	0
2026-01-25	1	1	2	2	10	8	0
2026-01-26	3	5	5	3	19	15	0
2026-01-27	3	2	4	7	11	11	0
2026-01-28	7	1	3	1	6	2	0
2026-01-29	1	2	2	0	2	4	1
2026-01-30	1	0	0	0	0	1	1
2026-01-31	1	2	0	0	0	1	1
2026-02-01	0	1	0	1	0	0	1
2026-02-02	1	0	0	0	1	0	1
2026-02-03	0	0	0	0	0	0	1
2026-02-04	0	0	0	0	0	0	1
2026-02-05	0	0	0	0	0	0	0
2026-02-06	0	0	0	0	0	1	0
2026-02-07	1	0	0	0	1	2	0
2026-02-08	0	0	0	0	0	0	0
2026-02-09	3	3	0	0	2	1	0
2026-02-10	2	1	3	0	4	6	0
2026-02-11	2	3	0	0	6	5	0
2026-02-12	3	2	2	3	8	11	0
2026-02-13	3	1	2	1	13	13	0
2026-02-14	0	1	0	0	3	8	0
2026-02-15	0	0	2	1	2	13	0
2026-02-16	6	7	4	7	6	14	0
2026-02-17	1	2	6	3	6	10	0
2026-02-18	1	0	2	1	4	11	0
2026-02-19	4	9	15	11	22	12	0
2026-02-20	6	4	2	3	12	19	0
2026-02-21	2	5	2	1	10	11	0
2026-02-22	1	2	8	3	14	19	0
2026-02-23	6	5	12	5	31	25	0
2026-02-24	2	4	6	6	9	13	0
2026-02-25	5	4	9	7	19	14	0
2026-02-26	1	2	10	4	9	8	0
2026-02-27	0	0	0	0	0	4	0
2026-02-28	1	1	1	2	2	1	1
2026-03-01	0	0	0	1	0	0	1
2026-03-02	0	0	1	1	0	0	1
2026-03-03	0	1	1	0	0	0	1
2026-03-04	0	0	0	0	0	0	1
2026-03-05	1	0	0	0	0	0	1
2026-03-06	0	0	0	0	0	1	1
2026-03-07	0	0	0	0	0	0	0
2026-03-08	0	0	0	0	0	0	0
2026-03-09	7	3	0	0	1	3	0
2026-03-10	9	7	2	5	5	3	0
2026-03-11	1	2	5	1	6	15	0
2026-03-12	10	7	12	2	25	32	0
2026-03-13	1	2	4	12	21	24	0
2026-03-14	5	1	3	3	10	16	0
2026-03-15	1	2	7	4	5	14	0
2026-03-16	6	8	10	6	15	15	0
2026-03-17	1	1	5	6	8	21	0
2026-03-18	9	3	6	7	25	18	0
2026-03-19	3	8	7	10	20	16	0
2026-03-20	0	5	5	7	11	10	0
2026-03-21	1	3	6	2	8	9	0
2026-03-22	3	6	4	3	8	17	0
2026-03-23	4	3	3	3	22	18	0
2026-03-24	3	8	10	15	21	18	0
2026-03-25	2	1	5	4	21	22	0
2026-03-26	2	2	10	5	13	10	0
2026-03-27	1	1	7	8	12	4	0
2026-03-28	1	2	10	3	5	6	0
2026-03-29	2	1	2	3	1	8	0
2026-03-30	1	1	3	4	2	0	1
2026-03-31	0	2	0	0	0	0	1
2026-04-01	0	0	0	0	1	0	1
2026-04-02	0	0	1	1	0	0	1
2026-04-03	0	0	0	0	0	0	1
2026-04-04	0	0	0	0	0	0	1
2026-04-05	0	0	0	0	0	0	1
2026-04-06	0	0	0	0	1	0	0
2026-04-07	0	0	1	0	2	2	0
2026-04-08	4	0	0	0	5	8	0
2026-04-09	1	1	3	1	9	5	0
2026-04-10	1	1	5	4	14	11	0
2026-04-11	2	4	5	9	7	8	0
2026-04-12	3	0	7	2	5	11	0
2026-04-13	5	1	11	4	18	7	0
2026-04-14	0	0	5	10	13	14	0
2026-04-15	1	2	7	6	13	25	0
2026-04-16	2	4	8	9	17	13	0
2026-04-17	3	4	7	8	13	7	0
2026-04-18	1	2	3	0	9	6	0
2026-04-19	1	3	3	3	9	4	0
2026-04-20	3	5	17	9	17	7	0
2026-04-21	2	2	3	4	7	14	0
2026-04-22	3	6	7	5	12	16	0
2026-04-23	4	6	7	13	14	10	0
2026-04-24	2	2	7	2	10	9	0
2026-04-25	1	0	2	4	5	3	0
2026-04-26	1	0	3	1	3	4	0
2026-04-27	3	3	6	10	3	3	0
2026-04-28	0	2	2	1	0	1	1
2026-04-29	0	1	1	1	0	0	1
2026-04-30	0	0	0	2	3	2	1
2026-05-01	0	0	2	2	0	0	1
2026-05-02	0	0	0	0	0	0	1
2026-05-03	0	0	0	0	0	0	1
2026-05-04	0	0	0	0	0	0	1
2026-05-05	0	1	0	0	0	0	0
2026-05-06	0	2	1	0	1	0	0
2026-05-07	3	0	1	0	2	1	0
2026-05-08	3	4	0	0	4	2	0
2026-05-09	3	2	0	0	8	2	0
2026-05-10	1	1	10	3	4	3	0
2026-05-11	3	5	7	4	14	10	0
2026-05-12	5	7	9	9	9	15	0
2026-05-13	4	10	11	8	11	14	0
2026-05-14	3	1	9	6	6	7	0
2026-05-15	3	7	11	9	8	13	0
2026-05-16	2	4	5	4	7	4	0
2026-05-17	1	1	6	1	5	4	0
2026-05-18	4	5	13	11	6	5	0
2026-05-19	1	5	9	3	12	10	0
2026-05-20	11	9	5	6	11	16	0
2026-05-21	11	10	7	11	16	11	0
2026-05-22	3	5	8	14	13	19	0
2026-05-23	3	4	5	5	15	9	0
2026-05-24	2	3	4	11	8	7	0
2026-05-25	6	6	4	8	10	5	0
2026-05-26	5	5	5	12	6	3	0
2026-05-27	1	5	2	5	6	1	0
2026-05-28	1	1	1	1	1	1	1
2026-05-29	1	0	0	2	0	0	1
2026-05-30	0	1	0	0	1	0	1
2026-05-31	0	0	0	0	1	0	1

