genotype,Track ID,X,Y,V,nor_X,nor_V,Frame,condition
NOS,ID09,103.515596,329.2826198,-329.2826198,0,0,0,dark
NOS,ID09,103.416153,329.2538096,-329.2538096,-0.099443,0.0288102,1,dark
NOS,ID09,103.3769803,329.2570318,-329.2570318,-0.1386157,0.025588,2,dark
NOS,ID09,103.50485,329.2590603,-329.2590603,-0.010746,0.0235595,3,dark
NOS,ID09,103.2762187,329.1501988,-329.1501988,-0.2393773,0.132421,4,dark
NOS,ID09,103.3055733,329.2026364,-329.2026364,-0.2100227,0.0799834,5,dark
NOS,ID09,103.3216045,329.0099087,-329.0099087,-0.1939915,0.2727111,6,dark
NOS,ID09,103.2632273,329.0406961,-329.0406961,-0.2523687,0.2419237,7,dark
NOS,ID09,103.0909835,328.8954125,-328.8954125,-0.4246125,0.3872073,8,dark
NOS,ID09,103.0959006,328.81546,-328.81546,-0.4196954,0.4671598,9,dark
NOS,ID09,103.0129043,328.6984151,-328.6984151,-0.5026917,0.5842047,10,dark
NOS,ID09,103.0314584,328.7466062,-328.7466062,-0.4841376,0.5360136,11,dark
NOS,ID09,103.0015096,328.7519717,-328.7519717,-0.5140864,0.5306481,12,dark
NOS,ID09,102.8611362,328.5334705,-328.5334705,-0.6544598,0.7491493,13,dark
NOS,ID09,102.7755033,328.5631374,-328.5631374,-0.7400927,0.7194824,14,dark
NOS,ID09,102.8543172,328.4244538,-328.4244538,-0.6612788,0.858166,15,dark
NOS,ID09,102.7523774,328.3400402,-328.3400402,-0.7632186,0.9425796,16,dark
NOS,ID09,102.7223582,328.2228192,-328.2228192,-0.7932378,1.0598006,17,dark
NOS,ID09,102.5473959,328.0926397,-328.0926397,-0.9682001,1.1899801,18,dark
NOS,ID09,102.6246166,328.2345364,-328.2345364,-0.8909794,1.0480834,19,dark
NOS,ID09,102.5684652,328.1597756,-328.1597756,-0.9471308,1.1228442,20,dark
NOS,ID09,102.451296,328.1563461,-328.1563461,-1.0643,1.1262737,21,dark
NOS,ID09,102.4354073,328.0378787,-328.0378787,-1.0801887,1.2447411,22,dark
NOS,ID09,102.5758937,328.0936854,-328.0936854,-0.9397023,1.1889344,23,dark
NOS,ID09,102.6276607,327.9344799,-327.9344799,-0.8879353,1.3481399,24,dark
NOS,ID09,102.6139437,327.9187162,-327.9187162,-0.9016523,1.3639036,25,dark
NOS,ID09,102.6191077,327.7705656,-327.7705656,-0.8964883,1.5120542,26,dark
NOS,ID09,102.6336771,327.7645848,-327.7645848,-0.8819189,1.518035,27,dark
NOS,ID09,102.5741119,327.6971699,-327.6971699,-0.9414841,1.5854499,28,dark
NOS,ID09,102.6683373,327.7871006,-327.7871006,-0.8472587,1.4955192,29,dark
NOS,ID09,102.6841773,327.6905389,-327.6905389,-0.8314187,1.5920809,30,dark
NOS,ID09,102.6608326,327.5264127,-327.5264127,-0.8547634,1.7562071,31,dark
NOS,ID09,102.580516,327.4841715,-327.4841715,-0.93508,1.7984483,32,dark
NOS,ID09,102.6608871,327.4100883,-327.4100883,-0.8547089,1.8725315,33,dark
NOS,ID09,102.7629422,327.3026323,-327.3026323,-0.7526538,1.9799875,34,dark
NOS,ID09,102.7977932,327.2759918,-327.2759918,-0.7178028,2.006628,35,dark
NOS,ID09,102.7011481,327.2880503,-327.2880503,-0.8144479,1.9945695,36,dark
NOS,ID09,102.8697147,327.1818683,-327.1818683,-0.6458813,2.1007515,37,dark
NOS,ID09,102.8070525,327.2061206,-327.2061206,-0.7085435,2.0764992,38,dark
NOS,ID09,103.0194317,327.1764096,-327.1764096,-0.4961643,2.1062102,39,dark
NOS,ID09,102.9093831,327.1052586,-327.1052586,-0.6062129,2.1773612,40,dark
NOS,ID09,102.8770153,326.9573526,-326.9573526,-0.6385807,2.3252672,41,dark
NOS,ID09,102.8605443,327.0246172,-327.0246172,-0.6550517,2.2580026,42,dark
NOS,ID09,102.9792622,326.9245271,-326.9245271,-0.5363338,2.3580927,43,dark
NOS,ID09,102.9498754,326.8754119,-326.8754119,-0.5657206,2.4072079,44,dark
NOS,ID09,102.9851662,326.9737355,-326.9737355,-0.5304298,2.3088843,45,dark
NOS,ID09,102.9766426,326.8003582,-326.8003582,-0.5389534,2.4822616,46,dark
NOS,ID09,102.9875098,326.9592283,-326.9592283,-0.5280862,2.3233915,47,dark
NOS,ID09,103.0541322,327.01649,-327.01649,-0.4614638,2.2661298,48,dark
NOS,ID09,103.1851472,327.1149092,-327.1149092,-0.3304488,2.1677106,49,dark
NOS,ID09,103.3780492,327.1378716,-327.1378716,-0.1375468,2.1447482,50,dark
NOS,ID09,103.5706931,327.2011024,-327.2011024,0.0550971,2.0815174,51,dark
NOS,ID09,103.5669508,327.3758188,-327.3758188,0.0513548,1.906801,52,dark
NOS,ID09,103.9700024,327.5396329,-327.5396329,0.4544064,1.7429869,53,dark
NOS,ID09,104.129532,327.7211681,-327.7211681,0.613936,1.5614517,54,dark
NOS,ID09,104.4149855,327.9017142,-327.9017142,0.8993895,1.3809056,55,dark
NOS,ID09,104.7002502,328.0170383,-328.0170383,1.1846542,1.2655815,56,dark
NOS,ID09,104.9288907,328.2327947,-328.2327947,1.4132947,1.0498251,57,dark
NOS,ID09,105.1678742,328.569032,-328.569032,1.6522782,0.7135878,58,dark
NOS,ID09,105.4936445,328.7157995,-328.7157995,1.9780485,0.5668203,59,dark
NOS,ID09,105.7330002,329.0312279,-329.0312279,2.2174042,0.2513919,60,dark
NOS,ID09,105.9794102,329.2529824,-329.2529824,2.4638142,0.0296374,61,dark
NOS,ID09,106.1687273,329.5966664,-329.5966664,2.6531313,-0.3140466,62,dark
NOS,ID09,106.5139922,329.845197,-329.845197,2.9983962,-0.5625772,63,dark
NOS,ID09,106.6746527,330.0456711,-330.0456711,3.1590567,-0.7630513,64,dark
NOS,ID09,106.9982108,330.4000771,-330.4000771,3.4826148,-1.1174573,65,dark
NOS,ID09,107.2161414,330.7356789,-330.7356789,3.7005454,-1.4530591,66,dark
NOS,ID09,107.5443948,331.0621211,-331.0621211,4.0287988,-1.7795013,67,dark
NOS,ID09,107.8083751,331.239237,-331.239237,4.2927791,-1.9566172,68,dark
NOS,ID09,108.0102376,331.6019666,-331.6019666,4.4946416,-2.3193468,69,dark
NOS,ID09,108.2192432,331.7268107,-331.7268107,4.7036472,-2.4441909,70,dark
NOS,ID09,108.3246281,331.9555761,-331.9555761,4.8090321,-2.6729563,71,dark
NOS,ID09,108.5904153,332.2747669,-332.2747669,5.0748193,-2.9921471,72,dark
NOS,ID09,108.9474273,332.4446188,-332.4446188,5.4318313,-3.161999,73,dark
NOS,ID09,109.056439,332.7007106,-332.7007106,5.540843,-3.4180908,74,dark
NOS,ID09,109.2368551,332.9266439,-332.9266439,5.7212591,-3.6440241,75,dark
NOS,ID09,109.5320984,333.1048394,-333.1048394,6.0165024,-3.8222196,76,dark
NOS,ID09,109.6516392,333.3821697,-333.3821697,6.1360432,-4.0995499,77,dark
NOS,ID09,109.8619522,333.5731717,-333.5731717,6.3463562,-4.2905519,78,dark
NOS,ID09,110.1144317,333.7858736,-333.7858736,6.5988357,-4.5032538,79,dark
NOS,ID09,110.2683245,333.9866249,-333.9866249,6.7527285,-4.7040051,80,dark
NOS,ID09,110.4981959,334.3413204,-334.3413204,6.9825999,-5.0587006,81,dark
NOS,ID09,110.7177251,334.3852224,-334.3852224,7.2021291,-5.1026026,82,dark
NOS,ID09,110.9422667,334.7432659,-334.7432659,7.4266707,-5.4606461,83,dark
NOS,ID09,111.1053673,334.816341,-334.816341,7.5897713,-5.5337212,84,dark
NOS,ID09,111.3592359,335.0307603,-335.0307603,7.8436399,-5.7481405,85,dark
NOS,ID09,111.6017465,335.2767318,-335.2767318,8.0861505,-5.994112,86,dark
NOS,ID09,111.7969233,335.4321642,-335.4321642,8.2813273,-6.1495444,87,dark
NOS,ID09,111.9806474,335.597869,-335.597869,8.4650514,-6.3152492,88,dark
NOS,ID09,112.2526126,335.7353877,-335.7353877,8.7370166,-6.4527679,89,dark
NOS,ID09,112.3624867,335.8982265,-335.8982265,8.8468907,-6.6156067,90,dark
NOS,ID09,112.6758201,336.0884244,-336.0884244,9.1602241,-6.8058046,91,dark
NOS,ID09,112.9190613,336.1987909,-336.1987909,9.4034653,-6.9161711,92,dark
NOS,ID09,113.2094374,336.2712652,-336.2712652,9.6938414,-6.9886454,93,dark
NOS,ID09,113.3360997,336.4459601,-336.4459601,9.8205037,-7.1633403,94,dark
NOS,ID09,113.5579748,336.5255346,-336.5255346,10.0423788,-7.2429148,95,dark
NOS,ID09,113.7784219,336.7031403,-336.7031403,10.2628259,-7.4205205,96,dark
NOS,ID09,114.0040042,336.7331222,-336.7331222,10.4884082,-7.4505024,97,dark
NOS,ID09,114.0978035,336.8416366,-336.8416366,10.5822075,-7.5590168,98,dark
NOS,ID09,114.27648,336.9148686,-336.9148686,10.760884,-7.6322488,99,dark
NOS,ID09,114.5597843,336.9778519,-336.9778519,11.0441883,-7.6952321,100,dark
NOS,ID09,114.9029888,337.0582576,-337.0582576,11.3873928,-7.7756378,101,dark
NOS,ID09,114.9437829,337.0999678,-337.0999678,11.4281869,-7.817348,102,dark
NOS,ID09,115.1200618,337.0794491,-337.0794491,11.6044658,-7.7968293,103,dark
NOS,ID09,115.2387278,337.311515,-337.311515,11.7231318,-8.0288952,104,dark
NOS,ID09,115.352667,337.2144571,-337.2144571,11.837071,-7.9318373,105,dark
NOS,ID09,115.5862269,337.1148532,-337.1148532,12.0706309,-7.8322334,106,dark
NOS,ID09,115.482932,337.4667555,-337.4667555,11.967336,-8.1841357,107,dark
NOS,ID09,115.7803504,337.1226991,-337.1226991,12.2647544,-7.8400793,108,dark
NOS,ID09,115.9600219,337.3321521,-337.3321521,12.4444259,-8.0495323,109,dark
NOS,ID09,116.1831241,337.2195658,-337.2195658,12.6675281,-7.936946,110,dark
NOS,ID09,116.1264728,337.2890863,-337.2890863,12.6108768,-8.0064665,111,dark
NOS,ID09,116.2409923,337.2984696,-337.2984696,12.7253963,-8.0158498,112,dark
NOS,ID09,116.417199,337.2268751,-337.2268751,12.901603,-7.9442553,113,dark
NOS,ID09,116.2483619,337.2358335,-337.2358335,12.7327659,-7.9532137,114,dark
NOS,ID09,116.5397874,337.1171926,-337.1171926,13.0241914,-7.8345728,115,dark
NOS,ID09,116.6316713,337.2483781,-337.2483781,13.1160753,-7.9657583,116,dark
NOS,ID09,116.4786459,337.3129837,-337.3129837,12.9630499,-8.0303639,117,dark
NOS,ID09,116.6995395,337.2319081,-337.2319081,13.1839435,-7.9492883,118,dark
NOS,ID09,116.665113,337.2757223,-337.2757223,13.149517,-7.9931025,119,dark
NOS,ID09,116.5699096,336.9489707,-336.9489707,13.0543136,-7.6663509,120,dark
NOS,ID09,116.6657673,337.117471,-337.117471,13.1501713,-7.8348512,121,dark
NOS,ID09,116.86252,337.2498403,-337.2498403,13.346924,-7.9672205,122,dark
NOS,ID09,116.7690575,337.1437934,-337.1437934,13.2534615,-7.8611736,123,dark
NOS,ID09,116.9528804,337.2631227,-337.2631227,13.4372844,-7.9805029,124,dark
NOS,ID09,116.8815985,337.1637249,-337.1637249,13.3660025,-7.8811051,125,dark
NOS,ID09,117.0358365,337.2053099,-337.2053099,13.5202405,-7.9226901,126,dark
NOS,ID09,116.9549671,337.0527626,-337.0527626,13.4393711,-7.7701428,127,dark
NOS,ID09,117.0686397,337.076731,-337.076731,13.5530437,-7.7941112,128,dark
NOS,ID09,117.2958434,337.2842316,-337.2842316,13.7802474,-8.0016118,129,dark
NOS,ID09,117.1211332,337.1196309,-337.1196309,13.6055372,-7.8370111,130,dark
NOS,ID09,117.3771922,337.1311843,-337.1311843,13.8615962,-7.8485645,131,dark
NOS,ID09,117.4117246,337.1939585,-337.1939585,13.8961286,-7.9113387,132,dark
NOS,ID09,117.4462569,337.2567327,-337.2567327,13.9306609,-7.9741129,133,dark
NOS,ID09,117.7688562,337.2488625,-337.2488625,14.2532602,-7.9662427,134,dark
NOS,ID09,117.8211704,337.2153042,-337.2153042,14.3055744,-7.9326844,135,dark
NOS,ID09,117.7967369,337.0844787,-337.0844787,14.2811409,-7.8018589,136,dark
NOS,ID09,118.0397018,337.2765941,-337.2765941,14.5241058,-7.9939743,137,dark
NOS,ID09,118.0169342,337.0879967,-337.0879967,14.5013382,-7.8053769,138,dark
NOS,ID09,118.2842207,337.238297,-337.238297,14.7686247,-7.9556772,139,dark
NOS,ID09,118.0051995,337.1827148,-337.1827148,14.4896035,-7.900095,140,dark
NOS,ID09,118.2394793,337.0485248,-337.0485248,14.7238833,-7.765905,141,dark
NOS,ID09,118.3489887,337.0434275,-337.0434275,14.8333927,-7.7608077,142,dark
NOS,ID09,118.4584981,337.0383301,-337.0383301,14.9429021,-7.7557103,143,dark
NOS,ID09,118.6299063,337.2136022,-337.2136022,15.1143103,-7.9309824,144,dark
NOS,ID09,118.4986837,337.0071406,-337.0071406,14.9830877,-7.7245208,145,dark
NOS,ID09,118.676056,336.9680211,-336.9680211,15.16046,-7.6854013,146,dark
NOS,ID09,118.6891048,337.0357539,-337.0357539,15.1735088,-7.7531341,147,dark
NOS,ID09,118.7461433,337.0798956,-337.0798956,15.2305473,-7.7972758,148,dark
NOS,ID09,118.8503854,337.1649085,-337.1649085,15.3347894,-7.8822887,149,dark
NOS,ID09,118.9635657,336.9866844,-336.9866844,15.4479697,-7.7040646,150,dark
NOS,ID09,118.9278057,337.0017532,-337.0017532,15.4122097,-7.7191334,151,dark
NOS,ID09,119.2475958,337.087598,-337.087598,15.7319998,-7.8049782,152,dark
NOS,ID09,119.0945661,336.9273758,-336.9273758,15.5789701,-7.644756,153,dark
NOS,ID09,119.1518105,336.8643956,-336.8643956,15.6362145,-7.5817758,154,dark
NOS,ID09,119.1313334,336.8779945,-336.8779945,15.6157374,-7.5953747,155,dark
NOS,ID09,119.1445432,336.7191194,-336.7191194,15.6289472,-7.4364996,156,dark
NOS,ID09,119.3435068,336.9004345,-336.9004345,15.8279108,-7.6178147,157,dark
NOS,ID09,119.4538385,336.7299563,-336.7299563,15.9382425,-7.4473365,158,dark
NOS,ID09,119.5245876,336.7419044,-336.7419044,16.0089916,-7.4592846,159,dark
NOS,ID09,119.5953367,336.7538525,-336.7538525,16.0797407,-7.4712327,160,dark
NOS,ID09,119.3625588,336.4173596,-336.4173596,15.8469628,-7.1347398,161,dark
NOS,ID09,119.5151977,336.7442057,-336.7442057,15.9996017,-7.4615859,162,dark
NOS,ID09,119.6337412,336.5922305,-336.5922305,16.1181452,-7.3096107,163,dark
NOS,ID09,119.565061,336.4805409,-336.4805409,16.049465,-7.1979211,164,dark
NOS,ID09,119.5317664,336.3911585,-336.3911585,16.0161704,-7.1085387,165,dark
NOS,ID09,119.4944331,336.3983086,-336.3983086,15.9788371,-7.1156888,166,dark
NOS,ID09,119.4194611,336.1791054,-336.1791054,15.9038651,-6.8964856,167,dark
NOS,ID09,119.3283078,336.0970697,-336.0970697,15.8127118,-6.8144499,168,dark
NOS,ID09,119.3473415,336.1009232,-336.1009232,15.8317455,-6.8183034,169,dark
NOS,ID09,119.1837037,335.9052538,-335.9052538,15.6681077,-6.622634,170,dark
NOS,ID09,119.3583752,335.840346,-335.840346,15.8427792,-6.5577262,171,dark
NOS,ID09,119.2006181,335.7535098,-335.7535098,15.6850221,-6.47089,172,dark
NOS,ID09,119.121659,335.8319443,-335.8319443,15.606063,-6.5493245,173,dark
NOS,ID09,118.9004568,335.6267456,-335.6267456,15.3848608,-6.3441258,174,dark
NOS,ID09,118.9372491,335.5693062,-335.5693062,15.4216531,-6.2866864,175,dark
NOS,ID09,118.9221005,335.3854358,-335.3854358,15.4065045,-6.102816,176,dark
NOS,ID09,118.7486349,335.6872691,-335.6872691,15.2330389,-6.4046493,177,dark
NOS,ID09,118.4819462,335.3366121,-335.3366121,14.9663502,-6.0539923,178,dark
NOS,ID09,118.573521,335.3448233,-335.3448233,15.057925,-6.0622035,179,dark
NOS,ID09,118.3094176,335.0420128,-335.0420128,14.7938216,-5.759393,180,dark
NOS,ID09,118.2875493,335.1248444,-335.1248444,14.7719533,-5.8422246,181,dark
NOS,ID09,118.21817,335.1394829,-335.1394829,14.702574,-5.8568631,182,dark
NOS,ID09,118.1171898,335.0754298,-335.0754298,14.6015938,-5.79281,183,dark
NOS,ID09,117.982975,334.9312377,-334.9312377,14.467379,-5.6486179,184,dark
NOS,ID09,117.863732,334.9238976,-334.9238976,14.348136,-5.6412778,185,dark
NOS,ID09,117.6246334,334.8031509,-334.8031509,14.1090374,-5.5205311,186,dark
NOS,ID09,117.4765957,334.7458174,-334.7458174,13.9609997,-5.4631976,187,dark
NOS,ID09,117.1792426,334.7591264,-334.7591264,13.6636466,-5.4765066,188,dark
NOS,ID09,117.1224939,334.7677766,-334.7677766,13.6068979,-5.4851568,189,dark
NOS,ID09,116.8990704,334.7140376,-334.7140376,13.3834744,-5.4314178,190,dark
NOS,ID09,116.7093525,334.6545033,-334.6545033,13.1937565,-5.3718835,191,dark
NOS,ID09,116.5723084,334.5249997,-334.5249997,13.0567124,-5.2423799,192,dark
NOS,ID09,116.1672841,334.4417724,-334.4417724,12.6516881,-5.1591526,193,dark
NOS,ID09,116.2985847,334.503965,-334.503965,12.7829887,-5.2213452,194,dark
NOS,ID09,115.9773295,334.3843351,-334.3843351,12.4617335,-5.1017153,195,dark
NOS,ID09,115.8002833,334.4426312,-334.4426312,12.2846873,-5.1600114,196,dark
NOS,ID09,115.5385394,334.3785136,-334.3785136,12.0229434,-5.0958938,197,dark
NOS,ID09,115.2487203,334.2142369,-334.2142369,11.7331243,-4.9316171,198,dark
NOS,ID09,115.1566572,334.1811788,-334.1811788,11.6410612,-4.898559,199,dark
NOS,ID09,114.9405559,334.0864808,-334.0864808,11.4249599,-4.803861,200,dark
NOS,ID09,114.727544,334.0819016,-334.0819016,11.211948,-4.7992818,201,dark
NOS,ID09,114.5615415,334.1188009,-334.1188009,11.0459455,-4.8361811,202,dark
NOS,ID09,114.4309687,333.955374,-333.955374,10.9153727,-4.6727542,203,dark
NOS,ID09,114.2189765,333.9190761,-333.9190761,10.7033805,-4.6364563,204,dark
NOS,ID09,113.9983637,333.9512721,-333.9512721,10.4827677,-4.6686523,205,dark
NOS,ID09,113.9324073,333.9011808,-333.9011808,10.4168113,-4.618561,206,dark
NOS,ID09,113.7017674,333.8129181,-333.8129181,10.1861714,-4.5302983,207,dark
NOS,ID09,113.4630748,333.9031886,-333.9031886,9.9474788,-4.6205688,208,dark
NOS,ID09,113.213332,333.8335908,-333.8335908,9.697736,-4.550971,209,dark
NOS,ID09,113.1576156,333.7613269,-333.7613269,9.6420196,-4.4787071,210,dark
NOS,ID09,112.9803852,333.8007432,-333.8007432,9.4647892,-4.5181234,211,dark
NOS,ID09,112.799038,333.7709951,-333.7709951,9.283442,-4.4883753,212,dark
NOS,ID09,112.6011718,333.8203205,-333.8203205,9.0855758,-4.5377007,213,dark
NOS,ID09,112.4525792,333.8113979,-333.8113979,8.9369832,-4.5287781,214,dark
NOS,ID09,112.2417442,333.8159758,-333.8159758,8.7261482,-4.533356,215,dark
NOS,ID09,112.1328442,333.7146685,-333.7146685,8.6172482,-4.4320487,216,dark
NOS,ID09,111.9955734,333.8371273,-333.8371273,8.4799774,-4.5545075,217,dark
NOS,ID09,111.7960141,333.7818319,-333.7818319,8.2804181,-4.4992121,218,dark
NOS,ID09,111.5271866,333.7731031,-333.7731031,8.0115906,-4.4904833,219,dark
NOS,ID09,111.3681799,333.7405002,-333.7405002,7.8525839,-4.4578804,220,dark
NOS,ID09,111.1683279,333.7713077,-333.7713077,7.6527319,-4.4886879,221,dark
NOS,ID09,111.0372589,333.8872519,-333.8872519,7.5216629,-4.6046321,222,dark
NOS,ID09,110.9219522,333.8552099,-333.8552099,7.4063562,-4.5725901,223,dark
NOS,ID09,110.7116545,333.8241935,-333.8241935,7.1960585,-4.5415737,224,dark
NOS,ID09,110.5731258,333.9289818,-333.9289818,7.0575298,-4.646362,225,dark
NOS,ID09,110.386305,333.8682797,-333.8682797,6.870709,-4.5856599,226,dark
NOS,ID09,110.2729188,333.9133148,-333.9133148,6.7573228,-4.630695,227,dark
NOS,ID09,110.0830624,333.9083394,-333.9083394,6.5674664,-4.6257196,228,dark
NOS,ID09,109.9600368,333.9830079,-333.9830079,6.4444408,-4.7003881,229,dark
NOS,ID09,109.9133987,333.915524,-333.915524,6.3978027,-4.6329042,230,dark
NOS,ID09,109.7347421,333.8412143,-333.8412143,6.2191461,-4.5585945,231,dark
NOS,ID09,109.5447388,333.837767,-333.837767,6.0291428,-4.5551472,232,dark
NOS,ID09,109.5768441,333.898014,-333.898014,6.0612481,-4.6153942,233,dark
NOS,ID09,109.3081976,333.9403126,-333.9403126,5.7926016,-4.6576928,234,dark
NOS,ID09,109.2792988,333.9608038,-333.9608038,5.7637028,-4.678184,235,dark
NOS,ID09,109.2232281,334.0417657,-334.0417657,5.7076321,-4.7591459,236,dark
NOS,ID09,109.0832281,334.0838556,-334.0838556,5.5676321,-4.8012358,237,dark
NOS,ID09,108.9944526,334.0771036,-334.0771036,5.4788566,-4.7944838,238,dark
NOS,ID09,108.9362253,334.0165692,-334.0165692,5.4206293,-4.7339494,239,dark
NOS,ID09,108.8073074,334.1330224,-334.1330224,5.2917114,-4.8504026,240,dark
NOS,ID09,108.7686369,334.1339783,-334.1339783,5.2530409,-4.8513585,241,dark
NOS,ID09,108.7480761,334.1494756,-334.1494756,5.2324801,-4.8668558,242,dark
NOS,ID09,108.6322489,334.1570624,-334.1570624,5.1166529,-4.8744426,243,dark
NOS,ID09,108.679014,334.1004434,-334.1004434,5.163418,-4.8178236,244,dark
NOS,ID09,108.5037938,334.1844694,-334.1844694,4.9881978,-4.9018496,245,dark
NOS,ID09,108.5146039,334.2051001,-334.2051001,4.9990079,-4.9224803,246,dark
NOS,ID09,108.4822354,334.4235723,-334.4235723,4.9666394,-5.1409525,247,dark
NOS,ID09,108.4170354,334.4216051,-334.4216051,4.9014394,-5.1389853,248,dark
NOS,ID09,108.520571,334.4519238,-334.4519238,5.004975,-5.169304,249,dark
NOS,ID09,108.3976151,334.4089346,-334.4089346,4.8820191,-5.1263148,250,dark
NOS,ID09,108.3805514,334.4676009,-334.4676009,4.8649554,-5.1849811,251,dark
NOS,ID09,108.3913247,334.5695326,-334.5695326,4.8757287,-5.2869128,252,dark
NOS,ID09,108.4748937,334.5221351,-334.5221351,4.9592977,-5.2395153,253,dark
NOS,ID09,108.4341814,334.6205848,-334.6205848,4.9185854,-5.337965,254,dark
NOS,ID09,108.4153424,334.572932,-334.572932,4.8997464,-5.2903122,255,dark
NOS,ID09,108.4501537,334.707092,-334.707092,4.9345577,-5.4244722,256,dark
NOS,ID09,108.5045662,334.7234909,-334.7234909,4.9889702,-5.4408711,257,dark
NOS,ID09,108.505695,334.7969056,-334.7969056,4.990099,-5.5142858,258,dark
NOS,ID09,108.5551441,334.794224,-334.794224,5.0395481,-5.5116042,259,dark
NOS,ID09,108.6202106,334.8343627,-334.8343627,5.1046146,-5.5517429,260,dark
NOS,ID09,108.6817068,334.9560448,-334.9560448,5.1661108,-5.673425,261,dark
NOS,ID09,108.7938691,334.9620989,-334.9620989,5.2782731,-5.6794791,262,dark
NOS,ID09,108.863525,335.0186786,-335.0186786,5.347929,-5.7360588,263,dark
NOS,ID09,108.9143631,335.05512,-335.05512,5.3987671,-5.7725002,264,dark
NOS,ID09,109.0594366,335.1934102,-335.1934102,5.5438406,-5.9107904,265,dark
NOS,ID09,109.1386053,335.2273409,-335.2273409,5.6230093,-5.9447211,266,dark
NOS,ID09,109.2338059,335.2963591,-335.2963591,5.7182099,-6.0137393,267,dark
NOS,ID09,109.3805138,335.3023985,-335.3023985,5.8649178,-6.0197787,268,dark
NOS,ID09,109.4973554,335.5409915,-335.5409915,5.9817594,-6.2583717,269,dark
NOS,ID09,109.7048445,335.4937614,-335.4937614,6.1892485,-6.2111416,270,dark
NOS,ID09,109.8908781,335.7056546,-335.7056546,6.3752821,-6.4230348,271,dark
NOS,ID09,110.0781556,335.8522699,-335.8522699,6.5625596,-6.5696501,272,dark
NOS,ID09,110.23516,336.0197429,-336.0197429,6.719564,-6.7371231,273,dark
NOS,ID09,110.5537803,336.1277958,-336.1277958,7.0381843,-6.845176,274,dark
NOS,ID09,110.7510045,336.4423411,-336.4423411,7.2354085,-7.1597213,275,dark
NOS,ID09,110.9824074,336.6220494,-336.6220494,7.4668114,-7.3394296,276,dark
NOS,ID09,111.1736893,336.8968592,-336.8968592,7.6580933,-7.6142394,277,dark
NOS,ID09,111.3560217,337.2206524,-337.2206524,7.8404257,-7.9380326,278,dark
NOS,ID09,111.5822481,337.4528467,-337.4528467,8.0666521,-8.1702269,279,dark
NOS,ID09,111.8235933,337.744152,-337.744152,8.3079973,-8.4615322,280,dark
NOS,ID09,111.9969364,338.009081,-338.009081,8.4813404,-8.7264612,281,dark
NOS,ID09,112.2115811,338.2822675,-338.2822675,8.6959851,-8.9996477,282,dark
NOS,ID09,112.3639967,338.5958556,-338.5958556,8.8484007,-9.3132358,283,dark
NOS,ID09,112.5774564,338.9536559,-338.9536559,9.0618604,-9.6710361,284,dark
NOS,ID09,112.6228578,339.1787604,-339.1787604,9.1072618,-9.8961406,285,dark
NOS,ID09,112.7663748,339.4295774,-339.4295774,9.2507788,-10.1469576,286,dark
NOS,ID09,112.9699059,339.7849232,-339.7849232,9.4543099,-10.5023034,287,dark
NOS,ID09,113.1621018,340.0547348,-340.0547348,9.6465058,-10.772115,288,dark
NOS,ID09,113.3923075,340.3206365,-340.3206365,9.8767115,-11.0380167,289,dark
NOS,ID09,113.4053372,340.5707382,-340.5707382,9.8897412,-11.2881184,290,dark
NOS,ID09,113.5640487,340.788071,-340.788071,10.0484527,-11.5054512,291,dark
NOS,ID09,113.7435349,341.1824239,-341.1824239,10.2279389,-11.8998041,292,dark
NOS,ID09,113.8989202,341.3314597,-341.3314597,10.3833242,-12.0488399,293,dark
NOS,ID09,113.9915708,341.609547,-341.609547,10.4759748,-12.3269272,294,dark
NOS,ID09,114.2017353,341.8385871,-341.8385871,10.6861393,-12.5559673,295,dark
NOS,ID09,114.2548558,342.0979058,-342.0979058,10.7392598,-12.815286,296,dark
NOS,ID09,114.4905975,342.4884277,-342.4884277,10.9750015,-13.2058079,297,dark
NOS,ID09,114.5345539,342.6764367,-342.6764367,11.0189579,-13.3938169,298,dark
NOS,ID09,114.6816427,342.9494105,-342.9494105,11.1660467,-13.6667907,299,dark
NOS,ID09,114.8105997,343.1924931,-343.1924931,11.2950037,-13.9098733,300,UV
NOS,ID09,114.9249557,343.519807,-343.519807,11.4093597,-14.2371872,301,UV
NOS,ID09,115.0585542,343.7479892,-343.7479892,11.5429582,-14.4653694,302,UV
NOS,ID09,115.1094499,343.934618,-343.934618,11.5938539,-14.6519982,303,UV
NOS,ID09,115.2697517,344.3318883,-344.3318883,11.7541557,-15.0492685,304,UV
NOS,ID09,115.4139473,344.403769,-344.403769,11.8983513,-15.1211492,305,UV
NOS,ID09,115.5185533,344.6046312,-344.6046312,12.0029573,-15.3220114,306,UV
NOS,ID09,115.5229515,344.5910338,-344.5910338,12.0073555,-15.308414,307,UV
NOS,ID09,115.661366,344.8766992,-344.8766992,12.14577,-15.5940794,308,UV
NOS,ID09,115.72705,345.0081205,-345.0081205,12.211454,-15.7255007,309,UV
NOS,ID09,115.9582536,345.2851238,-345.2851238,12.4426576,-16.002504,310,UV
NOS,ID09,116.0269994,345.3218676,-345.3218676,12.5114034,-16.0392478,311,UV
NOS,ID09,115.9991983,345.299736,-345.299736,12.4836023,-16.0171162,312,UV
NOS,ID09,116.11922,345.6319057,-345.6319057,12.603624,-16.3492859,313,UV
NOS,ID09,116.3405128,345.7818711,-345.7818711,12.8249168,-16.4992513,314,UV
NOS,ID09,116.2736653,345.6989746,-345.6989746,12.7580693,-16.4163548,315,UV
NOS,ID09,116.3040781,345.666516,-345.666516,12.7884821,-16.3838962,316,UV
NOS,ID09,116.3590452,345.7473847,-345.7473847,12.8434492,-16.4647649,317,UV
NOS,ID09,116.444706,345.9140858,-345.9140858,12.92911,-16.631466,318,UV
NOS,ID09,116.4707982,345.9330241,-345.9330241,12.9552022,-16.6504043,319,UV
NOS,ID09,116.4838363,346.0277403,-346.0277403,12.9682403,-16.7451205,320,UV
NOS,ID09,116.9429741,346.1954417,-346.1954417,13.4273781,-16.9128219,321,UV
NOS,ID09,116.8072069,346.1129237,-346.1129237,13.2916109,-16.8303039,322,UV
NOS,ID09,116.8127761,346.2991925,-346.2991925,13.2971801,-17.0165727,323,UV
NOS,ID09,116.9799756,346.4750551,-346.4750551,13.4643796,-17.1924353,324,UV
NOS,ID09,117.0902411,346.577198,-346.577198,13.5746451,-17.2945782,325,UV
NOS,ID09,117.1293706,346.5165065,-346.5165065,13.6137746,-17.2338867,326,UV
NOS,ID09,117.1711489,346.6760614,-346.6760614,13.6555529,-17.3934416,327,UV
NOS,ID09,117.2138949,346.512566,-346.512566,13.6982989,-17.2299462,328,UV
NOS,ID09,117.3223428,346.5969741,-346.5969741,13.8067468,-17.3143543,329,UV
NOS,ID09,117.3182483,346.9035512,-346.9035512,13.8026523,-17.6209314,330,UV
NOS,ID09,117.2184675,346.8653626,-346.8653626,13.7028715,-17.5827428,331,UV
NOS,ID09,117.5541639,346.9863808,-346.9863808,14.0385679,-17.703761,332,UV
NOS,ID09,117.5885815,347.153307,-347.153307,14.0729855,-17.8706872,333,UV
NOS,ID09,117.8687487,347.2462397,-347.2462397,14.3531527,-17.9636199,334,UV
NOS,ID09,117.7395074,347.3297912,-347.3297912,14.2239114,-18.0471714,335,UV
NOS,ID09,117.9107746,347.4523747,-347.4523747,14.3951786,-18.1697549,336,UV
NOS,ID09,118.0919629,347.6709465,-347.6709465,14.5763669,-18.3883267,337,UV
NOS,ID09,117.9911671,347.68132,-347.68132,14.4755711,-18.3987002,338,UV
NOS,ID09,118.1572811,347.7114923,-347.7114923,14.6416851,-18.4288725,339,UV
NOS,ID09,118.0970324,347.9353268,-347.9353268,14.5814364,-18.652707,340,UV
NOS,ID09,118.2575988,348.2319546,-348.2319546,14.7420028,-18.9493348,341,UV
NOS,ID09,118.4606031,348.4477005,-348.4477005,14.9450071,-19.1650807,342,UV
NOS,ID09,118.5361092,348.3179421,-348.3179421,15.0205132,-19.0353223,343,UV
NOS,ID09,118.503898,348.6452149,-348.6452149,14.988302,-19.3625951,344,UV
NOS,ID09,118.7440842,348.6714937,-348.6714937,15.2284882,-19.3888739,345,UV
NOS,ID09,118.7503795,348.872441,-348.872441,15.2347835,-19.5898212,346,UV
NOS,ID09,118.8738009,349.1035481,-349.1035481,15.3582049,-19.8209283,347,UV
NOS,ID09,118.9524731,349.3093792,-349.3093792,15.4368771,-20.0267594,348,UV
NOS,ID09,119.0302692,349.6447353,-349.6447353,15.5146732,-20.3621155,349,UV
NOS,ID09,119.0829145,349.8511378,-349.8511378,15.5673185,-20.568518,350,UV
NOS,ID09,119.1991466,350.1035202,-350.1035202,15.6835506,-20.8209004,351,UV
NOS,ID09,119.2604444,350.2549293,-350.2549293,15.7448484,-20.9723095,352,UV
NOS,ID09,119.2952129,350.5919478,-350.5919478,15.7796169,-21.309328,353,UV
NOS,ID09,119.4542223,350.7903304,-350.7903304,15.9386263,-21.5077106,354,UV
NOS,ID09,119.4721306,351.0726319,-351.0726319,15.9565346,-21.7900121,355,UV
NOS,ID09,119.4739391,351.4605872,-351.4605872,15.9583431,-22.1779674,356,UV
NOS,ID09,119.58953,351.6010621,-351.6010621,16.073934,-22.3184423,357,UV
NOS,ID09,119.6253713,351.8860007,-351.8860007,16.1097753,-22.6033809,358,UV
NOS,ID09,119.6133477,352.410083,-352.410083,16.0977517,-23.1274632,359,UV
NOS,ID09,119.684305,352.7167704,-352.7167704,16.168709,-23.4341506,360,UV
NOS,ID09,119.7247835,353.0238435,-353.0238435,16.2091875,-23.7412237,361,UV
NOS,ID09,119.8810263,353.3742431,-353.3742431,16.3654303,-24.0916233,362,UV
NOS,ID09,119.9848837,353.7713876,-353.7713876,16.4692877,-24.4887678,363,UV
NOS,ID09,119.854713,354.1462793,-354.1462793,16.339117,-24.8636595,364,UV
NOS,ID09,119.8940047,354.5096185,-354.5096185,16.3784087,-25.2269987,365,UV
NOS,ID09,119.9639628,354.803166,-354.803166,16.4483668,-25.5205462,366,UV
NOS,ID09,120.003221,355.1239636,-355.1239636,16.487625,-25.8413438,367,UV
NOS,ID09,120.0372701,355.5216146,-355.5216146,16.5216741,-26.2389948,368,UV
NOS,ID09,119.9992972,355.9592831,-355.9592831,16.4837012,-26.6766633,369,UV
NOS,ID09,119.9179875,356.3074055,-356.3074055,16.4023915,-27.0247857,370,UV
NOS,ID09,120.0252828,356.7984187,-356.7984187,16.5096868,-27.5157989,371,UV
NOS,ID09,119.953903,357.0278049,-357.0278049,16.438307,-27.7451851,372,UV
NOS,ID09,119.9995808,357.4809991,-357.4809991,16.4839848,-28.1983793,373,UV
NOS,ID09,119.973579,357.8807469,-357.8807469,16.457983,-28.5981271,374,UV
NOS,ID09,119.8255862,358.1672078,-358.1672078,16.3099902,-28.884588,375,UV
NOS,ID09,119.8321992,358.5096707,-358.5096707,16.3166032,-29.2270509,376,UV
NOS,ID09,119.7172627,358.799514,-358.799514,16.2016667,-29.5168942,377,UV
NOS,ID09,119.8087098,359.0449289,-359.0449289,16.2931138,-29.7623091,378,UV
NOS,ID09,119.6243673,359.3418,-359.3418,16.1087713,-30.0591802,379,UV
NOS,ID09,119.5956938,359.6807698,-359.6807698,16.0800978,-30.39815,380,UV
NOS,ID09,119.5733067,359.9756777,-359.9756777,16.0577107,-30.6930579,381,UV
NOS,ID09,119.5023822,360.2336348,-360.2336348,15.9867862,-30.951015,382,UV
NOS,ID09,119.4716035,360.4013183,-360.4013183,15.9560075,-31.1186985,383,UV
NOS,ID09,119.4361739,360.7537104,-360.7537104,15.9205779,-31.4710906,384,UV
NOS,ID09,119.2472415,360.9734526,-360.9734526,15.7316455,-31.6908328,385,UV
NOS,ID09,119.3184564,361.1934447,-361.1934447,15.8028604,-31.9108249,386,UV
NOS,ID09,119.2470518,361.3773082,-361.3773082,15.7314558,-32.0946884,387,UV
NOS,ID09,119.309806,361.6216732,-361.6216732,15.79421,-32.3390534,388,UV
NOS,ID09,119.2084441,361.7005299,-361.7005299,15.6928481,-32.4179101,389,UV
NOS,ID09,119.1245137,361.9974137,-361.9974137,15.6089177,-32.7147939,390,UV
NOS,ID09,119.1600209,362.1344887,-362.1344887,15.6444249,-32.8518689,391,UV
NOS,ID09,119.1879187,362.3944416,-362.3944416,15.6723227,-33.1118218,392,UV
NOS,ID09,119.1991311,362.554749,-362.554749,15.6835351,-33.2721292,393,UV
NOS,ID09,119.1254376,362.7736592,-362.7736592,15.6098416,-33.4910394,394,UV
NOS,ID09,119.1589299,362.7913168,-362.7913168,15.6433339,-33.508697,395,UV
NOS,ID09,119.0414815,363.0553974,-363.0553974,15.5258855,-33.7727776,396,UV
NOS,ID09,119.1104434,363.3560548,-363.3560548,15.5948474,-34.073435,397,UV
NOS,ID09,119.2235526,363.5322765,-363.5322765,15.7079566,-34.2496567,398,UV
NOS,ID09,119.1332835,363.7858549,-363.7858549,15.6176875,-34.5032351,399,UV
NOS,ID09,119.0506586,363.9111447,-363.9111447,15.5350626,-34.6285249,400,UV
NOS,ID09,119.0236833,364.0316419,-364.0316419,15.5080873,-34.7490221,401,UV
NOS,ID09,119.1364551,364.2225395,-364.2225395,15.6208591,-34.9399197,402,UV
NOS,ID09,119.1441138,364.425062,-364.425062,15.6285178,-35.1424422,403,UV
NOS,ID09,119.0622061,364.7301312,-364.7301312,15.5466101,-35.4475114,404,UV
NOS,ID09,118.9488985,364.8190318,-364.8190318,15.4333025,-35.536412,405,UV
NOS,ID09,119.0330524,365.0134612,-365.0134612,15.5174564,-35.7308414,406,UV
NOS,ID09,118.9955408,365.2112709,-365.2112709,15.4799448,-35.9286511,407,UV
NOS,ID09,119.0746788,365.4091975,-365.4091975,15.5590828,-36.1265777,408,UV
NOS,ID09,118.8471969,365.5249555,-365.5249555,15.3316009,-36.2423357,409,UV
NOS,ID09,118.8748056,365.7608125,-365.7608125,15.3592096,-36.4781927,410,UV
NOS,ID09,118.7746647,365.82059,-365.82059,15.2590687,-36.5379702,411,UV
NOS,ID09,118.8922347,365.8877916,-365.8877916,15.3766387,-36.6051718,412,UV
NOS,ID09,118.8252024,365.9732968,-365.9732968,15.3096064,-36.690677,413,UV
NOS,ID09,118.8321421,366.0055217,-366.0055217,15.3165461,-36.7229019,414,UV
NOS,ID09,118.8936134,366.0038221,-366.0038221,15.3780174,-36.7212023,415,UV
NOS,ID09,118.7848706,366.0989956,-366.0989956,15.2692746,-36.8163758,416,UV
NOS,ID09,118.8585412,366.2680426,-366.2680426,15.3429452,-36.9854228,417,UV
NOS,ID09,118.8746583,366.3136284,-366.3136284,15.3590623,-37.0310086,418,UV
NOS,ID09,118.8893563,366.4239449,-366.4239449,15.3737603,-37.1413251,419,UV
NOS,ID09,118.8192678,366.4714482,-366.4714482,15.3036718,-37.1888284,420,UV
NOS,ID09,118.7762654,366.5837866,-366.5837866,15.2606694,-37.3011668,421,UV
NOS,ID09,118.8638988,366.6138581,-366.6138581,15.3483028,-37.3312383,422,UV
NOS,ID09,118.8013837,366.5904633,-366.5904633,15.2857877,-37.3078435,423,UV
NOS,ID09,118.8323205,366.7775696,-366.7775696,15.3167245,-37.4949498,424,UV
NOS,ID09,118.8418575,366.8284009,-366.8284009,15.3262615,-37.5457811,425,UV
NOS,ID09,118.778922,366.9155734,-366.9155734,15.263326,-37.6329536,426,UV
NOS,ID09,118.7971566,367.0160358,-367.0160358,15.2815606,-37.733416,427,UV
NOS,ID09,118.7807655,366.9523434,-366.9523434,15.2651695,-37.6697236,428,UV
NOS,ID09,118.7174953,367.1149309,-367.1149309,15.2018993,-37.8323111,429,UV
NOS,ID09,118.7410243,367.2873142,-367.2873142,15.2254283,-38.0046944,430,UV
NOS,ID09,118.6028373,367.4437266,-367.4437266,15.0872413,-38.1611068,431,UV
NOS,ID09,118.5632984,367.5286409,-367.5286409,15.0477024,-38.2460211,432,UV
NOS,ID09,118.6153461,367.5966052,-367.5966052,15.0997501,-38.3139854,433,UV
NOS,ID09,118.6042211,367.6128756,-367.6128756,15.0886251,-38.3302558,434,UV
NOS,ID09,118.6129148,367.6967331,-367.6967331,15.0973188,-38.4141133,435,UV
NOS,ID09,118.5686013,367.7737171,-367.7737171,15.0530053,-38.4910973,436,UV
NOS,ID09,118.5358159,367.7691407,-367.7691407,15.0202199,-38.4865209,437,UV
NOS,ID09,118.5903524,367.818557,-367.818557,15.0747564,-38.5359372,438,UV
NOS,ID09,118.5575027,367.9692147,-367.9692147,15.0419067,-38.6865949,439,UV
NOS,ID09,118.4284879,368.0265183,-368.0265183,14.9128919,-38.7438985,440,UV
NOS,ID09,118.3902959,368.140932,-368.140932,14.8746999,-38.8583122,441,UV
NOS,ID09,118.4514525,368.1861401,-368.1861401,14.9358565,-38.9035203,442,UV
NOS,ID09,118.2392308,368.3708708,-368.3708708,14.7236348,-39.088251,443,UV
NOS,ID09,118.2382653,368.4220233,-368.4220233,14.7226693,-39.1394035,444,UV
NOS,ID09,118.1416925,368.6138978,-368.6138978,14.6260965,-39.331278,445,UV
NOS,ID09,118.1896397,368.6558528,-368.6558528,14.6740437,-39.373233,446,UV
NOS,ID09,118.1125145,368.8169376,-368.8169376,14.5969185,-39.5343178,447,UV
NOS,ID09,118.1150983,368.7783337,-368.7783337,14.5995023,-39.4957139,448,UV
NOS,ID09,117.9795365,368.967322,-368.967322,14.4639405,-39.6847022,449,UV
NOS,ID09,117.915573,368.9220802,-368.9220802,14.399977,-39.6394604,450,UV
NOS,ID09,117.8749447,368.9879819,-368.9879819,14.3593487,-39.7053621,451,UV
NOS,ID09,117.9773695,369.1440019,-369.1440019,14.4617735,-39.8613821,452,UV
NOS,ID09,117.8693257,369.191573,-369.191573,14.3537297,-39.9089532,453,UV
NOS,ID09,117.8431359,369.2764925,-369.2764925,14.3275399,-39.9938727,454,UV
NOS,ID09,117.8270912,369.2514294,-369.2514294,14.3114952,-39.9688096,455,UV
NOS,ID09,117.820026,369.2379832,-369.2379832,14.30443,-39.9553634,456,UV
NOS,ID09,117.9089422,369.4161455,-369.4161455,14.3933462,-40.1335257,457,UV
NOS,ID09,117.8131535,369.3475374,-369.3475374,14.2975575,-40.0649176,458,UV
NOS,ID09,117.8254776,369.491758,-369.491758,14.3098816,-40.2091382,459,UV
NOS,ID09,117.8307114,369.7551459,-369.7551459,14.3151154,-40.4725261,460,UV
NOS,ID09,117.5473422,369.6636274,-369.6636274,14.0317462,-40.3810076,461,UV
NOS,ID09,117.8209148,369.7404331,-369.7404331,14.3053188,-40.4578133,462,UV
NOS,ID09,117.7391822,369.8155982,-369.8155982,14.2235862,-40.5329784,463,UV
NOS,ID09,117.6913204,369.7669656,-369.7669656,14.1757244,-40.4843458,464,UV
NOS,ID09,117.6899909,369.8625324,-369.8625324,14.1743949,-40.5799126,465,UV
NOS,ID09,117.6146661,370.1009604,-370.1009604,14.0990701,-40.8183406,466,UV
NOS,ID09,117.6423076,370.069441,-370.069441,14.1267116,-40.7868212,467,UV
NOS,ID09,117.5650135,370.1504583,-370.1504583,14.0494175,-40.8678385,468,UV
NOS,ID09,117.7178435,370.2549616,-370.2549616,14.2022475,-40.9723418,469,UV
NOS,ID09,117.5983231,370.222375,-370.222375,14.0827271,-40.9397552,470,UV
NOS,ID09,117.4272493,370.276942,-370.276942,13.9116533,-40.9943222,471,UV
NOS,ID09,117.5749244,370.6762094,-370.6762094,14.0593284,-41.3935896,472,UV
NOS,ID09,117.5141871,370.5026816,-370.5026816,13.9985911,-41.2200618,473,UV
NOS,ID09,117.4947256,370.7200603,-370.7200603,13.9791296,-41.4374405,474,UV
NOS,ID09,117.5067708,370.5909912,-370.5909912,13.9911748,-41.3083714,475,UV
NOS,ID09,117.3877449,370.7942736,-370.7942736,13.8721489,-41.5116538,476,UV
NOS,ID09,117.5641152,370.8643436,-370.8643436,14.0485192,-41.5817238,477,UV
NOS,ID09,117.3014513,370.9208791,-370.9208791,13.7858553,-41.6382593,478,UV
NOS,ID09,117.351971,371.0934543,-371.0934543,13.836375,-41.8108345,479,UV
NOS,ID09,117.3163359,371.0442362,-371.0442362,13.8007399,-41.7616164,480,UV
NOS,ID09,117.3296273,371.3056033,-371.3056033,13.8140313,-42.0229835,481,UV
NOS,ID09,117.205721,371.4443648,-371.4443648,13.690125,-42.161745,482,UV
NOS,ID09,117.3136019,371.6653896,-371.6653896,13.7980059,-42.3827698,483,UV
NOS,ID09,117.1207666,371.7188894,-371.7188894,13.6051706,-42.4362696,484,UV
NOS,ID09,117.1548898,371.737586,-371.737586,13.6392938,-42.4549662,485,UV
NOS,ID09,117.2165971,371.9464018,-371.9464018,13.7010011,-42.663782,486,UV
NOS,ID09,117.270026,371.9631396,-371.9631396,13.75443,-42.6805198,487,UV
NOS,ID09,117.0325835,371.940981,-371.940981,13.5169875,-42.6583612,488,UV
NOS,ID09,117.095082,372.1437421,-372.1437421,13.579486,-42.8611223,489,UV
NOS,ID09,117.1642918,372.2805614,-372.2805614,13.6486958,-42.9979416,490,UV
NOS,ID09,117.0401929,372.3015282,-372.3015282,13.5245969,-43.0189084,491,UV
NOS,ID09,117.0476801,372.5349021,-372.5349021,13.5320841,-43.2522823,492,UV
NOS,ID09,117.0582339,372.7220832,-372.7220832,13.5426379,-43.4394634,493,UV
NOS,ID09,117.1910617,372.7145993,-372.7145993,13.6754657,-43.4319795,494,UV
NOS,ID09,117.1323908,372.8496418,-372.8496418,13.6167948,-43.567022,495,UV
NOS,ID09,117.1392036,372.8629642,-372.8629642,13.6236076,-43.5803444,496,UV
NOS,ID09,117.1898249,372.9777149,-372.9777149,13.6742289,-43.6950951,497,UV
NOS,ID09,117.0627021,372.9806265,-372.9806265,13.5471061,-43.6980067,498,UV
NOS,ID09,117.1208679,373.233189,-373.233189,13.6052719,-43.9505692,499,UV
NOS,ID09,116.9667975,373.2947791,-373.2947791,13.4512015,-44.0121593,500,UV
NOS,ID09,117.0091784,373.313183,-373.313183,13.4935824,-44.0305632,501,UV
NOS,ID09,117.0829401,373.4325731,-373.4325731,13.5673441,-44.1499533,502,UV
NOS,ID09,117.0429676,373.7078857,-373.7078857,13.5273716,-44.4252659,503,UV
NOS,ID09,117.0328317,373.8622169,-373.8622169,13.5172357,-44.5795971,504,UV
NOS,ID09,116.8435975,373.8504114,-373.8504114,13.3280015,-44.5677916,505,UV
NOS,ID09,117.1159006,373.9413215,-373.9413215,13.6003046,-44.6587017,506,UV
NOS,ID09,116.810805,374.0951865,-374.0951865,13.295209,-44.8125667,507,UV
NOS,ID09,116.9628615,374.0462169,-374.0462169,13.4472655,-44.7635971,508,UV
NOS,ID09,116.9971217,374.1482226,-374.1482226,13.4815257,-44.8656028,509,UV
NOS,ID09,117.0495171,374.4447264,-374.4447264,13.5339211,-45.1621066,510,UV
NOS,ID09,116.9666947,374.5695461,-374.5695461,13.4510987,-45.2869263,511,UV
NOS,ID09,116.9313495,374.6515832,-374.6515832,13.4157535,-45.3689634,512,UV
NOS,ID09,116.9164115,374.8917166,-374.8917166,13.4008155,-45.6090968,513,UV
NOS,ID09,116.7641692,374.8013542,-374.8013542,13.2485732,-45.5187344,514,UV
NOS,ID09,116.9450132,375.1062183,-375.1062183,13.4294172,-45.8235985,515,UV
NOS,ID09,116.8150189,375.0994374,-375.0994374,13.2994229,-45.8168176,516,UV
NOS,ID09,116.8606532,375.1743658,-375.1743658,13.3450572,-45.891746,517,UV
NOS,ID09,116.7391854,375.3276165,-375.3276165,13.2235894,-46.0449967,518,UV
NOS,ID09,116.8912955,375.6540243,-375.6540243,13.3756995,-46.3714045,519,UV
NOS,ID09,116.7933586,375.836594,-375.836594,13.2777626,-46.5539742,520,UV
NOS,ID09,116.7112284,375.8838607,-375.8838607,13.1956324,-46.6012409,521,UV
NOS,ID09,116.873539,375.9070196,-375.9070196,13.357943,-46.6243998,522,UV
NOS,ID09,116.7988865,375.9659732,-375.9659732,13.2832905,-46.6833534,523,UV
NOS,ID09,116.8300321,376.1712824,-376.1712824,13.3144361,-46.8886626,524,UV
NOS,ID09,116.8566343,376.2910036,-376.2910036,13.3410383,-47.0083838,525,UV
NOS,ID09,116.7049916,376.4512635,-376.4512635,13.1893956,-47.1686437,526,UV
NOS,ID09,116.6791843,376.5492636,-376.5492636,13.1635883,-47.2666438,527,UV
NOS,ID09,116.7083734,376.6645522,-376.6645522,13.1927774,-47.3819324,528,UV
NOS,ID09,116.5733693,376.8533451,-376.8533451,13.0577733,-47.5707253,529,UV
NOS,ID09,116.7323379,376.968776,-376.968776,13.2167419,-47.6861562,530,UV
NOS,ID09,116.748944,377.0718082,-377.0718082,13.233348,-47.7891884,531,UV
NOS,ID09,116.5891166,377.1226881,-377.1226881,13.0735206,-47.8400683,532,UV
NOS,ID09,116.7150251,377.3593748,-377.3593748,13.1994291,-48.076755,533,UV
NOS,ID09,116.5843876,377.5055774,-377.5055774,13.0687916,-48.2229576,534,UV
NOS,ID09,116.6105044,377.6552146,-377.6552146,13.0949084,-48.3725948,535,UV
NOS,ID09,116.5489044,377.6637005,-377.6637005,13.0333084,-48.3810807,536,UV
NOS,ID09,116.3977705,377.850589,-377.850589,12.8821745,-48.5679692,537,UV
NOS,ID09,116.3145886,377.8944411,-377.8944411,12.7989926,-48.6118213,538,UV
NOS,ID09,116.5314822,378.0462312,-378.0462312,13.0158862,-48.7636114,539,UV
NOS,ID09,116.5795801,378.1590255,-378.1590255,13.0639841,-48.8764057,540,UV
NOS,ID09,116.3830135,378.199985,-378.199985,12.8674175,-48.9173652,541,UV
NOS,ID09,116.3051554,378.4488683,-378.4488683,12.7895594,-49.1662485,542,UV
NOS,ID09,116.4433843,378.616514,-378.616514,12.9277883,-49.3338942,543,UV
NOS,ID09,116.3322514,378.7511056,-378.7511056,12.8166554,-49.4684858,544,UV
NOS,ID09,116.3246125,378.8616857,-378.8616857,12.8090165,-49.5790659,545,UV
NOS,ID09,116.2570249,378.9828174,-378.9828174,12.7414289,-49.7001976,546,UV
NOS,ID09,116.2576461,379.2971972,-379.2971972,12.7420501,-50.0145774,547,UV
NOS,ID09,116.1923204,379.3672714,-379.3672714,12.6767244,-50.0846516,548,UV
NOS,ID09,116.1731319,379.6649238,-379.6649238,12.6575359,-50.382304,549,UV
NOS,ID09,116.1039819,379.7617943,-379.7617943,12.5883859,-50.4791745,550,UV
NOS,ID09,116.0397941,379.9103379,-379.9103379,12.5241981,-50.6277181,551,UV
NOS,ID09,116.1911155,380.1847129,-380.1847129,12.6755195,-50.9020931,552,UV
NOS,ID09,116.1220013,380.3366889,-380.3366889,12.6064053,-51.0540691,553,UV
NOS,ID09,116.1005667,380.6917248,-380.6917248,12.5849707,-51.409105,554,UV
NOS,ID09,116.0714789,380.7884748,-380.7884748,12.5558829,-51.505855,555,UV
NOS,ID09,116.0298293,381.2000375,-381.2000375,12.5142333,-51.9174177,556,UV
NOS,ID09,116.1070553,381.5494939,-381.5494939,12.5914593,-52.2668741,557,UV
NOS,ID09,116.0530223,381.894335,-381.894335,12.5374263,-52.6117152,558,UV
NOS,ID09,116.0825711,382.0719087,-382.0719087,12.5669751,-52.7892889,559,UV
NOS,ID09,115.9849949,382.3852094,-382.3852094,12.4693989,-53.1025896,560,UV
NOS,ID09,116.0891026,382.8037416,-382.8037416,12.5735066,-53.5211218,561,UV
NOS,ID09,116.0116243,383.0013023,-383.0013023,12.4960283,-53.7186825,562,UV
NOS,ID09,116.0972829,383.3536144,-383.3536144,12.5816869,-54.0709946,563,UV
NOS,ID09,116.0311605,383.8090607,-383.8090607,12.5155645,-54.5264409,564,UV
NOS,ID09,116.0797,384.0549254,-384.0549254,12.564104,-54.7723056,565,UV
NOS,ID09,116.0390243,384.4258744,-384.4258744,12.5234283,-55.1432546,566,UV
NOS,ID09,116.1039466,384.9093657,-384.9093657,12.5883506,-55.6267459,567,UV
NOS,ID09,116.0980585,385.3381365,-385.3381365,12.5824625,-56.0555167,568,UV
NOS,ID09,116.107913,385.7324581,-385.7324581,12.592317,-56.4498383,569,UV
NOS,ID09,116.0357143,386.0022367,-386.0022367,12.5201183,-56.7196169,570,UV
NOS,ID09,116.1235404,386.5329949,-386.5329949,12.6079444,-57.2503751,571,UV
NOS,ID09,116.0993589,386.8801516,-386.8801516,12.5837629,-57.5975318,572,UV
NOS,ID09,116.231425,387.3215539,-387.3215539,12.715829,-58.0389341,573,UV
NOS,ID09,116.3934227,387.6424683,-387.6424683,12.8778267,-58.3598485,574,UV
NOS,ID09,116.3297114,388.0913979,-388.0913979,12.8141154,-58.8087781,575,UV
NOS,ID09,116.446718,388.4375915,-388.4375915,12.931122,-59.1549717,576,UV
NOS,ID09,116.4695338,388.6448833,-388.6448833,12.9539378,-59.3622635,577,UV
NOS,ID09,116.705427,389.201022,-389.201022,13.189831,-59.9184022,578,UV
NOS,ID09,116.9171339,389.6834694,-389.6834694,13.4015379,-60.4008496,579,UV
NOS,ID09,116.9122711,389.9817476,-389.9817476,13.3966751,-60.6991278,580,UV
NOS,ID09,117.0415147,390.3109559,-390.3109559,13.5259187,-61.0283361,581,UV
NOS,ID09,117.2468863,390.7130738,-390.7130738,13.7312903,-61.430454,582,UV
NOS,ID09,117.3981407,391.0522969,-391.0522969,13.8825447,-61.7696771,583,UV
NOS,ID09,117.6585887,391.4850498,-391.4850498,14.1429927,-62.20243,584,UV
NOS,ID09,117.8844727,391.7924343,-391.7924343,14.3688767,-62.5098145,585,UV
NOS,ID09,117.9119222,392.0987342,-392.0987342,14.3963262,-62.8161144,586,UV
NOS,ID09,118.1389325,392.7393106,-392.7393106,14.6233365,-63.4566908,587,UV
NOS,ID09,118.2905524,392.8858934,-392.8858934,14.7749564,-63.6032736,588,UV
NOS,ID09,118.2961807,392.9946955,-392.9946955,14.7805847,-63.7120757,589,UV
NOS,ID09,118.4632111,393.541776,-393.541776,14.9476151,-64.2591562,590,UV
NOS,ID09,118.911827,393.8068961,-393.8068961,15.396231,-64.5242763,591,UV
NOS,ID09,119.1345209,393.9533465,-393.9533465,15.6189249,-64.6707267,592,UV
NOS,ID09,119.3540868,394.425867,-394.425867,15.8384908,-65.1432472,593,UV
NOS,ID09,119.697129,394.5838557,-394.5838557,16.181533,-65.3012359,594,UV
NOS,ID09,119.8216309,394.9646378,-394.9646378,16.3060349,-65.682018,595,UV
NOS,ID09,119.9805071,395.1100744,-395.1100744,16.4649111,-65.8274546,596,UV
NOS,ID09,120.2479929,395.5808466,-395.5808466,16.7323969,-66.2982268,597,UV
NOS,ID09,120.4140989,395.7709267,-395.7709267,16.8985029,-66.4883069,598,UV
NOS,ID09,120.7077915,395.9559638,-395.9559638,17.1921955,-66.673344,599,UV
NOS,ID09,120.9350891,396.2590225,-396.2590225,17.4194931,-66.9764027,600,UV
NOS,ID09,121.1095942,396.5700888,-396.5700888,17.5939982,-67.287469,601,UV
NOS,ID09,121.3333499,396.8815538,-396.8815538,17.8177539,-67.598934,602,UV
NOS,ID09,121.5215022,397.2056134,-397.2056134,18.0059062,-67.9229936,603,UV
NOS,ID09,121.6709868,397.3256877,-397.3256877,18.1553908,-68.0430679,604,UV
NOS,ID09,121.9867839,397.7568284,-397.7568284,18.4711879,-68.4742086,605,UV
NOS,ID09,122.2236105,397.8704269,-397.8704269,18.7080145,-68.5878071,606,UV
NOS,ID09,122.3422648,397.9387078,-397.9387078,18.8266688,-68.656088,607,UV
NOS,ID09,122.4819906,398.1622448,-398.1622448,18.9663946,-68.879625,608,UV
NOS,ID09,122.6187912,398.3804578,-398.3804578,19.1031952,-69.097838,609,UV
NOS,ID09,123.0005,398.8355889,-398.8355889,19.484904,-69.5529691,610,UV
NOS,ID09,123.1188574,398.9908967,-398.9908967,19.6032614,-69.7082769,611,UV
NOS,ID09,123.2689834,399.150552,-399.150552,19.7533874,-69.8679322,612,UV
NOS,ID09,123.6134613,400.0647239,-400.0647239,20.0978653,-70.7821041,613,UV
NOS,ID09,123.6930701,399.9786801,-399.9786801,20.1774741,-70.6960603,614,UV
NOS,ID09,123.8490928,399.9905421,-399.9905421,20.3334968,-70.7079223,615,UV
NOS,ID09,123.9652757,399.9610751,-399.9610751,20.4496797,-70.6784553,616,UV
NOS,ID09,124.0033394,399.9225844,-399.9225844,20.4877434,-70.6399646,617,UV
NOS,ID09,124.1084635,399.9546389,-399.9546389,20.5928675,-70.6720191,618,UV
NOS,ID09,124.2437908,399.9448659,-399.9448659,20.7281948,-70.6622461,619,UV
NOS,ID09,124.3754183,399.895935,-399.895935,20.8598223,-70.6133152,620,UV
NOS,ID09,124.3433056,399.8312762,-399.8312762,20.8277096,-70.5486564,621,UV
NOS,ID09,124.6211631,400.1303238,-400.1303238,21.1055671,-70.847704,622,UV
NOS,ID09,124.7884833,400.2871563,-400.2871563,21.2728873,-71.0045365,623,UV
NOS,ID09,125.1533876,400.7597084,-400.7597084,21.6377916,-71.4770886,624,UV
NOS,ID09,125.4156865,401.2394358,-401.2394358,21.9000905,-71.956816,625,UV
NOS,ID09,125.7034152,401.7316519,-401.7316519,22.1878192,-72.4490321,626,UV
NOS,ID09,125.9453931,401.7951341,-401.7951341,22.4297971,-72.5125143,627,UV
NOS,ID09,125.9541496,401.945325,-401.945325,22.4385536,-72.6627052,628,UV
NOS,ID09,126.0265325,402.2522305,-402.2522305,22.5109365,-72.9696107,629,UV
NOS,ID09,126.124055,402.4777753,-402.4777753,22.608459,-73.1951555,630,UV
NOS,ID09,126.2892625,402.82705,-402.82705,22.7736665,-73.5444302,631,UV
NOS,ID09,126.2751107,403.1020938,-403.1020938,22.7595147,-73.819474,632,UV
NOS,ID09,126.4773168,403.5587619,-403.5587619,22.9617208,-74.2761421,633,UV
NOS,ID09,126.6786937,403.7249139,-403.7249139,23.1630977,-74.4422941,634,UV
NOS,ID09,126.6795564,403.9649525,-403.9649525,23.1639604,-74.6823327,635,UV
NOS,ID09,126.9531096,404.0186532,-404.0186532,23.4375136,-74.7360334,636,UV
NOS,ID09,126.9060505,404.4011374,-404.4011374,23.3904545,-75.1185176,637,UV
NOS,ID09,127.0372508,404.7224726,-404.7224726,23.5216548,-75.4398528,638,UV
NOS,ID09,127.0636598,404.9548102,-404.9548102,23.5480638,-75.6721904,639,UV
NOS,ID09,127.1952196,405.2734754,-405.2734754,23.6796236,-75.9908556,640,UV
NOS,ID09,127.247159,405.7138257,-405.7138257,23.731563,-76.4312059,641,UV
NOS,ID09,127.416343,405.8958754,-405.8958754,23.900747,-76.6132556,642,UV
NOS,ID09,127.5395354,406.4088465,-406.4088465,24.0239394,-77.1262267,643,UV
NOS,ID09,127.7116412,406.8292495,-406.8292495,24.1960452,-77.5466297,644,UV
NOS,ID09,127.8815928,406.9792534,-406.9792534,24.3659968,-77.6966336,645,UV
NOS,ID09,127.8668724,407.3010044,-407.3010044,24.3512764,-78.0183846,646,UV
NOS,ID09,128.0983369,407.8381793,-407.8381793,24.5827409,-78.5555595,647,UV
NOS,ID09,128.1133068,407.9250866,-407.9250866,24.5977108,-78.6424668,648,UV
NOS,ID09,128.2970877,408.366444,-408.366444,24.7814917,-79.0838242,649,UV
NOS,ID09,128.3433688,408.4902231,-408.4902231,24.8277728,-79.2076033,650,UV
NOS,ID09,128.4460888,408.910431,-408.910431,24.9304928,-79.6278112,651,UV
NOS,ID09,128.791873,409.2080719,-409.2080719,25.276277,-79.9254521,652,UV
NOS,ID09,128.5533024,409.4944797,-409.4944797,25.0377064,-80.2118599,653,UV
NOS,ID09,128.9561951,409.6203074,-409.6203074,25.4405991,-80.3376876,654,UV
NOS,ID09,128.9445622,410.0349072,-410.0349072,25.4289662,-80.7522874,655,UV
NOS,ID09,129.1007917,410.3473814,-410.3473814,25.5851957,-81.0647616,656,UV
NOS,ID09,129.3580771,410.4621429,-410.4621429,25.8424811,-81.1795231,657,UV
NOS,ID09,129.2950035,410.821095,-410.821095,25.7794075,-81.5384752,658,UV
NOS,ID09,129.6946147,411.035364,-411.035364,26.1790187,-81.7527442,659,UV
NOS,ID09,129.7153721,411.2579291,-411.2579291,26.1997761,-81.9753093,660,UV
NOS,ID09,129.9646767,411.5900706,-411.5900706,26.4490807,-82.3074508,661,UV
NOS,ID09,130.0806309,411.7687557,-411.7687557,26.5650349,-82.4861359,662,UV
NOS,ID09,130.2890004,411.9803956,-411.9803956,26.7734044,-82.6977758,663,UV
NOS,ID09,130.7874611,412.1366058,-412.1366058,27.2718651,-82.853986,664,UV
NOS,ID09,131.1920754,412.2371872,-412.2371872,27.6764794,-82.9545674,665,UV
NOS,ID09,131.2269836,412.4836921,-412.4836921,27.7113876,-83.2010723,666,UV
NOS,ID09,131.1093662,412.719684,-412.719684,27.5937702,-83.4370642,667,UV
NOS,ID09,131.2036886,413.029011,-413.029011,27.6880926,-83.7463912,668,UV
NOS,ID09,131.1438408,413.2637764,-413.2637764,27.6282448,-83.9811566,669,UV
NOS,ID09,130.9516058,413.6367823,-413.6367823,27.4360098,-84.3541625,670,UV
NOS,ID09,131.2528203,413.9769577,-413.9769577,27.7372243,-84.6943379,671,UV
NOS,ID09,131.4058039,414.1574125,-414.1574125,27.8902079,-84.8747927,672,UV
NOS,ID09,131.7133824,414.3668153,-414.3668153,28.1977864,-85.0841955,673,UV
NOS,ID09,132.1270993,414.669875,-414.669875,28.6115033,-85.3872552,674,UV
NOS,ID09,132.2213382,415.0087236,-415.0087236,28.7057422,-85.7261038,675,UV
NOS,ID09,132.6309639,415.3409014,-415.3409014,29.1153679,-86.0582816,676,UV
NOS,ID09,132.5924428,415.4377702,-415.4377702,29.0768468,-86.1551504,677,UV
NOS,ID09,132.8554963,415.8228815,-415.8228815,29.3399003,-86.5402617,678,UV
NOS,ID09,133.0064868,416.0744506,-416.0744506,29.4908908,-86.7918308,679,UV
NOS,ID09,133.2597707,416.1613597,-416.1613597,29.7441747,-86.8787399,680,UV
NOS,ID09,133.5170681,416.5005002,-416.5005002,30.0014721,-87.2178804,681,UV
NOS,ID09,133.6261652,416.8504514,-416.8504514,30.1105692,-87.5678316,682,UV
NOS,ID09,133.8239274,416.8387417,-416.8387417,30.3083314,-87.5561219,683,UV
NOS,ID09,134.0145392,417.1751363,-417.1751363,30.4989432,-87.8925165,684,UV
NOS,ID09,134.2396723,417.3141526,-417.3141526,30.7240763,-88.0315328,685,UV
NOS,ID09,134.4833771,417.6416148,-417.6416148,30.9677811,-88.358995,686,UV
NOS,ID09,134.7568591,417.9160396,-417.9160396,31.2412631,-88.6334198,687,UV
NOS,ID09,134.9434801,418.1197282,-418.1197282,31.4278841,-88.8371084,688,UV
NOS,ID09,135.2547249,418.3866089,-418.3866089,31.7391289,-89.1039891,689,UV
NOS,ID09,135.2969079,418.6988098,-418.6988098,31.7813119,-89.41619,690,UV
NOS,ID09,135.8039289,418.9147072,-418.9147072,32.2883329,-89.6320874,691,UV
NOS,ID09,135.8577531,419.1802155,-419.1802155,32.3421571,-89.8975957,692,UV
NOS,ID09,136.245597,419.6403024,-419.6403024,32.730001,-90.3576826,693,UV
NOS,ID09,136.3763303,419.6780933,-419.6780933,32.8607343,-90.3954735,694,UV
NOS,ID09,136.5226094,419.7989459,-419.7989459,33.0070134,-90.5163261,695,UV
NOS,ID09,136.9967585,420.0710148,-420.0710148,33.4811625,-90.788395,696,UV
NOS,ID09,137.2193542,420.0793369,-420.0793369,33.7037582,-90.7967171,697,UV
NOS,ID09,137.2836423,420.3943173,-420.3943173,33.7680463,-91.1116975,698,UV
NOS,ID09,137.4037862,420.7445178,-420.7445178,33.8881902,-91.461898,699,UV
NOS,ID09,137.7496162,420.8699813,-420.8699813,34.2340202,-91.5873615,700,UV
NOS,ID09,138.0954462,420.9954448,-420.9954448,34.5798502,-91.712825,701,UV
NOS,ID09,138.0763562,421.4775519,-421.4775519,34.5607602,-92.1949321,702,UV
NOS,ID09,138.0353384,421.4986534,-421.4986534,34.5197424,-92.2160336,703,UV
NOS,ID09,137.886293,421.6843748,-421.6843748,34.370697,-92.401755,704,UV
NOS,ID09,138.0456058,421.6954065,-421.6954065,34.5300098,-92.4127867,705,UV
NOS,ID09,138.0352846,421.8020696,-421.8020696,34.5196886,-92.5194498,706,UV
NOS,ID09,138.1056139,421.6569005,-421.6569005,34.5900179,-92.3742807,707,UV
NOS,ID09,138.0084107,422.116361,-422.116361,34.4928147,-92.8337412,708,UV
NOS,ID09,138.001395,422.1343736,-422.1343736,34.485799,-92.8517538,709,UV
NOS,ID09,138.0265673,422.2178424,-422.2178424,34.5109713,-92.9352226,710,UV
NOS,ID09,138.1817599,422.7957896,-422.7957896,34.6661639,-93.5131698,711,UV
NOS,ID09,138.0032193,422.9261119,-422.9261119,34.4876233,-93.6434921,712,UV
NOS,ID09,138.0202137,423.1642239,-423.1642239,34.5046177,-93.8816041,713,UV
NOS,ID09,138.0051222,423.3221547,-423.3221547,34.4895262,-94.0395349,714,UV
NOS,ID09,137.9924006,423.7519204,-423.7519204,34.4768046,-94.4693006,715,UV
NOS,ID09,137.7644799,424.084659,-424.084659,34.2488839,-94.8020392,716,UV
NOS,ID09,137.9249516,424.3066189,-424.3066189,34.4093556,-95.0239991,717,UV
NOS,ID09,137.6290414,424.6037509,-424.6037509,34.1134454,-95.3211311,718,UV
NOS,ID09,137.4492394,424.83979,-424.83979,33.9336434,-95.5571702,719,UV
NOS,ID09,137.2670588,425.2048398,-425.2048398,33.7514628,-95.92222,720,UV
NOS,ID09,136.9972017,425.3944713,-425.3944713,33.4816057,-96.1118515,721,UV
NOS,ID09,136.6905061,425.5569686,-425.5569686,33.1749101,-96.2743488,722,UV
NOS,ID09,136.4679831,425.7200331,-425.7200331,32.9523871,-96.4374133,723,UV
NOS,ID09,136.2739955,425.8712478,-425.8712478,32.7583995,-96.588628,724,UV
NOS,ID09,136.0658351,426.0862957,-426.0862957,32.5502391,-96.8036759,725,UV
NOS,ID09,135.8602246,426.2187665,-426.2187665,32.3446286,-96.9361467,726,UV
NOS,ID09,135.506863,426.4939306,-426.4939306,31.991267,-97.2113108,727,UV
NOS,ID09,135.3362475,426.6220053,-426.6220053,31.8206515,-97.3393855,728,UV
NOS,ID09,134.941327,426.7770948,-426.7770948,31.425731,-97.494475,729,UV
NOS,ID09,134.5718205,426.8104386,-426.8104386,31.0562245,-97.5278188,730,UV
NOS,ID09,134.3715482,426.8292126,-426.8292126,30.8559522,-97.5465928,731,UV
NOS,ID09,134.106233,426.9555408,-426.9555408,30.590637,-97.672921,732,UV
NOS,ID09,133.8516871,426.8933257,-426.8933257,30.3360911,-97.6107059,733,UV
NOS,ID09,133.5333282,426.9954985,-426.9954985,30.0177322,-97.7128787,734,UV
NOS,ID09,133.2731695,427.0574198,-427.0574198,29.7575735,-97.7748,735,UV
NOS,ID09,132.9772642,427.003348,-427.003348,29.4616682,-97.7207282,736,UV
NOS,ID09,132.5449499,426.9414208,-426.9414208,29.0293539,-97.658801,737,UV
NOS,ID09,132.3246453,427.0037236,-427.0037236,28.8090493,-97.7211038,738,UV
NOS,ID09,132.2855556,426.8383281,-426.8383281,28.7699596,-97.5557083,739,UV
NOS,ID09,131.9874923,426.8953996,-426.8953996,28.4718963,-97.6127798,740,UV
NOS,ID09,131.7347117,426.8243574,-426.8243574,28.2191157,-97.5417376,741,UV
NOS,ID09,131.5618209,426.7363002,-426.7363002,28.0462249,-97.4536804,742,UV
NOS,ID09,131.5460638,426.7328422,-426.7328422,28.0304678,-97.4502224,743,UV
NOS,ID09,131.2185697,426.5966552,-426.5966552,27.7029737,-97.3140354,744,UV
NOS,ID09,131.0813103,426.7984302,-426.7984302,27.5657143,-97.5158104,745,UV
NOS,ID09,130.9865434,426.9693558,-426.9693558,27.4709474,-97.686736,746,UV
NOS,ID09,130.9002317,427.1135317,-427.1135317,27.3846357,-97.8309119,747,UV
NOS,ID09,130.7522006,426.9490068,-426.9490068,27.2366046,-97.666387,748,UV
NOS,ID09,130.8432569,426.9161657,-426.9161657,27.3276609,-97.6335459,749,UV
